the	10000
of	9753
and	9608
to	9505
a	9425
in	9360
for	9305
is	9258
on	9216
that	9178
by	9144
this	9113
with	9084
i	9058
you	9033
it	9010
not	8989
or	8968
be	8949
are	8931
from	8913
at	8897
as	8881
your	8866
all	8851
have	8837
new	8823
more	8811
an	8798
was	8786
we	8774
will	8763
home	8752
can	8741
us	8731
about	8721
if	8711
page	8702
my	8692
has	8683
search	8674
free	8666
but	8657
our	8649
one	8641
other	8633
do	8626
no	8618
information	8611
time	8604
they	8596
site	8590
he	8583
up	8576
may	8570
what	8563
which	8557
their	8551
news	8544
out	8538
use	8533
any	8527
there	8521
see	8515
only	8510
so	8504
his	8499
when	8494
contact	8489
here	8483
business	8478
who	8473
web	8468
also	8464
now	8459
help	8454
get	8449
pm	8445
view	8440
online	8436
first	8431
am	8427
been	8423
would	8418
how	8414
were	8410
me	8406
services	8402
some	8398
these	8394
click	8390
its	8386
like	8382
service	8378
than	8374
find	8371
price	8367
date	8363
back	8360
top	8356
people	8353
had	8349
list	8346
name	8342
just	8339
over	8335
state	8332
year	8329
day	8325
into	8322
email	8319
two	8316
health	8312
world	8309
next	8306
used	8303
go	8300
work	8297
last	8294
most	8291
products	8288
music	8285
buy	8282
data	8279
make	8276
them	8274
should	8271
product	8268
system	8265
post	8262
her	8260
city	8257
add	8254
policy	8252
number	8249
such	8246
please	8244
available	8241
copyright	8239
support	8236
message	8233
after	8231
best	8228
software	8226
then	8223
jan	8221
good	8219
video	8216
well	8214
where	8211
info	8209
rights	8207
public	8204
books	8202
high	8200
school	8197
through	8195
each	8193
links	8191
she	8188
review	8186
years	8184
order	8182
very	8180
privacy	8177
book	8175
items	8173
company	8171
read	8169
group	8167
sex	8165
need	8163
many	8160
user	8158
said	8156
does	8154
set	8152
under	8150
general	8148
research	8146
university	8144
mail	8142
full	8140
map	8138
reviews	8137
program	8135
life	8133
know	8131
games	8129
way	8127
days	8125
management	8123
part	8121
could	8120
great	8118
united	8116
hotel	8114
real	8112
item	8110
international	8109
center	8107
must	8105
store	8103
travel	8102
comments	8100
made	8098
development	8096
report	8095
off	8093
member	8091
details	8090
line	8088
terms	8086
before	8085
hotels	8083
did	8081
send	8080
right	8078
type	8076
because	8075
local	8073
those	8071
using	8070
results	8068
office	8067
education	8065
national	8063
car	8062
design	8060
take	8059
posted	8057
internet	8056
address	8054
community	8053
within	8051
states	8050
area	8048
want	8047
phone	8045
dvd	8044
shipping	8042
reserved	8041
subject	8039
between	8038
forum	8036
family	8035
long	8033
based	8032
code	8030
show	8029
even	8028
black	8026
check	8025
special	8023
prices	8022
website	8021
being	8019
women	8018
much	8016
sign	8015
file	8014
link	8012
open	8011
today	8010
technology	8008
south	8007
case	8006
project	8004
same	8003
pages	8002
version	8000
section	7999
own	7998
found	7996
sports	7995
house	7994
related	7992
security	7991
both	7990
county	7989
photo	7987
game	7986
members	7985
power	7984
while	7982
care	7981
network	7980
down	7979
computer	7977
systems	7976
three	7975
total	7974
place	7972
end	7971
following	7970
download	7969
him	7968
without	7966
per	7965
access	7964
think	7963
north	7962
resources	7960
current	7959
posts	7958
big	7957
media	7956
law	7955
control	7953
water	7952
history	7951
pictures	7950
size	7949
art	7948
personal	7947
since	7945
including	7944
guide	7943
shop	7942
directory	7941
board	7940
location	7939
change	7938
white	7936
text	7935
small	7934
rating	7933
rate	7932
government	7931
children	7930
during	7929
return	7928
students	7927
shopping	7926
account	7925
times	7923
sites	7922
level	7921
digital	7920
profile	7919
previous	7918
form	7917
events	7916
love	7915
old	7914
john	7913
main	7912
call	7911
hours	7910
image	7909
department	7908
title	7907
description	7906
non	7905
insurance	7904
another	7903
why	7902
shall	7901
property	7900
class	7899
still	7898
money	7897
quality	7896
every	7895
listing	7894
content	7893
country	7892
private	7891
little	7890
visit	7889
save	7888
tools	7887
low	7886
reply	7885
customer	7884
compare	7883
movies	7882
include	7881
college	7880
value	7880
article	7879
man	7878
card	7877
jobs	7876
provide	7875
food	7874
source	7873
author	7872
different	7871
press	7870
learn	7869
sale	7868
around	7868
print	7867
course	7866
job	7865
process	7864
teen	7863
room	7862
stock	7861
training	7860
too	7859
credit	7859
point	7858
join	7857
science	7856
men	7855
categories	7854
advanced	7853
west	7852
sales	7852
look	7851
english	7850
left	7849
team	7848
estate	7847
box	7846
conditions	7846
select	7845
windows	7844
photos	7843
gay	7842
thread	7841
week	7840
category	7840
note	7839
live	7838
large	7837
gallery	7836
table	7835
register	7835
however	7834
market	7833
library	7832
really	7831
action	7830
start	7830
series	7829
model	7828
features	7827
air	7826
industry	7826
plan	7825
human	7824
provided	7823
tv	7822
yes	7822
required	7821
second	7820
hot	7819
accessories	7818
cost	7818
movie	7817
forums	7816
march	7815
better	7814
say	7814
questions	7813
going	7812
medical	7811
test	7811
friend	7810
come	7809
dec	7808
server	7807
pc	7807
study	7806
application	7805
cart	7804
staff	7804
articles	7803
san	7802
feedback	7801
again	7801
play	7800
looking	7799
issues	7798
never	7798
users	7797
complete	7796
street	7795
topic	7795
comment	7794
financial	7793
things	7792
working	7792
against	7791
standard	7790
tax	7790
person	7789
below	7788
mobile	7787
less	7787
got	7786
blog	7785
party	7784
payment	7784
equipment	7783
student	7782
let	7782
programs	7781
offers	7780
legal	7779
above	7779
recent	7778
park	7777
stores	7777
side	7776
act	7775
problem	7775
red	7774
give	7773
memory	7772
performance	7772
social	7771
august	7770
quote	7770
language	7769
story	7768
sell	7768
options	7767
experience	7766
rates	7766
create	7765
key	7764
body	7763
young	7763
important	7762
field	7761
few	7761
east	7760
paper	7759
single	7759
age	7758
activities	7757
club	7757
example	7756
girls	7755
additional	7755
password	7754
latest	7753
something	7753
road	7752
gift	7751
question	7751
changes	7750
night	7750
hard	7749
oct	7748
pay	7748
four	7747
poker	7746
status	7746
browse	7745
issue	7744
range	7744
building	7743
seller	7742
court	7742
always	7741
result	7741
audio	7740
light	7739
write	7739
war	7738
nov	7737
offer	7737
blue	7736
groups	7735
easy	7735
given	7734
files	7734
event	7733
release	7732
analysis	7732
request	7731
fax	7730
china	7730
making	7729
picture	7729
needs	7728
possible	7727
might	7727
professional	7726
yet	7726
month	7725
major	7724
star	7724
areas	7723
future	7723
space	7722
committee	7721
hand	7721
sun	7720
cards	7719
problems	7719
meeting	7718
rss	7718
become	7717
interest	7717
id	7716
child	7715
keep	7715
enter	7714
porn	7714
share	7713
similar	7712
garden	7712
schools	7711
million	7711
added	7710
reference	7709
companies	7709
listed	7708
baby	7708
learning	7707
energy	7707
run	7706
delivery	7705
popular	7705
term	7704
film	7704
stories	7703
put	7703
computers	7702
journal	7701
reports	7701
try	7700
welcome	7700
central	7699
images	7699
president	7698
notice	7697
god	7697
original	7696
head	7696
radio	7695
until	7695
cell	7694
color	7693
self	7693
council	7692
away	7692
includes	7691
track	7691
discussion	7690
archive	7690
once	7689
others	7688
entertainment	7688
agreement	7687
format	7687
least	7686
society	7686
months	7685
log	7685
safety	7684
friends	7684
sure	7683
trade	7682
edition	7682
cars	7681
messages	7681
marketing	7680
tell	7680
further	7679
updated	7679
association	7678
able	7678
having	7677
provides	7677
fun	7676
already	7676
green	7675
studies	7674
close	7674
common	7673
drive	7673
specific	7672
several	7672
gold	7671
feb	7671
living	7670
sep	7670
collection	7669
called	7669
short	7668
arts	7668
lot	7667
ask	7667
display	7666
limited	7666
powered	7665
solutions	7665
means	7664
director	7664
daily	7663
beach	7663
past	7662
natural	7661
whether	7661
due	7660
electronics	7660
five	7659
upon	7659
period	7658
planning	7658
database	7657
says	7657
official	7656
weather	7656
mar	7655
land	7655
average	7654
done	7654
technical	7653
window	7653
pro	7652
region	7652
island	7651
record	7651
direct	7650
conference	7650
environment	7649
records	7649
district	7648
calendar	7648
costs	7647
style	7647
front	7647
statement	7646
update	7646
parts	7645
aug	7645
ever	7644
downloads	7644
early	7643
miles	7643
sound	7642
resource	7642
present	7641
applications	7641
either	7640
ago	7640
document	7639
word	7639
works	7638
material	7638
bill	7637
apr	7637
written	7636
talk	7636
federal	7635
hosting	7635
rules	7634
final	7634
adult	7634
tickets	7633
thing	7633
centre	7632
requirements	7632
via	7631
cheap	7631
nude	7630
kids	7630
finance	7629
true	7629
minutes	7628
else	7628
mark	7627
third	7627
rock	7627
gifts	7626
reading	7626
topics	7625
bad	7625
individual	7624
tips	7624
plus	7623
auto	7623
cover	7622
usually	7622
edit	7621
together	7621
videos	7621
percent	7620
fast	7620
function	7619
fact	7619
unit	7618
getting	7618
global	7617
tech	7617
meet	7617
far	7616
economic	7616
player	7615
projects	7615
lyrics	7614
often	7614
subscribe	7613
submit	7613
amount	7612
watch	7612
included	7612
feel	7611
though	7611
bank	7610
risk	7610
thanks	7609
everything	7609
deals	7609
various	7608
words	7608
linux	7607
jul	7607
production	7606
commercial	7606
weight	7605
town	7605
heart	7605
advertising	7604
received	7604
choose	7603
treatment	7603
newsletter	7602
archives	7602
points	7602
knowledge	7601
magazine	7601
error	7600
camera	7600
jun	7599
girl	7599
currently	7599
construction	7598
toys	7598
registered	7597
clear	7597
golf	7596
receive	7596
domain	7596
methods	7595
chapter	7595
makes	7594
protection	7594
policies	7593
loan	7593
wide	7593
beauty	7592
manager	7592
position	7591
taken	7591
sort	7591
listings	7590
models	7590
known	7589
half	7589
cases	7588
step	7588
engineering	7588
simple	7587
quick	7587
none	7586
wireless	7586
license	7586
lake	7585
whole	7585
annual	7584
published	7584
later	7583
basic	7583
shows	7583
corporate	7582
church	7582
method	7581
purchase	7581
customers	7581
active	7580
response	7580
practice	7579
hardware	7579
figure	7579
materials	7578
fire	7578
holiday	7577
chat	7577
enough	7577
designed	7576
along	7576
among	7575
death	7575
writing	7575
speed	7574
countries	7574
loss	7573
face	7573
brand	7573
discount	7572
higher	7572
effects	7571
created	7571
remember	7571
standards	7570
oil	7570
bit	7569
yellow	7569
political	7569
increase	7568
advertise	7568
kingdom	7567
base	7567
near	7567
environmental	7566
thought	7566
stuff	7565
french	7565
storage	7565
oh	7564
japan	7564
doing	7564
loans	7563
shoes	7563
entry	7562
stay	7562
nature	7562
orders	7561
availability	7561
summary	7560
turn	7560
mean	7560
growth	7559
notes	7559
agency	7559
king	7558
activity	7558
copy	7557
although	7557
drug	7557
pics	7556
western	7556
income	7555
force	7555
cash	7555
employment	7554
overall	7554
bay	7554
river	7553
commission	7553
package	7552
contents	7552
seen	7552
players	7551
engine	7551
port	7551
album	7550
regional	7550
stop	7549
supplies	7549
started	7549
administration	7548
bar	7548
institute	7548
views	7547
plans	7547
double	7547
dog	7546
build	7546
screen	7545
exchange	7545
types	7545
soon	7544
sponsored	7544
lines	7544
electronic	7543
continue	7543
across	7542
benefits	7542
needed	7542
season	7541
apply	7541
someone	7541
held	7540
anything	7540
printer	7540
condition	7539
effective	7539
believe	7538
organization	7538
effect	7538
asked	7537
mind	7537
selection	7537
casino	7536
lost	7536
tour	7536
menu	7535
volume	7535
cross	7535
anyone	7534
mortgage	7534
hope	7533
silver	7533
corporation	7533
wish	7532
inside	7532
solution	7532
mature	7531
role	7531
rather	7531
weeks	7530
addition	7530
came	7530
supply	7529
nothing	7529
certain	7528
usr	7528
executive	7528
running	7527
lower	7527
necessary	7527
union	7526
jewelry	7526
according	7526
clothing	7525
particular	7525
fine	7525
names	7524
hour	7524
gas	7524
skills	7523
six	7523
bush	7523
islands	7522
advice	7522
career	7522
military	7521
rental	7521
decision	7521
leave	7520
teens	7520
pre	7519
huge	7519
sat	7519
woman	7518
facilities	7518
bid	7518
kind	7517
sellers	7517
middle	7517
move	7516
cable	7516
opportunities	7516
taking	7515
values	7515
division	7515
coming	7514
object	7514
lesbian	7514
appropriate	7513
machine	7513
logo	7513
length	7512
actually	7512
nice	7512
score	7511
statistics	7511
client	7511
ok	7510
returns	7510
capital	7510
follow	7509
sample	7509
investment	7509
sent	7508
shown	7508
culture	7508
band	7507
flash	7507
ms	7507
lead	7506
choice	7506
went	7506
starting	7505
registration	7505
courses	7505
consumer	7504
hi	7504
airport	7504
foreign	7503
artist	7503
outside	7503
furniture	7502
levels	7502
channel	7502
letter	7501
mode	7501
phones	7501
ideas	7500
structure	7500
fund	7500
summer	7499
allow	7499
degree	7499
contract	7499
button	7498
releases	7498
wed	7498
homes	7497
super	7497
male	7497
matter	7496
custom	7496
almost	7496
took	7495
located	7495
multiple	7495
asian	7494
distribution	7494
editor	7494
inn	7493
industrial	7493
cause	7493
potential	7492
song	7492
cnet	7492
ltd	7491
focus	7491
late	7491
fall	7491
featured	7490
idea	7490
rooms	7490
female	7489
responsible	7489
inc	7489
communications	7488
win	7488
associated	7488
primary	7487
cancer	7487
numbers	7487
reason	7486
tool	7486
browser	7486
spring	7486
foundation	7485
answer	7485
voice	7485
eg	7484
friendly	7484
schedule	7484
documents	7483
communication	7483
purpose	7483
feature	7482
bed	7482
comes	7482
police	7481
everyone	7481
independent	7481
approach	7481
cameras	7480
brown	7480
physical	7480
operating	7479
hill	7479
maps	7479
medicine	7478
deal	7478
hold	7478
ratings	7478
forms	7477
glass	7477
happy	7477
smith	7476
wanted	7476
developed	7476
thank	7475
safe	7475
unique	7475
survey	7474
prior	7474
telephone	7474
sport	7474
ready	7473
feed	7473
animal	7473
sources	7472
population	7472
regular	7472
secure	7471
navigation	7471
operations	7471
therefore	7471
ass	7470
simply	7470
evidence	7470
station	7469
christian	7469
round	7469
favorite	7468
understand	7468
option	7468
master	7468
valley	7467
recently	7467
probably	7467
rentals	7466
sea	7466
built	7466
publications	7466
blood	7465
cut	7465
worldwide	7465
improve	7464
connection	7464
publisher	7464
hall	7463
larger	7463
anti	7463
networks	7463
earth	7462
parents	7462
impact	7462
transfer	7461
introduction	7461
kitchen	7461
strong	7461
tel	7460
wedding	7460
properties	7460
hospital	7459
ground	7459
overview	7459
ship	7459
accommodation	7458
owners	7458
disease	7458
excellent	7457
paid	7457
perfect	7457
hair	7457
opportunity	7456
kit	7456
classic	7456
basis	7455
command	7455
cities	7455
express	7455
anal	7454
award	7454
distance	7454
tree	7453
peter	7453
assessment	7453
ensure	7453
thus	7452
wall	7452
ie	7452
involved	7451
extra	7451
especially	7451
interface	7451
partners	7450
budget	7450
rated	7450
guides	7449
success	7449
maximum	7449
operation	7449
existing	7448
quite	7448
selected	7448
boy	7447
patients	7447
restaurants	7447
beautiful	7447
warning	7446
wine	7446
locations	7446
horse	7445
vote	7445
forward	7445
flowers	7445
stars	7444
significant	7444
lists	7444
technologies	7444
owner	7443
retail	7443
animals	7443
useful	7442
directly	7442
manufacturer	7442
ways	7442
son	7441
providing	7441
rule	7441
mac	7441
housing	7440
takes	7440
iii	7440
bring	7439
catalog	7439
searches	7439
max	7439
trying	7438
mother	7438
authority	7438
considered	7438
told	7437
traffic	7437
joined	7437
input	7436
strategy	7436
feet	7436
agent	7436
valid	7435
bin	7435
modern	7435
senior	7435
sexy	7434
teaching	7434
door	7434
grand	7433
testing	7433
trial	7433
charge	7433
units	7432
instead	7432
cool	7432
normal	7432
wrote	7431
enterprise	7431
ships	7431
entire	7430
educational	7430
leading	7430
metal	7430
positive	7429
fitness	7429
opinion	7429
football	7429
abstract	7428
uses	7428
output	7428
funds	7428
mr	7427
greater	7427
likely	7427
develop	7427
employees	7426
artists	7426
alternative	7426
processing	7425
responsibility	7425
resolution	7425
java	7425
guest	7424
seems	7424
publication	7424
pass	7424
relations	7423
trust	7423
van	7423
contains	7423
session	7422
multi	7422
photography	7422
republic	7422
fees	7421
components	7421
vacation	7421
century	7420
academic	7420
assistance	7420
completed	7420
skin	7419
graphics	7419
prev	7419
ads	7419
expected	7418
ring	7418
grade	7418
dating	7418
pacific	7417
mountain	7417
organizations	7417
pop	7417
filter	7416
mailing	7416
vehicle	7416
longer	7416
consider	7415
int	7415
northern	7415
behind	7415
panel	7414
floor	7414
german	7414
buying	7414
match	7413
proposed	7413
default	7413
require	7413
boys	7412
outdoor	7412
deep	7412
morning	7412
otherwise	7411
allows	7411
rest	7411
protein	7411
plant	7410
reported	7410
hit	7410
transportation	7409
mm	7409
pool	7409
mini	7409
politics	7408
partner	7408
disclaimer	7408
authors	7408
boards	7407
faculty	7407
parties	7407
fish	7407
membership	7406
mission	7406
eye	7406
string	7406
sense	7405
modified	7405
pack	7405
released	7405
stage	7404
internal	7404
goods	7404
recommended	7404
born	7404
unless	7403
detailed	7403
race	7403
approved	7403
background	7402
target	7402
except	7402
character	7402
usb	7401
maintenance	7401
ability	7401
maybe	7401
functions	7400
moving	7400
brands	7400
places	7400
pretty	7399
trademarks	7399
phentermine	7399
southern	7399
yourself	7398
etc	7398
winter	7398
rape	7398
battery	7397
youth	7397
pressure	7397
submitted	7397
incest	7396
debt	7396
keywords	7396
medium	7396
television	7395
interested	7395
core	7395
break	7395
purposes	7394
throughout	7394
sets	7394
dance	7394
wood	7393
itself	7393
defined	7393
papers	7393
playing	7393
awards	7392
fee	7392
studio	7392
reader	7392
virtual	7391
device	7391
established	7391
answers	7391
rent	7390
remote	7390
dark	7390
programming	7390
external	7389
apple	7389
regarding	7389
instructions	7389
min	7388
offered	7388
theory	7388
enjoy	7388
remove	7388
aid	7387
surface	7387
minimum	7387
visual	7387
host	7386
variety	7386
teachers	7386
martin	7386
manual	7385
block	7385
subjects	7385
agents	7385
increased	7384
repair	7384
fair	7384
civil	7384
steel	7384
understanding	7383
songs	7383
fixed	7383
wrong	7383
beginning	7382
hands	7382
associates	7382
finally	7382
updates	7381
desktop	7381
classes	7381
gets	7381
sector	7380
capacity	7380
requires	7380
jersey	7380
fat	7380
fully	7379
father	7379
electric	7379
saw	7379
instruments	7378
quotes	7378
officer	7378
driver	7378
businesses	7377
dead	7377
respect	7377
unknown	7377
specified	7377
restaurant	7376
mike	7376
trip	7376
pst	7376
worth	7375
procedures	7375
poor	7375
teacher	7375
eyes	7375
relationship	7374
workers	7374
farm	7374
peace	7374
traditional	7373
campus	7373
tom	7373
showing	7373
creative	7372
coast	7372
benefit	7372
progress	7372
funding	7372
devices	7371
lord	7371
grant	7371
sub	7371
agree	7370
fiction	7370
hear	7370
sometimes	7370
watches	7370
careers	7369
beyond	7369
goes	7369
families	7369
led	7368
museum	7368
themselves	7368
fan	7368
transport	7368
interesting	7367
blogs	7367
wife	7367
evaluation	7367
accepted	7366
former	7366
implementation	7366
ten	7366
hits	7365
zone	7365
complex	7365
cat	7365
galleries	7365
references	7364
die	7364
presented	7364
jack	7364
flat	7363
flow	7363
agencies	7363
literature	7363
respective	7363
parent	7362
setting	7362
scale	7362
stand	7362
economy	7362
highest	7361
helpful	7361
monthly	7361
critical	7361
frame	7360
musical	7360
definition	7360
secretary	7360
networking	7360
path	7359
employee	7359
chief	7359
gives	7359
bottom	7358
magazines	7358
packages	7358
detail	7358
laws	7358
changed	7357
pet	7357
heard	7357
begin	7357
individuals	7356
royal	7356
clean	7356
switch	7356
largest	7356
guy	7355
titles	7355
relevant	7355
guidelines	7355
justice	7355
connect	7354
bible	7354
dev	7354
cup	7354
basket	7353
applied	7353
weekly	7353
vol	7353
installation	7353
described	7352
demand	7352
suite	7352
square	7352
attention	7352
advance	7351
skip	7351
diet	7351
army	7351
auction	7350
gear	7350
lee	7350
difference	7350
allowed	7350
correct	7349
nation	7349
selling	7349
lots	7349
piece	7349
sheet	7348
firm	7348
seven	7348
older	7348
regulations	7347
elements	7347
species	7347
jump	7347
cells	7347
module	7346
resort	7346
facility	7346
random	7346
pricing	7346
certificate	7345
minister	7345
motion	7345
looks	7345
fashion	7345
directions	7344
visitors	7344
documentation	7344
monitor	7344
trading	7343
forest	7343
calls	7343
whose	7343
coverage	7343
couple	7342
giving	7342
chance	7342
vision	7342
ball	7342
ending	7341
clients	7341
actions	7341
listen	7341
discuss	7341
accept	7340
automotive	7340
naked	7340
goal	7340
successful	7340
sold	7339
wind	7339
communities	7339
clinical	7339
situation	7339
sciences	7338
markets	7338
lowest	7338
highly	7338
publishing	7337
appear	7337
emergency	7337
developing	7337
lives	7337
currency	7336
leather	7336
determine	7336
milf	7336
temperature	7336
palm	7335
announcements	7335
patient	7335
actual	7335
historical	7335
stone	7334
bob	7334
commerce	7334
ringtones	7334
perhaps	7334
persons	7333
difficult	7333
scientific	7333
satellite	7333
fit	7333
tests	7332
village	7332
accounts	7332
amateur	7332
ex	7332
met	7331
pain	7331
xbox	7331
particularly	7331
factors	7331
coffee	7330
settings	7330
buyer	7330
cultural	7330
easily	7330
oral	7329
ford	7329
poster	7329
edge	7329
functional	7329
root	7328
closed	7328
holidays	7328
ice	7328
pink	7328
balance	7327
monitoring	7327
graduate	7327
replies	7327
shot	7327
architecture	7326
initial	7326
label	7326
thinking	7326
llc	7326
sec	7325
recommend	7325
canon	7325
hardcore	7325
league	7325
waste	7324
minute	7324
bus	7324
provider	7324
optional	7324
dictionary	7323
cold	7323
accounting	7323
manufacturing	7323
sections	7323
chair	7322
fishing	7322
effort	7322
phase	7322
fields	7322
bag	7321
fantasy	7321
letters	7321
motor	7321
professor	7321
context	7320
install	7320
shirt	7320
apparel	7320
generally	7320
continued	7319
foot	7319
mass	7319
crime	7319
count	7319
breast	7318
techniques	7318
quickly	7318
dollars	7318
websites	7318
religion	7317
claim	7317
driving	7317
permission	7317
surgery	7317
patch	7316
heat	7316
wild	7316
measures	7316
generation	7316
miss	7316
chemical	7315
doctor	7315
task	7315
reduce	7315
brought	7315
himself	7314
nor	7314
component	7314
enable	7314
exercise	7314
bug	7313
mid	7313
guarantee	7313
leader	7313
diamond	7313
processes	7312
soft	7312
servers	7312
alone	7312
meetings	7312
seconds	7311
jones	7311
keyword	7311
interests	7311
flight	7311
congress	7311
fuel	7310
username	7310
walk	7310
produced	7310
paperback	7310
classifieds	7309
wait	7309
supported	7309
pocket	7309
saint	7309
rose	7308
freedom	7308
argument	7308
competition	7308
creating	7308
drugs	7307
joint	7307
premium	7307
providers	7307
fresh	7307
characters	7307
attorney	7306
upgrade	7306
factor	7306
growing	7306
thousands	7306
km	7305
stream	7305
apartments	7305
pick	7305
hearing	7305
eastern	7304
auctions	7304
therapy	7304
entries	7304
dates	7304
generated	7304
signed	7303
upper	7303
administrative	7303
serious	7303
prime	7303
limit	7302
began	7302
steps	7302
errors	7302
shops	7302
bondage	7301
efforts	7301
informed	7301
thoughts	7301
creek	7301
ft	7301
worked	7300
quantity	7300
urban	7300
practices	7300
sorted	7300
reporting	7299
essential	7299
myself	7299
tours	7299
platform	7299
load	7299
affiliate	7298
labor	7298
immediately	7298
admin	7298
nursing	7298
defense	7297
machines	7297
designated	7297
tags	7297
heavy	7297
covered	7297
recovery	7296
joe	7296
guys	7296
integrated	7296
configuration	7296
merchant	7295
comprehensive	7295
expert	7295
universal	7295
protect	7295
drop	7294
solid	7294
cds	7294
presentation	7294
languages	7294
became	7294
orange	7293
compliance	7293
vehicles	7293
prevent	7293
theme	7293
rich	7292
campaign	7292
marine	7292
improvement	7292
vs	7292
guitar	7292
finding	7291
examples	7291
saying	7291
spirit	7291
claims	7291
challenge	7291
acceptance	7290
strategies	7290
seem	7290
affairs	7290
touch	7290
intended	7289
towards	7289
goals	7289
hire	7289
election	7289
suggest	7289
branch	7288
charges	7288
serve	7288
affiliates	7288
reasons	7288
magic	7287
mount	7287
smart	7287
talking	7287
gave	7287
ones	7287
latin	7286
multimedia	7286
avoid	7286
certified	7286
manage	7286
corner	7285
rank	7285
computing	7285
element	7285
birth	7285
virus	7285
abuse	7284
interactive	7284
requests	7284
separate	7284
quarter	7284
procedure	7284
leadership	7283
tables	7283
define	7283
racing	7283
religious	7283
facts	7282
breakfast	7282
kong	7282
column	7282
plants	7282
faith	7282
chain	7281
developer	7281
identify	7281
avenue	7281
missing	7281
died	7281
approximately	7280
domestic	7280
recommendations	7280
moved	7280
reach	7280
comparison	7279
mental	7279
viewed	7279
moment	7279
extended	7279
sequence	7279
inch	7278
attack	7278
sorry	7278
centers	7278
opening	7278
damage	7278
lab	7277
reserve	7277
recipes	7277
cvs	7277
gamma	7277
plastic	7277
produce	7276
snow	7276
placed	7276
truth	7276
counter	7276
failure	7275
follows	7275
weekend	7275
dollar	7275
camp	7275
automatically	7275
films	7274
bridge	7274
native	7274
fill	7274
movement	7274
printing	7274
baseball	7273
owned	7273
approval	7273
draft	7273
chart	7273
played	7273
contacts	7272
readers	7272
clubs	7272
lcd	7272
equal	7272
adventure	7272
matching	7271
offering	7271
shirts	7271
profit	7271
leaders	7271
posters	7271
institutions	7270
assistant	7270
variable	7270
ave	7270
advertisement	7270
expect	7269
parking	7269
headlines	7269
yesterday	7269
compared	7269
determined	7269
wholesale	7268
workshop	7268
gone	7268
codes	7268
kinds	7268
extension	7268
statements	7267
golden	7267
completely	7267
teams	7267
fort	7267
cm	7267
lighting	7266
senate	7266
forces	7266
funny	7266
brother	7266
gene	7266
turned	7265
portable	7265
tried	7265
electrical	7265
applicable	7265
disc	7265
returned	7264
pattern	7264
hentai	7264
boat	7264
named	7264
theatre	7264
laser	7263
earlier	7263
manufacturers	7263
sponsor	7263
classical	7263
icon	7263
warranty	7262
dedicated	7262
direction	7262
harry	7262
basketball	7262
objects	7262
ends	7261
delete	7261
evening	7261
assembly	7261
nuclear	7261
taxes	7261
mouse	7260
signal	7260
criminal	7260
issued	7260
brain	7260
sexual	7260
powerful	7259
dream	7259
obtained	7259
false	7259
cast	7259
flower	7259
felt	7258
personnel	7258
passed	7258
supplied	7258
identified	7258
falls	7258
pic	7257
soul	7257
aids	7257
opinions	7257
promote	7257
stated	7257
stats	7256
professionals	7256
appears	7256
carry	7256
flag	7256
decided	7256
covers	7255
advantage	7255
hello	7255
designs	7255
maintain	7255
tourism	7255
priority	7254
newsletters	7254
adults	7254
clips	7254
savings	7254
graphic	7254
atom	7254
payments	7253
estimated	7253
binding	7253
brief	7253
ended	7253
winning	7253
eight	7252
anonymous	7252
iron	7252
straight	7252
script	7252
served	7252
wants	7251
miscellaneous	7251
prepared	7251
void	7251
dining	7251
alert	7251
integration	7250
tag	7250
interview	7250
mix	7250
framework	7250
disk	7250
installed	7249
queen	7249
credits	7249
clearly	7249
fix	7249
handle	7249
sweet	7249
desk	7248
criteria	7248
dave	7248
hong	7248
vice	7248
associate	7248
truck	7247
behavior	7247
enlarge	7247
ray	7247
frequently	7247
revenue	7247
measure	7246
changing	7246
votes	7246
duty	7246
looked	7246
discussions	7246
bear	7245
gain	7245
festival	7245
laboratory	7245
ocean	7245
flights	7245
experts	7245
signs	7244
lack	7244
depth	7244
whatever	7244
logged	7244
laptop	7244
vintage	7243
train	7243
exactly	7243
dry	7243
explore	7243
spa	7243
concept	7242
nearly	7242
eligible	7242
checkout	7242
reality	7242
forgot	7242
handling	7242
origin	7241
knew	7241
gaming	7241
feeds	7241
billion	7241
destination	7241
faster	7240
intelligence	7240
bought	7240
ups	7240
nations	7240
route	7240
followed	7239
specifications	7239
broken	7239
frank	7239
zoom	7239
blow	7239
battle	7239
residential	7238
anime	7238
speak	7238
decisions	7238
industries	7238
protocol	7238
query	7237
clip	7237
partnership	7237
editorial	7237
expression	7237
equity	7237
provisions	7237
speech	7236
wire	7236
principles	7236
suggestions	7236
rural	7236
shared	7236
sounds	7235
replacement	7235
tape	7235
strategic	7235
judge	7235
spam	7235
economics	7235
acid	7234
bytes	7234
cent	7234
forced	7234
compatible	7234
fight	7234
apartment	7233
height	7233
null	7233
zero	7233
speaker	7233
filed	7233
obtain	7233
consulting	7232
recreation	7232
offices	7232
designer	7232
remain	7232
managed	7232
failed	7231
marriage	7231
roll	7231
banks	7231
participants	7231
secret	7231
bath	7231
leads	7230
negative	7230
favorites	7230
theater	7230
springs	7230
var	7230
perform	7229
healthy	7229
translation	7229
estimates	7229
font	7229
assets	7229
injury	7229
ministry	7228
drivers	7228
lawyer	7228
figures	7228
married	7228
protected	7228
proposal	7227
sharing	7227
portal	7227
waiting	7227
birthday	7227
beta	7227
fail	7227
gratis	7226
banking	7226
officials	7226
toward	7226
won	7226
slightly	7226
assist	7226
conduct	7225
contained	7225
lingerie	7225
legislation	7225
calling	7225
parameters	7225
jazz	7224
serving	7224
bags	7224
profiles	7224
comics	7224
matters	7224
houses	7224
doc	7223
postal	7223
relationships	7223
wear	7223
controls	7223
breaking	7223
combined	7223
ultimate	7222
wales	7222
representative	7222
frequency	7222
introduced	7222
minor	7222
finish	7222
departments	7221
residents	7221
noted	7221
displayed	7221
mom	7221
reduced	7221
physics	7220
rare	7220
spent	7220
performed	7220
extreme	7220
samples	7220
bars	7220
reviewed	7219
row	7219
oz	7219
forecast	7219
removed	7219
helps	7219
singles	7219
administrator	7218
cycle	7218
amounts	7218
contain	7218
accuracy	7218
dual	7218
rise	7218
sleep	7217
mg	7217
bird	7217
pharmacy	7217
brazil	7217
creation	7217
static	7216
scene	7216
hunter	7216
addresses	7216
lady	7216
crystal	7216
famous	7216
writer	7215
chairman	7215
violence	7215
fans	7215
speakers	7215
drink	7215
academy	7215
dynamic	7214
gender	7214
eat	7214
permanent	7214
agriculture	7214
dell	7214
cleaning	7214
constitutes	7213
portfolio	7213
practical	7213
delivered	7213
collectibles	7213
infrastructure	7213
exclusive	7213
seat	7212
concerns	7212
vendor	7212
originally	7212
intel	7212
utilities	7212
philosophy	7212
regulation	7211
officers	7211
reduction	7211
aim	7211
bids	7211
referred	7211
supports	7211
nutrition	7210
recording	7210
regions	7210
junior	7210
toll	7210
cape	7210
rings	7210
meaning	7209
tip	7209
secondary	7209
wonderful	7209
mine	7209
ladies	7209
henry	7209
ticket	7208
announced	7208
guess	7208
agreed	7208
prevention	7208
whom	7208
ski	7208
soccer	7207
math	7207
import	7207
posting	7207
presence	7207
instant	7207
mentioned	7207
automatic	7206
healthcare	7206
viewing	7206
maintained	7206
increasing	7206
majority	7206
connected	7206
christ	7205
dan	7205
dogs	7205
directors	7205
aspects	7205
ahead	7205
moon	7205
participation	7204
scheme	7204
utility	7204
preview	7204
fly	7204
manner	7204
matrix	7204
containing	7203
combination	7203
amendment	7203
despite	7203
strength	7203
guaranteed	7203
turkey	7203
libraries	7202
proper	7202
distributed	7202
degrees	7202
enterprises	7202
delta	7202
fear	7202
seeking	7201
inches	7201
phoenix	7201
convention	7201
shares	7201
principal	7201
daughter	7201
standing	7200
voyeur	7200
comfort	7200
colors	7200
wars	7200
ordering	7200
kept	7200
alpha	7199
appeal	7199
cruise	7199
bonus	7199
certification	7199
previously	7199
hey	7199
bookmark	7198
buildings	7198
specials	7198
beat	7198
household	7198
batteries	7198
adobe	7198
smoking	7197
becomes	7197
drives	7197
arms	7197
tea	7197
improved	7197
trees	7197
achieve	7197
positions	7196
dress	7196
subscription	7196
dealer	7196
contemporary	7196
sky	7196
nearby	7196
rom	7195
carried	7195
happen	7195
exposure	7195
hide	7195
permalink	7195
signature	7195
gambling	7194
refer	7194
miller	7194
provision	7194
outdoors	7194
clothes	7194
caused	7194
luxury	7193
babes	7193
frames	7193
viagra	7193
certainly	7193
indeed	7193
newspaper	7193
toy	7193
circuit	7192
layer	7192
printed	7192
slow	7192
removal	7192
easier	7192
src	7192
liability	7191
trademark	7191
hip	7191
printers	7191
nine	7191
adding	7191
mostly	7191
spot	7190
trackback	7190
prints	7190
spend	7190
factory	7190
interior	7190
revised	7190
grow	7190
optical	7189
promotion	7189
relative	7189
amazing	7189
clock	7189
dot	7189
identity	7189
suites	7188
conversion	7188
feeling	7188
hidden	7188
reasonable	7188
serial	7188
relief	7188
revision	7187
broadband	7187
influence	7187
ratio	7187
importance	7187
rain	7187
onto	7187
planet	7187
copies	7186
recipe	7186
permit	7186
seeing	7186
proof	7186
diff	7186
tennis	7186
bass	7185
prescription	7185
bedroom	7185
empty	7185
instance	7185
hole	7185
pets	7185
ride	7185
licensed	7184
specifically	7184
bureau	7184
sql	7184
represent	7184
conservation	7184
pair	7184
ideal	7183
specs	7183
recorded	7183
don	7183
pieces	7183
finished	7183
parks	7183
dinner	7183
lawyers	7182
stress	7182
cream	7182
runs	7182
trends	7182
yeah	7182
discover	7182
patterns	7181
boxes	7181
hills	7181
javascript	7181
fourth	7181
advisor	7181
marketplace	7181
evil	7181
aware	7180
shape	7180
evolution	7180
certificates	7180
objectives	7180
stations	7180
suggested	7180
remains	7179
acc	7179
greatest	7179
firms	7179
concerned	7179
euro	7179
operator	7179
structures	7179
generic	7178
encyclopedia	7178
usage	7178
cap	7178
ink	7178
charts	7178
continuing	7178
mixed	7177
census	7177
interracial	7177
peak	7177
competitive	7177
exist	7177
wheel	7177
transit	7177
suppliers	7176
salt	7176
compact	7176
poetry	7176
lights	7176
tracking	7176
angel	7176
bell	7176
keeping	7175
preparation	7175
attempt	7175
receiving	7175
matches	7175
accordance	7175
width	7175
noise	7174
engines	7174
forget	7174
array	7174
discussed	7174
accurate	7174
climate	7174
reservations	7174
pin	7173
playstation	7173
alcohol	7173
greek	7173
instruction	7173
managing	7173
annotation	7173
sister	7173
raw	7172
differences	7172
walking	7172
explain	7172
smaller	7172
newest	7172
establish	7172
gnu	7172
happened	7171
expressed	7171
extent	7171
sharp	7171
lesbians	7171
ben	7171
lane	7171
paragraph	7170
kill	7170
mathematics	7170
compensation	7170
export	7170
managers	7170
aircraft	7170
modules	7170
conflict	7169
conducted	7169
versions	7169
employer	7169
occur	7169
percentage	7169
knows	7169
describe	7169
concern	7168
backup	7168
requested	7168
citizens	7168
heritage	7168
personals	7168
immediate	7168
holding	7168
trouble	7167
spread	7167
coach	7167
agricultural	7167
expand	7167
supporting	7167
audience	7167
assigned	7166
collections	7166
ages	7166
participate	7166
plug	7166
specialist	7166
cook	7166
affect	7166
virgin	7165
experienced	7165
investigation	7165
raised	7165
hat	7165
institution	7165
directed	7165
dealers	7165
searching	7164
sporting	7164
helping	7164
perl	7164
affected	7164
lib	7164
bike	7164
totally	7164
plate	7163
expenses	7163
indicate	7163
blonde	7163
proceedings	7163
transmission	7163
characteristics	7163
lose	7163
organic	7162
seek	7162
experiences	7162
albums	7162
cheats	7162
extremely	7162
contracts	7162
guests	7162
hosted	7161
diseases	7161
concerning	7161
developers	7161
equivalent	7161
chemistry	7161
tony	7161
neighborhood	7161
kits	7160
variables	7160
agenda	7160
anyway	7160
continues	7160
tracks	7160
advisory	7160
cam	7160
curriculum	7159
logic	7159
template	7159
prince	7159
circle	7159
soil	7159
grants	7159
anywhere	7159
psychology	7158
responses	7158
wet	7158
circumstances	7158
investor	7158
identification	7158
ram	7158
leaving	7158
wildlife	7157
appliances	7157
elementary	7157
cooking	7157
speaking	7157
sponsors	7157
fox	7157
unlimited	7157
respond	7156
sizes	7156
plain	7156
exit	7156
entered	7156
arm	7156
keys	7156
launch	7156
wave	7155
checking	7155
costa	7155
printable	7155
holy	7155
acts	7155
guidance	7155
mesh	7155
trail	7154
enforcement	7154
symbol	7154
crafts	7154
highway	7154
buddy	7154
hardcover	7154
observed	7154
dean	7153
setup	7153
poll	7153
booking	7153
glossary	7153
fiscal	7153
celebrity	7153
styles	7153
unix	7153
filled	7152
bond	7152
channels	7152
appendix	7152
notify	7152
blues	7152
chocolate	7152
pub	7152
portion	7151
scope	7151
supplier	7151
cables	7151
cotton	7151
bluetooth	7151
controlled	7151
requirement	7151
authorities	7150
biology	7150
dental	7150
killed	7150
border	7150
ancient	7150
debate	7150
representatives	7150
starts	7149
pregnancy	7149
causes	7149
biography	7149
leisure	7149
attractions	7149
learned	7149
transactions	7149
notebook	7148
explorer	7148
historic	7148
attached	7148
opened	7148
husband	7148
disabled	7148
authorized	7148
crazy	7148
upcoming	7147
concert	7147
retirement	7147
scores	7147
financing	7147
efficiency	7147
comedy	7147
adopted	7147
efficient	7146
weblog	7146
linear	7146
commitment	7146
specialty	7146
bears	7146
jean	7146
hop	7146
carrier	7145
edited	7145
constant	7145
visa	7145
mouth	7145
jewish	7145
meter	7145
linked	7145
interviews	7145
concepts	7144
gun	7144
reflect	7144
pure	7144
deliver	7144
wonder	7144
hell	7144
lessons	7144
fruit	7143
begins	7143
qualified	7143
reform	7143
lens	7143
alerts	7143
treated	7143
discovery	7143
draw	7142
mysql	7142
classified	7142
relating	7142
assume	7142
confidence	7142
alliance	7142
confirm	7142
warm	7142
neither	7141
lewis	7141
offline	7141
leaves	7141
engineer	7141
lifestyle	7141
consistent	7141
replace	7141
clearance	7140
connections	7140
inventory	7140
converter	7140
suck	7140
babe	7140
checks	7140
reached	7140
becoming	7140
safari	7139
objective	7139
indicated	7139
sugar	7139
crew	7139
legs	7139
sam	7139
stick	7139
securities	7138
relation	7138
enabled	7138
genre	7138
slide	7138
volunteer	7138
tested	7138
rear	7138
democratic	7138
enhance	7137
exact	7137
bound	7137
parameter	7137
adapter	7137
processor	7137
node	7137
formal	7137
dimensions	7136
contribute	7136
lock	7136
hockey	7136
storm	7136
micro	7136
colleges	7136
laptops	7136
mile	7136
showed	7135
challenges	7135
editors	7135
mens	7135
threads	7135
bowl	7135
supreme	7135
brothers	7135
recognition	7134
presents	7134
ref	7134
tank	7134
submission	7134
dolls	7134
estimate	7134
encourage	7134
navy	7134
kid	7133
regulatory	7133
inspection	7133
consumers	7133
cancel	7133
limits	7133
territory	7133
transaction	7133
weapons	7132
paint	7132
delay	7132
pilot	7132
outlet	7132
contributions	7132
continuous	7132
resulting	7132
initiative	7132
novel	7131
pan	7131
execution	7131
disability	7131
increases	7131
ultra	7131
winner	7131
contractor	7131
episode	7131
examination	7130
potter	7130
dish	7130
plays	7130
bulletin	7130
indicates	7130
modify	7130
oxford	7130
truly	7129
painting	7129
committed	7129
extensive	7129
affordable	7129
universe	7129
candidate	7129
databases	7129
patent	7129
slot	7128
outstanding	7128
ha	7128
eating	7128
perspective	7128
planned	7128
watching	7128
lodge	7128
messenger	7128
mirror	7127
tournament	7127
consideration	7127
discounts	7127
sterling	7127
sessions	7127
kernel	7127
stocks	7127
buyers	7127
journals	7126
gray	7126
catalogue	7126
charged	7126
broad	7126
chosen	7126
demo	7126
clark	7126
labour	7125
hate	7125
terminal	7125
publishers	7125
nights	7125
behalf	7125
liquid	7125
rice	7125
loop	7125
salary	7124
reservation	7124
foods	7124
gourmet	7124
guard	7124
properly	7124
saving	7124
remaining	7124
empire	7124
resume	7123
twenty	7123
newly	7123
raise	7123
prepare	7123
avatar	7123
depending	7123
illegal	7123
expansion	7123
vary	7122
hundreds	7122
helped	7122
premier	7122
tomorrow	7122
purchased	7122
milk	7122
decide	7122
consent	7122
drama	7121
visiting	7121
performing	7121
downtown	7121
keyboard	7121
contest	7121
collected	7121
bands	7121
boot	7121
suitable	7120
absolutely	7120
millions	7120
lunch	7120
dildo	7120
audit	7120
push	7120
chamber	7120
guinea	7120
findings	7119
muscle	7119
featuring	7119
iso	7119
implement	7119
clicking	7119
scheduled	7119
polls	7119
typical	7119
tower	7118
yours	7118
sum	7118
misc	7118
calculator	7118
significantly	7118
chicken	7118
temporary	7118
attend	7118
shower	7117
sending	7117
tonight	7117
dear	7117
sufficient	7117
shell	7117
province	7117
catholic	7117
oak	7117
vat	7116
awareness	7116
governor	7116
beer	7116
seemed	7116
contribution	7116
measurement	7116
swimming	7116
spyware	7116
formula	7115
constitution	7115
packaging	7115
solar	7115
catch	7115
reliable	7115
consultation	7115
northwest	7115
sir	7115
doubt	7114
earn	7114
finder	7114
unable	7114
periods	7114
classroom	7114
tasks	7114
democracy	7114
attacks	7114
wallpaper	7113
merchandise	7113
const	7113
resistance	7113
doors	7113
symptoms	7113
resorts	7113
biggest	7113
memorial	7113
visitor	7112
twin	7112
forth	7112
insert	7112
gateway	7112
alumni	7112
drawing	7112
candidates	7112
charlotte	7112
ordered	7111
biological	7111
fighting	7111
transition	7111
happens	7111
preferences	7111
spy	7111
romance	7111
instrument	7111
bruce	7110
split	7110
themes	7110
powers	7110
heaven	7110
bits	7110
pregnant	7110
twice	7110
classification	7110
focused	7109
physician	7109
bargain	7109
cellular	7109
asking	7109
blocks	7109
normally	7109
spiritual	7109
hunting	7109
diabetes	7109
suit	7108
shift	7108
chip	7108
res	7108
sit	7108
bodies	7108
photographs	7108
cutting	7108
wow	7108
writers	7107
marks	7107
flexible	7107
loved	7107
mapping	7107
numerous	7107
relatively	7107
birds	7107
satisfaction	7107
represents	7106
char	7106
indexed	7106
superior	7106
preferred	7106
saved	7106
paying	7106
cartoon	7106
shots	7106
intellectual	7105
granted	7105
choices	7105
carbon	7105
spending	7105
comfortable	7105
magnetic	7105
interaction	7105
listening	7105
effectively	7105
registry	7104
crisis	7104
outlook	7104
massive	7104
employed	7104
bright	7104
treat	7104
header	7104
poverty	7104
formed	7103
piano	7103
echo	7103
grid	7103
sheets	7103
experimental	7103
puerto	7103
revolution	7103
consolidation	7103
displays	7102
plasma	7102
allowing	7102
earnings	7102
mystery	7102
landscape	7102
dependent	7102
mechanical	7102
journey	7102
bidding	7102
consultants	7101
risks	7101
banner	7101
applicant	7101
charter	7101
fig	7101
cooperation	7101
counties	7101
acquisition	7101
ports	7100
implemented	7100
directories	7100
recognized	7100
dreams	7100
blogger	7100
notification	7100
kg	7100
licensing	7100
stands	7100
teach	7099
occurred	7099
textbooks	7099
rapid	7099
pull	7099
hairy	7099
diversity	7099
reverse	7099
deposit	7099
seminar	7098
investments	7098
nasa	7098
wheels	7098
specify	7098
accessibility	7098
dutch	7098
sensitive	7098
templates	7098
formats	7098
tab	7097
depends	7097
boots	7097
holds	7097
router	7097
concrete	7097
editing	7097
folder	7097
completion	7097
upload	7096
pulse	7096
universities	7096
technique	7096
contractors	7096
voting	7096
courts	7096
notices	7096
subscriptions	7096
calculate	7096
alexander	7095
broadcast	7095
converted	7095
metro	7095
anniversary	7095
improvements	7095
strip	7095
specification	7095
pearl	7095
accident	7094
nick	7094
accessible	7094
accessory	7094
resident	7094
plot	7094
qty	7094
possibly	7094
airline	7094
typically	7094
representation	7093
regard	7093
pump	7093
exists	7093
arrangements	7093
smooth	7093
conferences	7093
strike	7093
consumption	7093
flashing	7093
narrow	7092
afternoon	7092
threat	7092
surveys	7092
sitting	7092
putting	7092
consultant	7092
controller	7092
ownership	7092
committees	7091
penis	7091
legislative	7091
researchers	7091
trailer	7091
castle	7091
gardens	7091
missed	7091
unsubscribe	7091
antique	7091
labels	7090
willing	7090
bio	7090
molecular	7090
acting	7090
heads	7090
stored	7090
exam	7090
logos	7090
residence	7090
attorneys	7089
antiques	7089
density	7089
hundred	7089
operators	7089
strange	7089
sustainable	7089
statistical	7089
beds	7089
breasts	7089
mention	7088
innovation	7088
pcs	7088
employers	7088
grey	7088
parallel	7088
amended	7088
operate	7088
bills	7088
bold	7087
bathroom	7087
stable	7087
opera	7087
definitions	7087
doctors	7087
lesson	7087
cinema	7087
asset	7087
scan	7087
elections	7086
drinking	7086
reaction	7086
blank	7086
enhanced	7086
entitled	7086
severe	7086
generate	7086
stainless	7086
newspapers	7086
hospitals	7085
deluxe	7085
humor	7085
aged	7085
monitors	7085
exception	7085
lived	7085
duration	7085
bulk	7085
successfully	7085
pursuant	7084
sci	7084
fabric	7084
visits	7084
primarily	7084
tight	7084
domains	7084
capabilities	7084
contrast	7084
recommendation	7084
flying	7083
recruitment	7083
sin	7083
cute	7083
organized	7083
adoption	7083
improving	7083
expensive	7083
meant	7083
capture	7083
pounds	7082
buffalo	7082
plane	7082
explained	7082
seed	7082
desire	7082
expertise	7082
mechanism	7082
camping	7082
meets	7082
welfare	7081
peer	7081
caught	7081
eventually	7081
marked	7081
driven	7081
measured	7081
bottle	7081
agreements	7081
considering	7081
innovative	7080
massage	7080
rubber	7080
conclusion	7080
closing	7080
thousand	7080
meat	7080
legend	7080
grace	7080
ing	7080
python	7079
monster	7079
bang	7079
villa	7079
bone	7079
columns	7079
disorders	7079
bugs	7079
collaboration	7079
detection	7079
cookies	7078
inner	7078
formation	7078
tutorial	7078
med	7078
engineers	7078
entity	7078
cruises	7078
gate	7078
holder	7078
proposals	7077
moderator	7077
tutorials	7077
settlement	7077
roman	7077
duties	7077
valuable	7077
erotic	7077
tone	7077
collectables	7077
ethics	7076
forever	7076
dragon	7076
busy	7076
captain	7076
fantastic	7076
imagine	7076
brings	7076
heating	7076
leg	7076
neck	7075
wing	7075
governments	7075
purchasing	7075
scripts	7075
abc	7075
stereo	7075
appointed	7075
taste	7075
dealing	7075
commit	7074
tiny	7074
operational	7074
rail	7074
airlines	7074
liberal	7074
jay	7074
trips	7074
gap	7074
sides	7074
tube	7073
turns	7073
corresponding	7073
descriptions	7073
cache	7073
belt	7073
jacket	7073
determination	7073
animation	7073
oracle	7073
lease	7072
productions	7072
aviation	7072
hobbies	7072
proud	7072
excess	7072
disaster	7072
console	7072
commands	7072
telecommunications	7072
instructor	7072
giant	7071
achieved	7071
injuries	7071
shipped	7071
bestiality	7071
seats	7071
approaches	7071
biz	7071
alarm	7071
voltage	7071
usual	7070
loading	7070
stamps	7070
appeared	7070
franklin	7070
angle	7070
rob	7070
vinyl	7070
highlights	7070
mining	7070
designers	7069
ongoing	7069
worst	7069
imaging	7069
betting	7069
scientists	7069
liberty	7069
blackjack	7069
era	7069
convert	7069
possibility	7068
analyst	7068
commissioner	7068
dangerous	7068
garage	7068
exciting	7068
reliability	7068
thongs	7068
gcc	7068
unfortunately	7068
respectively	7068
volunteers	7067
attachment	7067
ringtone	7067
derived	7067
pleasure	7067
honor	7067
oriented	7067
eagle	7067
desktops	7067
pants	7067
nurse	7066
prayer	7066
appointment	7066
workshops	7066
hurricane	7066
quiet	7066
luck	7066
postage	7066
producer	7066
represented	7066
mortgages	7065
dial	7065
responsibilities	7065
cheese	7065
comic	7065
carefully	7065
jet	7065
productivity	7065
investors	7065
crown	7065
par	7065
underground	7064
diagnosis	7064
maker	7064
crack	7064
principle	7064
picks	7064
vacations	7064
gang	7064
semester	7064
calculated	7064
fetish	7063
applies	7063
casinos	7063
appearance	7063
smoke	7063
apache	7063
filters	7063
incorporated	7063
craft	7063
cake	7063
notebooks	7063
apart	7062
fellow	7062
blind	7062
lounge	7062
mad	7062
algorithm	7062
semi	7062
coins	7062
gross	7062
strongly	7062
cafe	7061
valentine	7061
ken	7061
proteins	7061
horror	7061
exp	7061
familiar	7061
capable	7061
till	7061
involving	7061
pen	7061
investing	7060
admission	7060
epson	7060
shoe	7060
elected	7060
carrying	7060
victory	7060
sand	7060
terrorism	7060
joy	7060
editions	7059
cpu	7059
mainly	7059
ethnic	7059
ran	7059
parliament	7059
actor	7059
finds	7059
seal	7059
situations	7059
fifth	7059
allocated	7058
citizen	7058
vertical	7058
corrections	7058
structural	7058
municipal	7058
describes	7058
prize	7058
occurs	7058
absolute	7058
disabilities	7058
consists	7057
anytime	7057
substance	7057
prohibited	7057
addressed	7057
lies	7057
pipe	7057
soldiers	7057
guardian	7057
lecture	7057
simulation	7056
layout	7056
initiatives	7056
ill	7056
concentration	7056
classics	7056
lay	7056
interpretation	7056
horses	7056
lol	7056
dirty	7056
deck	7055
donate	7055
taught	7055
bankruptcy	7055
worker	7055
optimization	7055
alive	7055
temple	7055
substances	7055
prove	7055
discovered	7055
wings	7054
breaks	7054
genetic	7054
restrictions	7054
participating	7054
waters	7054
promise	7054
thin	7054
exhibition	7054
prefer	7054
ridge	7054
cabinet	7053
modem	7053
harris	7053
mph	7053
bringing	7053
sick	7053
dose	7053
evaluate	7053
tiffany	7053
tropical	7053
collect	7052
bet	7052
composition	7052
streets	7052
nationwide	7052
vector	7052
definitely	7052
shaved	7052
turning	7052
buffer	7052
purple	7052
existence	7051
commentary	7051
limousines	7051
developments	7051
def	7051
immigration	7051
destinations	7051
lets	7051
mutual	7051
pipeline	7051
necessarily	7051
syntax	7050
attribute	7050
prison	7050
skill	7050
chairs	7050
everyday	7050
apparently	7050
surrounding	7050
mountains	7050
moves	7050
popularity	7050
inquiry	7049
ethernet	7049
checked	7049
exhibit	7049
throw	7049
trend	7049
sierra	7049
visible	7049
cats	7049
desert	7049
ya	7049
oldest	7048
rhode	7048
busty	7048
coordinator	7048
obviously	7048
mercury	7048
handbook	7048
greg	7048
navigate	7048
worse	7048
summit	7048
victims	7047
spaces	7047
fundamental	7047
burning	7047
escape	7047
coupons	7047
somewhat	7047
receiver	7047
substantial	7047
progressive	7047
boats	7047
glance	7046
championship	7046
arcade	7046
impossible	7046
tells	7046
obvious	7046
fiber	7046
depression	7046
graph	7046
covering	7046
platinum	7046
judgment	7045
bedrooms	7045
talks	7045
filing	7045
foster	7045
modeling	7045
passing	7045
awarded	7045
testimonials	7045
trials	7045
tissue	7045
memorabilia	7044
masters	7044
bonds	7044
cartridge	7044
explanation	7044
folk	7044
commons	7044
subsection	7044
fraud	7044
electricity	7044
permitted	7044
spectrum	7043
arrival	7043
okay	7043
pottery	7043
emphasis	7043
roger	7043
aspect	7043
workplace	7043
awesome	7043
confirmed	7043
counts	7043
priced	7042
wallpapers	7042
hist	7042
crash	7042
lift	7042
desired	7042
inter	7042
closer	7042
assumes	7042
heights	7042
shadow	7042
riding	7041
infection	7041
expense	7041
grove	7041
eligibility	7041
venture	7041
clinic	7041
healing	7041
princess	7041
mall	7041
entering	7041
packet	7040
spray	7040
studios	7040
involvement	7040
dad	7040
buttons	7040
placement	7040
observations	7040
funded	7040
winners	7040
extend	7040
roads	7039
subsequent	7039
pat	7039
rolling	7039
fell	7039
motorcycle	7039
yard	7039
disclosure	7039
establishment	7039
memories	7039
nelson	7039
arrived	7039
creates	7038
faces	7038
tourist	7038
mayor	7038
murder	7038
adequate	7038
senator	7038
yield	7038
presentations	7038
grades	7038
cartoons	7038
pour	7037
digest	7037
reg	7037
lodging	7037
dust	7037
hence	7037
wiki	7037
entirely	7037
replaced	7037
radar	7037
rescue	7037
undergraduate	7036
losses	7036
combat	7036
reducing	7036
stopped	7036
occupation	7036
lakes	7036
butt	7036
donations	7036
associations	7036
closely	7036
radiation	7035
diary	7035
seriously	7035
kings	7035
shooting	7035
adds	7035
ear	7035
flags	7035
baker	7035
launched	7035
elsewhere	7035
pollution	7035
conservative	7034
guestbook	7034
shock	7034
effectiveness	7034
walls	7034
abroad	7034
ebony	7034
tie	7034
ward	7034
drawn	7034
visited	7034
roof	7033
walker	7033
demonstrate	7033
atmosphere	7033
suggests	7033
kiss	7033
beast	7033
operated	7033
experiment	7033
targets	7033
overseas	7033
purchases	7032
dodge	7032
counsel	7032
federation	7032
pizza	7032
invited	7032
yards	7032
assignment	7032
chemicals	7032
gordon	7032
mod	7032
farmers	7032
queries	7031
rush	7031
absence	7031
nearest	7031
cluster	7031
vendors	7031
mpeg	7031
whereas	7031
yoga	7031
serves	7031
woods	7031
surprise	7030
lamp	7030
rico	7030
partial	7030
shoppers	7030
everybody	7030
couples	7030
ranking	7030
jokes	7030
sublime	7030
counseling	7030
palace	7030
acceptable	7029
satisfied	7029
glad	7029
wins	7029
measurements	7029
verify	7029
globe	7029
trusted	7029
copper	7029
rack	7029
medication	7029
warehouse	7028
shareware	7028
rep	7028
receipt	7028
supposed	7028
ordinary	7028
nobody	7028
ghost	7028
violation	7028
configure	7028
stability	7028
applying	7028
southwest	7027
boss	7027
pride	7027
institutional	7027
expectations	7027
independence	7027
knowing	7027
reporter	7027
metabolism	7027
champion	7027
cloudy	7027
ross	7027
personally	7026
chile	7026
plenty	7026
solo	7026
sentence	7026
throat	7026
ignore	7026
uniform	7026
excellence	7026
wealth	7026
tall	7026
somewhere	7025
vacuum	7025
dancing	7025
attributes	7025
recognize	7025
brass	7025
writes	7025
plaza	7025
outcomes	7025
survival	7025
quest	7025
publish	7025
screening	7024
toe	7024
thumbnail	7024
trans	7024
whenever	7024
nova	7024
lifetime	7024
api	7024
pioneer	7024
booty	7024
forgotten	7024
acrobat	7024
plates	7023
acres	7023
venue	7023
athletic	7023
thermal	7023
essays	7023
vital	7023
telling	7023
fairly	7023
coastal	7023
config	7023
charity	7022
intelligent	7022
excel	7022
modes	7022
obligation	7022
wake	7022
stupid	7022
harbor	7022
traveler	7022
segment	7022
realize	7022
regardless	7022
lan	7021
enemy	7021
puzzle	7021
rising	7021
aluminum	7021
wells	7021
wishlist	7021
opens	7021
insight	7021
sms	7021
restricted	7021
republican	7021
secrets	7020
lucky	7020
latter	7020
merchants	7020
thick	7020
trailers	7020
repeat	7020
syndrome	7020
attendance	7020
penalty	7020
drum	7020
glasses	7020
enables	7019
builder	7019
vista	7019
chips	7019
terry	7019
flood	7019
foto	7019
ease	7019
arguments	7019
orgy	7019
arena	7019
adventures	7019
pupils	7018
announcement	7018
tabs	7018
outcome	7018
appreciate	7018
expanded	7018
casual	7018
grown	7018
polish	7018
lovely	7018
extras	7018
jerry	7017
clause	7017
smile	7017
lands	7017
troops	7017
indoor	7017
armed	7017
broker	7017
charger	7017
regularly	7017
believed	7017
pine	7017
cooling	7016
tend	7016
gulf	7016
rick	7016
trucks	7016
mechanisms	7016
divorce	7016
shopper	7016
partly	7016
customize	7016
tradition	7016
candy	7016
pills	7015
tiger	7015
folks	7015
sensor	7015
exposed	7015
telecom	7015
hunt	7015
angels	7015
deputy	7015
indicators	7015
sealed	7015
emissions	7015
physicians	7014
loaded	7014
complaint	7014
scenes	7014
experiments	7014
balls	7014
boost	7014
spanking	7014
scholarship	7014
governance	7014
mill	7014
founded	7014
supplements	7013
chronic	7013
icons	7013
tranny	7013
moral	7013
catering	7013
finger	7013
keeps	7013
pound	7013
locate	7013
camcorder	7013
trained	7013
burn	7012
implementing	7012
roses	7012
labs	7012
ourselves	7012
bread	7012
tobacco	7012
wooden	7012
motors	7012
tough	7012
incident	7012
gonna	7012
dynamics	7011
lie	7011
conversation	7011
decrease	7011
chest	7011
pension	7011
billy	7011
revenues	7011
emerging	7011
worship	7011
bukkake	7011
capability	7011
herself	7011
producing	7010
churches	7010
precision	7010
damages	7010
reserves	7010
contributed	7010
solve	7010
shorts	7010
reproduction	7010
minority	7010
diverse	7010
amp	7010
ingredients	7009
ah	7009
johnny	7009
sole	7009
franchise	7009
recorder	7009
complaints	7009
facing	7009
promotions	7009
tones	7009
passion	7009
rehabilitation	7009
maintaining	7008
sight	7008
laid	7008
clay	7008
patches	7008
weak	7008
refund	7008
towns	7008
environments	7008
divided	7008
blvd	7008
reception	7008
wise	7007
emails	7007
odds	7007
correctly	7007
insider	7007
seminars	7007
consequences	7007
makers	7007
hearts	7007
geography	7007
appearing	7007
integrity	7007
worry	7006
discrimination	7006
eve	7006
carter	7006
legacy	7006
pleased	7006
danger	7006
vitamin	7006
widely	7006
processed	7006
phrase	7006
genuine	7006
raising	7006
implications	7005
functionality	7005
paradise	7005
hybrid	7005
reads	7005
roles	7005
intermediate	7005
emotional	7005
sons	7005
leaf	7005
pad	7005
glory	7005
platforms	7004
bigger	7004
billing	7004
diesel	7004
versus	7004
combine	7004
overnight	7004
geographic	7004
exceed	7004
rod	7004
fault	7004
hrs	7004
preliminary	7003
districts	7003
introduce	7003
silk	7003
promotional	7003
babies	7003
compiled	7003
romantic	7003
revealed	7003
specialists	7003
generator	7003
examine	7003
jimmy	7003
graham	7002
suspension	7002
compaq	7002
sad	7002
correction	7002
wolf	7002
slowly	7002
authentication	7002
communicate	7002
rugby	7002
supplement	7002
showtimes	7002
cal	7001
portions	7001
infant	7001
promoting	7001
sectors	7001
fluid	7001
grounds	7001
fits	7001
kick	7001
regards	7001
meal	7001
hurt	7001
machinery	7001
bandwidth	7000
unlike	7000
equation	7000
baskets	7000
probability	7000
pot	7000
dimension	7000
wright	7000
proven	7000
schedules	7000
admissions	7000
cached	7000
warren	6999
slip	6999
studied	6999
reviewer	6999
involves	6999
quarterly	6999
rpm	6999
profits	6999
devil	6999
grass	6999
comply	6999
florist	6999
illustrated	6999
cherry	6998
continental	6998
alternate	6998
achievement	6998
limitations	6998
webcam	6998
cuts	6998
funeral	6998
earrings	6998
enjoyed	6998
automated	6998
chapters	6998
pee	6997
nipples	6997
passenger	6997
convenient	6997
mars	6997
sized	6997
manga	6997
noticed	6997
socket	6997
silent	6997
literary	6997
egg	6997
signals	6997
caps	6996
orientation	6996
pill	6996
theft	6996
childhood	6996
swing	6996
symbols	6996
lat	6996
meta	6996
humans	6996
analog	6996
facial	6996
choosing	6996
talent	6995
dated	6995
flexibility	6995
seeker	6995
wisdom	6995
shoot	6995
boundary	6995
mint	6995
offset	6995
payday	6995
elite	6995
spin	6995
holders	6994
believes	6994
poems	6994
deadline	6994
jurisdiction	6994
robot	6994
displaying	6994
witness	6994
collins	6994
equipped	6994
stages	6994
encouraged	6994
winds	6994
powder	6993
broadway	6993
acquired	6993
assess	6993
wash	6993
cartridges	6993
stones	6993
entrance	6993
gnome	6993
roots	6993
declaration	6993
losing	6993
attempts	6993
gadgets	6992
noble	6992
automation	6992
impacts	6992
rev	6992
gospel	6992
advantages	6992
shore	6992
loves	6992
induced	6992
knight	6992
preparing	6992
loose	6992
aims	6991
recipient	6991
linking	6991
extensions	6991
appeals	6991
earned	6991
illness	6991
islamic	6991
athletics	6991
southeast	6991
ieee	6991
ho	6991
alternatives	6991
pending	6990
parker	6990
determining	6990
corp	6990
personalized	6990
conditioning	6990
teenage	6990
soap	6990
triple	6990
cooper	6990
jam	6990
secured	6990
unusual	6989
answered	6989
partnerships	6989
destruction	6989
slots	6989
increasingly	6989
migration	6989
disorder	6989
routine	6989
toolbar	6989
basically	6989
rocks	6989
conventional	6989
titans	6988
applicants	6988
wearing	6988
axis	6988
sought	6988
genes	6988
mounted	6988
habitat	6988
firewall	6988
median	6988
guns	6988
scanner	6988
herein	6988
occupational	6987
animated	6987
horny	6987
judicial	6987
rio	6987
adjustment	6987
hero	6987
integer	6987
treatments	6987
bachelor	6987
attitude	6987
camcorders	6987
engaged	6987
falling	6986
basics	6986
carpet	6986
struct	6986
lenses	6986
binary	6986
genetics	6986
attended	6986
difficulty	6986
punk	6986
collective	6986
coalition	6986
dropped	6986
enrollment	6985
duke	6985
pace	6985
besides	6985
wage	6985
producers	6985
collector	6985
arc	6985
hosts	6985
interfaces	6985
advertisers	6985
moments	6985
atlas	6985
strings	6984
dawn	6984
representing	6984
observation	6984
feels	6984
torture	6984
carl	6984
deleted	6984
coat	6984
mrs	6984
rica	6984
restoration	6984
convenience	6984
returning	6983
opposition	6983
container	6983
defendant	6983
warner	6983
confirmation	6983
app	6983
embedded	6983
inkjet	6983
supervisor	6983
wizard	6983
corps	6983
actors	6983
liver	6982
peripherals	6982
liable	6982
brochure	6982
morris	6982
bestsellers	6982
petition	6982
recall	6982
antenna	6982
picked	6982
assumed	6982
departure	6982
belief	6982
killing	6982
bikini	6981
shoulder	6981
decor	6981
lookup	6981
texts	6981
brokers	6981
roy	6981
ion	6981
diameter	6981
doll	6981
podcast	6981
tit	6981
seasons	6981
interactions	6980
refine	6980
bidder	6980
singer	6980
herald	6980
literacy	6980
fails	6980
aging	6980
nike	6980
intervention	6980
pissing	6980
fed	6980
plugin	6980
attraction	6979
diving	6979
invite	6979
modification	6979
suppose	6979
customized	6979
reed	6979
involve	6979
moderate	6979
terror	6979
younger	6979
thirty	6979
mice	6979
opposite	6978
understood	6978
rapidly	6978
ban	6978
temp	6978
intro	6978
assurance	6978
fisting	6978
clerk	6978
happening	6978
vast	6978
mills	6978
outline	6978
amendments	6978
tramadol	6977
holland	6977
receives	6977
jeans	6977
metropolitan	6977
compilation	6977
verification	6977
fonts	6977
ent	6977
odd	6977
wrap	6977
refers	6977
mood	6977
favor	6976
veterans	6976
quiz	6976
sigma	6976
attractive	6976
xhtml	6976
occasion	6976
recordings	6976
victim	6976
demands	6976
sleeping	6976
careful	6976
ext	6976
beam	6975
gardening	6975
obligations	6975
arrive	6975
orchestra	6975
sunset	6975
tracked	6975
moreover	6975
minimal	6975
polyphonic	6975
lottery	6975
tops	6975
framed	6975
aside	6975
outsourcing	6974
adjustable	6974
allocation	6974
essay	6974
discipline	6974
demonstrated	6974
dialogue	6974
identifying	6974
alphabetical	6974
camps	6974
declared	6974
dispatched	6974
handheld	6974
trace	6973
disposal	6973
shut	6973
florists	6973
packs	6973
installing	6973
switches	6973
voluntary	6973
thou	6973
consult	6973
phd	6973
greatly	6973
blogging	6973
mask	6973
cycling	6972
midnight	6972
commonly	6972
photographer	6972
inform	6972
coal	6972
cry	6972
messaging	6972
pentium	6972
quantum	6972
intent	6972
zoo	6972
largely	6972
pleasant	6971
announce	6971
constructed	6971
additions	6971
requiring	6971
spoke	6971
aka	6971
arrow	6971
engagement	6971
sampling	6971
rough	6971
weird	6971
tee	6971
refinance	6971
lion	6970
inspired	6970
holes	6970
weddings	6970
blade	6970
suddenly	6970
oxygen	6970
cookie	6970
meals	6970
canyon	6970
goto	6970
meters	6970
merely	6970
calendars	6969
arrangement	6969
conclusions	6969
passes	6969
bibliography	6969
pointer	6969
compatibility	6969
stretch	6969
durham	6969
furthermore	6969
permits	6969
cooperative	6969
muslim	6969
sleeve	6969
netscape	6968
cleaner	6968
cricket	6968
beef	6968
feeding	6968
stroke	6968
township	6968
rankings	6968
measuring	6968
cad	6968
hats	6968
robin	6968
strap	6968
headquarters	6968
crowd	6967
tcp	6967
transfers	6967
surf	6967
olympic	6967
transformation	6967
remained	6967
attachments	6967
dir	6967
entities	6967
customs	6967
administrators	6967
personality	6967
rainbow	6966
hook	6966
roulette	6966
decline	6966
gloves	6966
medicare	6966
cord	6966
skiing	6966
cloud	6966
facilitate	6966
subscriber	6966
valve	6966
val	6966
explains	6966
proceed	6965
feelings	6965
knife	6965
priorities	6965
shelf	6965
bookstore	6965
timing	6965
liked	6965
parenting	6965
adopt	6965
denied	6965
fotos	6965
incredible	6965
freeware	6965
donation	6964
outer	6964
crop	6964
deaths	6964
rivers	6964
commonwealth	6964
pharmaceutical	6964
manhattan	6964
tales	6964
workforce	6964
islam	6964
nodes	6964
thumbs	6964
seeds	6964
cited	6963
lite	6963
hub	6963
targeted	6963
organizational	6963
realized	6963
twelve	6963
founder	6963
decade	6963
gamecube	6963
dispute	6963
tired	6963
adverse	6963
everywhere	6963
excerpt	6962
steam	6962
discharge	6962
drinks	6962
ace	6962
voices	6962
acute	6962
halloween	6962
climbing	6962
stood	6962
sing	6962
tons	6962
perfume	6962
carol	6962
honest	6961
hazardous	6961
restore	6961
stack	6961
methodology	6961
somebody	6961
sue	6961
housewares	6961
reputation	6961
resistant	6961
democrats	6961
recycling	6961
hang	6961
curve	6961
creator	6960
amber	6960
qualifications	6960
museums	6960
coding	6960
slideshow	6960
tracker	6960
variation	6960
passage	6960
transferred	6960
trunk	6960
hiking	6960
lb	6960
damn	6960
headset	6959
photograph	6959
waves	6959
camel	6959
distributor	6959
lamps	6959
underlying	6959
hood	6959
wrestling	6959
suicide	6959
archived	6959
photoshop	6959
chi	6959
gathering	6959
projection	6958
juice	6958
chase	6958
mathematical	6958
logical	6958
sauce	6958
fame	6958
extract	6958
specialized	6958
diagnostic	6958
panama	6958
payable	6958
corporations	6958
courtesy	6958
criticism	6957
automobile	6957
confidential	6957
statutory	6957
accommodations	6957
northeast	6957
downloaded	6957
judges	6957
retired	6957
remarks	6957
detected	6957
decades	6957
paintings	6957
walked	6957
arising	6956
bracelet	6956
ins	6956
eggs	6956
juvenile	6956
injection	6956
populations	6956
protective	6956
afraid	6956
acoustic	6956
railway	6956
cassette	6956
initially	6956
indicator	6956
pointed	6955
causing	6955
mistake	6955
locked	6955
eliminate	6955
fusion	6955
mineral	6955
sunglasses	6955
ruby	6955
steering	6955
beads	6955
fortune	6955
preference	6955
canvas	6955
threshold	6954
parish	6954
claimed	6954
screens	6954
cemetery	6954
planner	6954
flows	6954
stadium	6954
exploration	6954
mins	6954
fewer	6954
sequences	6954
coupon	6954
nurses	6954
ssl	6953
stem	6953
proxy	6953
astronomy	6953
opt	6953
drew	6953
contests	6953
flu	6953
translate	6953
announces	6953
costume	6953
tagged	6953
voted	6953
killer	6953
bikes	6953
gates	6952
adjusted	6952
rap	6952
tune	6952
bishop	6952
pulled	6952
corn	6952
shaped	6952
compression	6952
seasonal	6952
establishing	6952
farmer	6952
counters	6952
puts	6952
constitutional	6951
grew	6951
perfectly	6951
tin	6951
slave	6951
instantly	6951
cultures	6951
coaching	6951
examined	6951
trek	6951
encoding	6951
litigation	6951
submissions	6951
heroes	6951
painted	6950
broadcasting	6950
horizontal	6950
artwork	6950
cosmetic	6950
resulted	6950
portrait	6950
terrorist	6950
informational	6950
ethical	6950
carriers	6950
mobility	6950
floral	6950
builders	6950
ties	6950
struggle	6949
schemes	6949
suffering	6949
neutral	6949
fisher	6949
rat	6949
spears	6949
prospective	6949
dildos	6949
bedding	6949
ultimately	6949
joining	6949
heading	6949
equally	6949
artificial	6948
bearing	6948
spectacular	6948
coordination	6948
connector	6948
brad	6948
combo	6948
seniors	6948
worlds	6948
guilty	6948
affiliated	6948
activation	6948
naturally	6948
haven	6948
tablet	6948
jury	6947
dos	6947
tail	6947
subscribers	6947
charm	6947
lawn	6947
violent	6947
underwear	6947
basin	6947
soup	6947
potentially	6947
ranch	6947
constraints	6947
crossing	6947
inclusive	6946
dimensional	6946
cottage	6946
drunk	6946
considerable	6946
crimes	6946
resolved	6946
byte	6946
toner	6946
nose	6946
latex	6946
branches	6946
anymore	6946
holdings	6946
alien	6946
locator	6945
selecting	6945
processors	6945
pantyhose	6945
plc	6945
broke	6945
difficulties	6945
complexity	6945
msg	6945
constantly	6945
browsing	6945
resolve	6945
presidential	6945
documentary	6945
cod	6944
territories	6944
thesis	6944
thru	6944
jews	6944
nylon	6944
discs	6944
rocky	6944
bargains	6944
frequent	6944
trim	6944
ceiling	6944
pixels	6944
ensuring	6944
hispanic	6944
legislature	6943
hospitality	6943
anybody	6943
procurement	6943
diamonds	6943
fleet	6943
bunch	6943
totals	6943
singing	6943
theoretical	6943
afford	6943
exercises	6943
starring	6943
referral	6943
surveillance	6943
optimal	6942
quit	6942
distinct	6942
protocols	6942
lung	6942
highlight	6942
substitute	6942
inclusion	6942
hopefully	6942
brilliant	6942
turner	6942
sucking	6942
cents	6942
gel	6942
spoken	6941
omega	6941
evaluated	6941
stayed	6941
civic	6941
assignments	6941
manuals	6941
sees	6941
termination	6941
watched	6941
saver	6941
thereof	6941
grill	6941
households	6941
redeem	6941
rogers	6940
grain	6940
aaa	6940
authentic	6940
regime	6940
wanna	6940
wishes	6940
bull	6940
architectural	6940
depend	6940
differ	6940
macintosh	6940
movements	6940
ranging	6940
repairs	6940
breath	6939
amenities	6939
virtually	6939
mart	6939
candle	6939
hanging	6939
colored	6939
authorization	6939
tale	6939
verified	6939
formerly	6939
projector	6939
situated	6939
comparative	6939
std	6939
seeks	6938
herbal	6938
loving	6938
strictly	6938
routing	6938
docs	6938
psychological	6938
surprised	6938
retailer	6938
vitamins	6938
elegant	6938
gains	6938
renewal	6938
vid	6938
genealogy	6938
opposed	6937
deemed	6937
scoring	6937
expenditure	6937
panties	6937
sisters	6937
critics	6937
connectivity	6937
spots	6937
algorithms	6937
hacker	6937
similarly	6937
margin	6937
coin	6937
solely	6936
fake	6936
salon	6936
collaborative	6936
excluding	6936
turbo	6936
headed	6936
voters	6936
cure	6936
madonna	6936
commander	6936
arch	6936
thinks	6936
thats	6936
suggestion	6936
hdtv	6935
soldier	6935
aimed	6935
bomb	6935
harm	6935
interval	6935
mirrors	6935
spotlight	6935
tricks	6935
reset	6935
brush	6935
investigate	6935
thy	6935
panels	6935
repeated	6935
assault	6934
connecting	6934
spare	6934
logistics	6934
deer	6934
tongue	6934
bowling	6934
danish	6934
pal	6934
monkey	6934
proportion	6934
filename	6934
skirt	6934
invest	6934
honey	6934
um	6933
analyses	6933
drawings	6933
significance	6933
scenario	6933
lovers	6933
atomic	6933
symposium	6933
gauge	6933
essentials	6933
junction	6933
protecting	6933
faced	6933
mat	6933
solving	6933
transmitted	6933
weekends	6932
screenshots	6932
produces	6932
oven	6932
ted	6932
intensive	6932
chains	6932
sixth	6932
engage	6932
deviant	6932
noon	6932
switching	6932
quoted	6932
adapters	6932
correspondence	6932
farms	6931
imports	6931
supervision	6931
cheat	6931
bronze	6931
expenditures	6931
sandy	6931
separation	6931
testimony	6931
suspect	6931
celebrities	6931
macro	6931
sender	6931
mandatory	6931
boundaries	6931
crucial	6930
syndication	6930
gym	6930
celebration	6930
adjacent	6930
filtering	6930
tuition	6930
spouse	6930
exotic	6930
viewer	6930
signup	6930
threats	6930
puzzles	6930
reaching	6930
damaged	6930
cams	6929
receptor	6929
piss	6929
laugh	6929
surgical	6929
destroy	6929
citation	6929
pitch	6929
autos	6929
yo	6929
premises	6929
proved	6929
offensive	6929
imperial	6929
dozen	6929
deployment	6928
teeth	6928
cloth	6928
studying	6928
colleagues	6928
stamp	6928
lotus	6928
salmon	6928
separated	6928
proc	6928
cargo	6928
tan	6928
directive	6928
mate	6928
starter	6928
upgrades	6928
likes	6927
butter	6927
pepper	6927
weapon	6927
luggage	6927
burden	6927
chef	6927
tapes	6927
zones	6927
races	6927
isle	6927
stylish	6927
slim	6927
maple	6927
grocery	6927
offshore	6926
governing	6926
retailers	6926
depot	6926
comp	6926
alt	6926
pie	6926
blend	6926
occasionally	6926
cbs	6926
attending	6926
emission	6926
spec	6926
finest	6926
realty	6926
bow	6925
recruiting	6925
apparent	6925
instructional	6925
autumn	6925
traveling	6925
probe	6925
midi	6925
permissions	6925
biotechnology	6925
toilet	6925
ranked	6925
jackets	6925
routes	6925
packed	6925
excited	6925
outreach	6924
mounting	6924
recover	6924
tied	6924
balanced	6924
prescribed	6924
timely	6924
talked	6924
debug	6924
delayed	6924
chuck	6924
reproduced	6924
hon	6924
dale	6924
explicit	6924
calculation	6923
villas	6923
ebook	6923
consolidated	6923
boob	6923
exclude	6923
peeing	6923
occasions	6923
brooks	6923
equations	6923
newton	6923
oils	6923
sept	6923
exceptional	6923
anxiety	6923
bingo	6923
whilst	6922
spatial	6922
respondents	6922
unto	6922
ceramic	6922
prompt	6922
precious	6922
minds	6922
annually	6922
considerations	6922
scanners	6922
pays	6922
cox	6922
fingers	6922
sunny	6922
ebooks	6921
delivers	6921
necklace	6921
musicians	6921
composite	6921
unavailable	6921
cedar	6921
arranged	6921
lang	6921
theaters	6921
advocacy	6921
stud	6921
fold	6921
essentially	6921
designing	6921
threaded	6921
qualify	6920
fingering	6920
hopes	6920
assessments	6920
mason	6920
diagram	6920
burns	6920
pumps	6920
ejaculation	6920
footwear	6920
vic	6920
peoples	6920
victor	6920
pos	6920
attach	6920
licenses	6920
utils	6919
removing	6919
advised	6919
spider	6919
ranges	6919
pairs	6919
sensitivity	6919
trails	6919
preservation	6919
isolated	6919
interim	6919
assisted	6919
divine	6919
streaming	6919
approve	6919
chose	6918
compound	6918
intensity	6918
technological	6918
syndicate	6918
abortion	6918
dialog	6918
venues	6918
blast	6918
wellness	6918
calcium	6918
antivirus	6918
addressing	6918
pole	6918
discounted	6918
shield	6918
harvest	6917
membrane	6917
previews	6917
constitute	6917
locally	6917
concluded	6917
pickup	6917
desperate	6917
mothers	6917
nascar	6917
demonstration	6917
governmental	6917
manufactured	6917
candles	6917
graduation	6917
mega	6917
bend	6916
sailing	6916
variations	6916
moms	6916
sacred	6916
addiction	6916
morocco	6916
chrome	6916
refused	6916
brake	6916
exterior	6916
greeting	6916
ecology	6916
glen	6916
nav	6916
delays	6916
synthesis	6915
olive	6915
undefined	6915
unemployment	6915
cyber	6915
scored	6915
enhancement	6915
clone	6915
velocity	6915
lambda	6915
relay	6915
composed	6915
tears	6915
performances	6915
oasis	6915
baseline	6915
cab	6914
angry	6914
societies	6914
silicon	6914
identical	6914
petroleum	6914
compete	6914
lover	6914
belong	6914
lips	6914
escort	6914
retention	6914
exchanges	6914
pond	6914
rolls	6914
barnes	6914
soundtrack	6913
wondering	6913
daddy	6913
ferry	6913
rabbit	6913
profession	6913
seating	6913
dam	6913
separately	6913
physiology	6913
lil	6913
collecting	6913
exports	6913
tire	6913
participant	6913
scholarships	6912
recreational	6912
chad	6912
electron	6912
loads	6912
friendship	6912
heather	6912
passport	6912
motel	6912
unions	6912
treasury	6912
warrant	6912
sys	6912
solaris	6912
frozen	6912
occupied	6912
josh	6912
royalty	6911
scales	6911
rally	6911
observer	6911
sunshine	6911
strain	6911
drag	6911
ceremony	6911
somehow	6911
arrested	6911
expanding	6911
provincial	6911
investigations	6911
ripe	6911
rely	6911
medications	6911
gained	6910
dying	6910
laundry	6910
stuck	6910
placing	6910
stops	6910
homework	6910
adjust	6910
assessed	6910
advertiser	6910
enabling	6910
encryption	6910
filling	6910
downloadable	6910
sophisticated	6910
imposed	6910
silence	6909
focuses	6909
soviet	6909
possession	6909
laboratories	6909
treaty	6909
vocal	6909
trainer	6909
organ	6909
stronger	6909
volumes	6909
advances	6909
vegetables	6909
lemon	6909
toxic	6909
dns	6909
thumbnails	6908
darkness	6908
nuts	6908
nail	6908
implied	6908
span	6908
sox	6908
stockings	6908
joke	6908
respondent	6908
packing	6908
statute	6908
rejected	6908
satisfy	6908
destroyed	6908
shelter	6908
chapel	6907
manufacture	6907
layers	6907
guided	6907
vulnerability	6907
accountability	6907
celebrate	6907
accredited	6907
appliance	6907
compressed	6907
mixture	6907
zoophilia	6907
bench	6907
tub	6907
rider	6907
scheduling	6907
radius	6906
perspectives	6906
mortality	6906
logging	6906
christians	6906
borders	6906
therapeutic	6906
pads	6906
butts	6906
inns	6906
bobby	6906
impressive	6906
sheep	6906
accordingly	6906
architect	6906
railroad	6906
lectures	6905
challenging	6905
wines	6905
nursery	6905
harder	6905
cups	6905
ash	6905
microwave	6905
cheapest	6905
accidents	6905
relocation	6905
contributors	6905
salad	6905
tender	6905
violations	6905
foam	6905
temperatures	6905
paste	6904
clouds	6904
competitions	6904
discretion	6904
preserve	6904
poem	6904
vibrator	6904
unsigned	6904
staying	6904
cosmetics	6904
easter	6904
theories	6904
repository	6904
praise	6904
concentrations	6904
vibrators	6904
christianity	6903
veteran	6903
streams	6903
landing	6903
signing	6903
executed	6903
negotiations	6903
realistic	6903
showcase	6903
integral	6903
asks	6903
relax	6903
generating	6903
congressional	6903
synopsis	6903
hardly	6903
prairie	6903
reunion	6902
composer	6902
bean	6902
sword	6902
absent	6902
photographic	6902
sells	6902
hoping	6902
accessed	6902
spirits	6902
modifications	6902
coral	6902
pixel	6902
float	6902
bias	6902
imported	6902
paths	6901
bubble	6901
acquire	6901
contrary	6901
millennium	6901
tribune	6901
vessel	6901
acids	6901
focusing	6901
viruses	6901
cheaper	6901
admitted	6901
dairy	6901
admit	6901
fancy	6901
equality	6901
achieving	6901
tap	6900
stickers	6900
fisheries	6900
exceptions	6900
reactions	6900
leasing	6900
beliefs	6900
macromedia	6900
companion	6900
squad	6900
analyze	6900
scroll	6900
relate	6900
divisions	6900
swim	6900
wages	6900
additionally	6899
suffer	6899
forests	6899
fellowship	6899
nano	6899
invalid	6899
concerts	6899
martial	6899
males	6899
victorian	6899
retain	6899
execute	6899
tunnel	6899
genres	6899
patents	6899
copyrights	6899
chaos	6899
wheat	6898
chronicles	6898
obtaining	6898
beaver	6898
updating	6898
distribute	6898
readings	6898
decorative	6898
confused	6898
compiler	6898
enlargement	6898
eagles	6898
bases	6898
vii	6898
accused	6898
bee	6898
campaigns	6897
unity	6897
loud	6897
conjunction	6897
bride	6897
rats	6897
defines	6897
airports	6897
instances	6897
indigenous	6897
begun	6897
brunette	6897
packets	6897
anchor	6897
socks	6897
validation	6897
parade	6897
corruption	6896
stat	6896
trigger	6896
incentives	6896
cholesterol	6896
gathered	6896
notified	6896
differential	6896
beaches	6896
folders	6896
dramatic	6896
surfaces	6896
terrible	6896
routers	6896
cruz	6896
pendant	6896
dresses	6896
baptist	6895
scientist	6895
hiring	6895
clocks	6895
arthritis	6895
bios	6895
females	6895
nevertheless	6895
reflects	6895
taxation	6895
fever	6895
cuisine	6895
surely	6895
practitioners	6895
transcript	6895
theorem	6895
inflation	6895
thee	6894
ruth	6894
pray	6894
stylus	6894
compounds	6894
pope	6894
drums	6894
contracting	6894
topless	6894
structured	6894
reasonably	6894
jeep	6894
chicks	6894
bare	6894
hung	6894
cattle	6894
radical	6893
graduates	6893
rover	6893
recommends	6893
controlling	6893
treasure	6893
reload	6893
distributors	6893
flame	6893
tanks	6893
assuming	6893
monetary	6893
elderly	6893
pit	6893
mono	6893
particles	6893
floating	6893
extraordinary	6892
tile	6892
indicating	6892
spell	6892
hottest	6892
coordinate	6892
exclusively	6892
alleged	6892
limitation	6892
widescreen	6892
compile	6892
squirting	6892
struck	6892
illustration	6892
warnings	6892
construct	6892
apps	6892
inquiries	6891
bridal	6891
annex	6891
mag	6891
gsm	6891
inspiration	6891
tribal	6891
curious	6891
affecting	6891
freight	6891
rebate	6891
meetup	6891
eclipse	6891
downloading	6891
shuttle	6891
aggregate	6891
stunning	6891
cycles	6890
affects	6890
forecasts	6890
detect	6890
actively	6890
ciao	6890
knee	6890
prep	6890
complicated	6890
chem	6890
fastest	6890
butler	6890
injured	6890
decorating	6890
payroll	6890
cookbook	6890
expressions	6890
ton	6889
courier	6889
uploaded	6889
hints	6889
collapse	6889
americas	6889
connectors	6889
twinks	6889
unlikely	6889
pros	6889
conflicts	6889
techno	6889
beverage	6889
tribute	6889
wired	6889
immune	6889
travelers	6889
forestry	6888
barriers	6888
cant	6888
rarely	6888
infected	6888
offerings	6888
genesis	6888
barrier	6888
argue	6888
incorrect	6888
trains	6888
metals	6888
bicycle	6888
furnishings	6888
letting	6888
arise	6888
thereby	6888
irc	6887
particle	6887
perception	6887
minerals	6887
advise	6887
humidity	6887
bottles	6887
boxing	6887
renaissance	6887
pathology	6887
bra	6887
ordinance	6887
photographers	6887
infections	6887
chess	6887
operates	6887
configured	6887
survive	6887
festivals	6886
menus	6886
possibilities	6886
duck	6886
reveal	6886
canal	6886
amino	6886
phi	6886
contributing	6886
herbs	6886
clinics	6886
cow	6886
analytical	6886
missions	6886
lying	6886
costumes	6886
strict	6886
dive	6885
circulation	6885
drill	6885
offense	6885
threesome	6885
protest	6885
assumption	6885
hobby	6885
tries	6885
invention	6885
nickname	6885
technician	6885
inline	6885
executives	6885
enquiries	6885
washing	6885
staffing	6885
cognitive	6884
exploring	6884
trick	6884
enquiry	6884
closure	6884
raid	6884
ppc	6884
timber	6884
volt	6884
intense	6884
div	6884
playlist	6884
registrar	6884
showers	6884
supporters	6884
ruling	6884
steady	6884
dirt	6883
statutes	6883
withdrawal	6883
drops	6883
predicted	6883
wider	6883
cancellation	6883
plugins	6883
enrolled	6883
sensors	6883
screw	6883
ministers	6883
publicly	6883
hourly	6883
blame	6883
freebsd	6883
veterinary	6883
acer	6883
reseller	6882
handed	6882
suffered	6882
intake	6882
informal	6882
relevance	6882
incentive	6882
butterfly	6882
mechanics	6882
heavily	6882
swingers	6882
fifty	6882
headers	6882
mistakes	6882
numerical	6882
ons	6882
geek	6882
uncle	6881
defining	6881
counting	6881
reflection	6881
sink	6881
accompanied	6881
assure	6881
invitation	6881
devoted	6881
sodium	6881
randy	6881
spirituality	6881
hormone	6881
meanwhile	6881
proprietary	6881
timothy	6881
brick	6881
grip	6881
naval	6880
medieval	6880
porcelain	6880
avi	6880
bridges	6880
captured	6880
watt	6880
decent	6880
casting	6880
translated	6880
shortly	6880
cameron	6880
columnists	6880
pins	6880
donna	6880
warrior	6880
diploma	6880
cabin	6879
innocent	6879
scanning	6879
consensus	6879
polo	6879
valium	6879
copying	6879
delivering	6879
cordless	6879
horn	6879
fired	6879
journalism	6879
trivia	6879
adidas	6879
frog	6879
grammar	6879
intention	6879
disagree	6879
tires	6878
logs	6878
undertaken	6878
hazard	6878
retro	6878
statewide	6878
semiconductor	6878
episodes	6878
boolean	6878
circular	6878
anger	6878
mainland	6878
illustrations	6878
suits	6878
chances	6878
interact	6878
snap	6878
happiness	6877
arg	6877
substantially	6877
bizarre	6877
glenn	6877
olympics	6877
fruits	6877
identifier	6877
geo	6877
ribbon	6877
calculations	6877
doe	6877
conducting	6877
startup	6877
kissing	6877
handy	6877
swap	6877
exempt	6877
crops	6876
reduces	6876
accomplished	6876
calculators	6876
geometry	6876
impression	6876
abs	6876
flip	6876
guild	6876
correlation	6876
gorgeous	6876
capitol	6876
sim	6876
dishes	6876
nervous	6876
refuse	6876
extends	6876
fragrance	6876
replica	6875
plumbing	6875
tribe	6875
neighbors	6875
trades	6875
superb	6875
buzz	6875
transparent	6875
nuke	6875
rid	6875
trinity	6875
handled	6875
legends	6875
boom	6875
calm	6875
champions	6875
floors	6875
selections	6874
projectors	6874
inappropriate	6874
exhaust	6874
comparing	6874
shanghai	6874
speaks	6874
burton	6874
vocational	6874
copied	6874
scotia	6874
farming	6874
pharmacies	6874
fork	6874
troy	6874
roller	6874
introducing	6874
batch	6874
organize	6873
appreciated	6873
alter	6873
latino	6873
edges	6873
mixing	6873
handles	6873
skilled	6873
fitted	6873
harmony	6873
distinguished	6873
asthma	6873
projected	6873
assumptions	6873
shareholders	6873
twins	6873
developmental	6873
rip	6873
regulated	6872
triangle	6872
amend	6872
anticipated	6872
oriental	6872
reward	6872
completing	6872
hydrogen	6872
sprint	6872
comparable	6872
chick	6872
advocate	6872
sims	6872
confusion	6872
copyrighted	6872
tray	6872
inputs	6872
warranties	6872
genome	6871
escorts	6871
documented	6871
thong	6871
medal	6871
paperbacks	6871
coaches	6871
vessels	6871
walks	6871
sucks	6871
sol	6871
keyboards	6871
sage	6871
knives	6871
eco	6871
vulnerable	6871
arrange	6871
artistic	6871
bat	6870
honors	6870
booth	6870
indie	6870
reflected	6870
unified	6870
bones	6870
breed	6870
detector	6870
ignored	6870
polar	6870
fallen	6870
precise	6870
respiratory	6870
notifications	6870
transexual	6870
mainstream	6870
invoice	6870
evaluating	6869
lip	6869
subcommittee	6869
sap	6869
gather	6869
maternity	6869
backed	6869
colonial	6869
motels	6869
forming	6869
embassy	6869
cave	6869
journalists	6869
slight	6869
proceeds	6869
indirect	6869
amongst	6869
wool	6869
foundations	6868
arrest	6868
volleyball	6868
horizon	6868
deeply	6868
toolbox	6868
marina	6868
liabilities	6868
prizes	6868
browsers	6868
decreased	6868
patio	6868
tolerance	6868
surfing	6868
creativity	6868
describing	6868
optics	6868
pursue	6868
lightning	6867
overcome	6867
eyed	6867
quotations	6867
grab	6867
inspector	6867
attract	6867
beans	6867
bookmarks	6867
ellis	6867
disable	6867
snake	6867
succeed	6867
lending	6867
oops	6867
reminder	6867
nipple	6867
searched	6867
behavioral	6866
riverside	6866
bathrooms	6866
plains	6866
insights	6866
abilities	6866
initiated	6866
midwest	6866
karaoke	6866
trap	6866
lonely	6866
fool	6866
nonprofit	6866
suspended	6866
hereby	6866
observe	6866
containers	6866
attitudes	6866
berry	6865
collar	6865
simultaneously	6865
racial	6865
integrate	6865
sociology	6865
mobiles	6865
screenshot	6865
exhibitions	6865
confident	6865
retrieved	6865
exhibits	6865
officially	6865
consortium	6865
dies	6865
terrace	6865
bacteria	6865
pts	6865
replied	6865
seafood	6864
novels	6864
recipients	6864
playboy	6864
ought	6864
delicious	6864
traditions	6864
jail	6864
safely	6864
finite	6864
kidney	6864
periodically	6864
fixes	6864
sends	6864
durable	6864
allied	6864
throws	6864
moisture	6864
roster	6863
referring	6863
nasdaq	6863
ooo	6863
transform	6863
timer	6863
tablets	6863
tuning	6863
gotten	6863
educators	6863
futures	6863
vegetable	6863
verse	6863
highs	6863
humanities	6863
independently	6863
wanting	6863
custody	6863
scratch	6862
launches	6862
alignment	6862
masturbating	6862
comm	6862
competitors	6862
rocket	6862
aye	6862
bullet	6862
towers	6862
racks	6862
lace	6862
nasty	6862
visibility	6862
latitude	6862
consciousness	6862
tumor	6862
ugly	6862
deposits	6862
beverly	6861
mistress	6861
encounter	6861
trustees	6861
watts	6861
reprints	6861
hart	6861
resolutions	6861
ment	6861
accessing	6861
forty	6861
tubes	6861
attempted	6861
col	6861
midlands	6861
priest	6861
analysts	6861
queue	6861
trance	6860
locale	6860
bundle	6860
hammer	6860
invasion	6860
witnesses	6860
runner	6860
rows	6860
administered	6860
notion	6860
skins	6860
mailed	6860
spelling	6860
arctic	6860
exams	6860
rewards	6860
beneath	6860
strengthen	6860
defend	6860
medicaid	6859
infrared	6859
seventh	6859
gods	6859
welsh	6859
belly	6859
aggressive	6859
tex	6859
advertisements	6859
quarters	6859
stolen	6859
soonest	6859
disturbed	6859
determines	6859
sculpture	6859
poly	6859
ears	6859
dod	6859
fist	6858
naturals	6858
motivation	6858
lenders	6858
pharmacology	6858
fitting	6858
fixtures	6858
bloggers	6858
mere	6858
agrees	6858
passengers	6858
quantities	6858
consistently	6858
powerpoint	6858
cons	6858
surplus	6858
elder	6858
sonic	6858
obituaries	6858
cheers	6857
dig	6857
taxi	6857
punishment	6857
appreciation	6857
subsequently	6857
nat	6857
zoning	6857
gravity	6857
providence	6857
thumb	6857
restriction	6857
incorporate	6857
backgrounds	6857
treasurer	6857
guitars	6857
essence	6857
flooring	6857
lightweight	6857
mighty	6856
athletes	6856
humanity	6856
transcription	6856
complications	6856
scholars	6856
dpi	6856
scripting	6856
remembered	6856
galaxy	6856
snapshot	6856
caring	6856
loc	6856
worn	6856
synthetic	6856
shaw	6856
segments	6856
testament	6856
expo	6855
dominant	6855
twist	6855
specifics	6855
stomach	6855
partially	6855
buried	6855
newbie	6855
minimize	6855
ranks	6855
wilderness	6855
debut	6855
generations	6855
tournaments	6855
deny	6855
anatomy	6855
sponsorship	6855
headphones	6855
fraction	6855
trio	6854
proceeding	6854
cube	6854
defects	6854
uncertainty	6854
breakdown	6854
marker	6854
reconstruction	6854
subsidiary	6854
strengths	6854
clarity	6854
rugs	6854
encouraging	6854
furnished	6854
settled	6854
folding	6854
emirates	6854
terrorists	6854
airfare	6854
comparisons	6853
beneficial	6853
distributions	6853
vaccine	6853
crap	6853
fate	6853
promised	6853
penny	6853
robust	6853
bookings	6853
threatened	6853
republicans	6853
discusses	6853
porter	6853
gras	6853
jungle	6853
ver	6853
responded	6853
rim	6853
abstracts	6852
zen	6852
ivory	6852
alpine	6852
dis	6852
prediction	6852
pharmaceuticals	6852
fabulous	6852
remix	6852
alias	6852
thesaurus	6852
individually	6852
battlefield	6852
literally	6852
newer	6852
kay	6852
ecological	6852
spice	6852
oval	6852
implies	6851
soma	6851
cooler	6851
appraisal	6851
consisting	6851
maritime	6851
periodic	6851
submitting	6851
overhead	6851
ascii	6851
prospect	6851
shipment	6851
breeding	6851
citations	6851
geographical	6851
donor	6851
tension	6851
trash	6851
shapes	6851
wifi	6850
tier	6850
fwd	6850
earl	6850
manor	6850
envelope	6850
homeland	6850
disclaimers	6850
championships	6850
excluded	6850
breeds	6850
rapids	6850
disco	6850
bailey	6850
endif	6850
finishing	6850
emotions	6850
incoming	6850
prospects	6850
cleaners	6849
hwy	6849
eternal	6849
cashiers	6849
cite	6849
aboriginal	6849
remarkable	6849
rotation	6849
nam	6849
preventing	6849
productive	6849
boulevard	6849
pig	6849
metric	6849
compliant	6849
minus	6849
penalties	6849
imagination	6849
hotmail	6849
refurbished	6848
varied	6848
grande	6848
closest	6848
activated	6848
actress	6848
mess	6848
conferencing	6848
assign	6848
politicians	6848
trackbacks	6848
lit	6848
accommodate	6848
tigers	6848
aurora	6848
slides	6848
premiere	6848
lender	6848
villages	6848
shade	6847
chorus	6847
rhythm	6847
digit	6847
argued	6847
dietary	6847
symphony	6847
sudden	6847
accepting	6847
precipitation	6847
lions	6847
ada	6847
pools	6847
lyric	6847
isolation	6847
speeds	6847
sustained	6847
matched	6847
approximate	6847
rope	6846
carroll	6846
rational	6846
programmer	6846
fighters	6846
chambers	6846
dump	6846
greetings	6846
inherited	6846
warming	6846
incomplete	6846
vocals	6846
chronicle	6846
fountain	6846
chubby	6846
grave	6846
legitimate	6846
biographies	6846
burner	6846
yrs	6846
foo	6845
investigator	6845
plaintiff	6845
gentle	6845
prisoners	6845
deeper	6845
muslims	6845
hose	6845
mediterranean	6845
nightlife	6845
footage	6845
worthy	6845
reveals	6845
architects	6845
saints	6845
entrepreneur	6845
carries	6845
sig	6845
freelance	6845
duo	6844
excessive	6844
screensaver	6844
saves	6844
regarded	6844
valuation	6844
unexpected	6844
cigarette	6844
fog	6844
characteristic	6844
lobby	6844
outlined	6844
consequently	6844
headline	6844
treating	6844
punch	6844
appointments	6844
str	6844
gotta	6844
cowboy	6843
narrative	6843
enormous	6843
karma	6843
consist	6843
betty	6843
queens	6843
academics	6843
pubs	6843
quantitative	6843
screensavers	6843
subdivision	6843
tribes	6843
vip	6843
defeat	6843
clicks	6843
distinction	6843
naughty	6843
hazards	6843
insured	6843
harper	6842
livestock	6842
exemption	6842
tenant	6842
sustainability	6842
cabinets	6842
tattoo	6842
shake	6842
algebra	6842
shadows	6842
holly	6842
formatting	6842
silly	6842
nutritional	6842
yea	6842
mercy	6842
freely	6842
sunrise	6842
wrapping	6842
mild	6841
fur	6841
weblogs	6841
timeline	6841
tar	6841
belongs	6841
readily	6841
affiliation	6841
fence	6841
nudist	6841
infinite	6841
ensures	6841
relatives	6841
clan	6841
legally	6841
shame	6841
satisfactory	6841
revolutionary	6841
bracelets	6841
sync	6841
civilian	6840
telephony	6840
mesa	6840
fatal	6840
remedy	6840
realtors	6840
breathing	6840
briefly	6840
thickness	6840
adjustments	6840
graphical	6840
genius	6840
discussing	6840
aerospace	6840
fighter	6840
meaningful	6840
flesh	6840
retreat	6840
adapted	6840
barely	6839
wherever	6839
estates	6839
rug	6839
democrat	6839
borough	6839
maintains	6839
failing	6839
shortcuts	6839
retained	6839
marble	6839
extending	6839
specifies	6839
hull	6839
surrey	6839
briefing	6839
accreditation	6839
wav	6839
blackberry	6839
highland	6839
meditation	6838
modular	6838
microphone	6838
combining	6838
instrumental	6838
giants	6838
organizing	6838
shed	6838
balloon	6838
moderators	6838
memo	6838
ham	6838
solved	6838
tide	6838
standings	6838
partition	6838
invisible	6838
consoles	6838
funk	6838
magnet	6838
translations	6837
cayman	6837
jaguar	6837
reel	6837
sheer	6837
commodity	6837
posing	6837
wang	6837
kilometers	6837
bind	6837
thanksgiving	6837
rand	6837
urgent	6837
guarantees	6837
infants	6837
gothic	6837
cylinder	6837
witch	6837
buck	6837
indication	6836
eh	6836
congratulations	6836
cohen	6836
puppy	6836
acre	6836
graphs	6836
surround	6836
cigarettes	6836
revenge	6836
expires	6836
enemies	6836
lows	6836
controllers	6836
aqua	6836
consultancy	6836
finances	6836
accepts	6836
enjoying	6836
conventions	6836
patrol	6835
smell	6835
pest	6835
coordinates	6835
carnival	6835
roughly	6835
sticker	6835
promises	6835
responding	6835
reef	6835
physically	6835
divide	6835
stakeholders	6835
hydrocodone	6835
consecutive	6835
satin	6835
bon	6835
deserve	6835
attempting	6835
promo	6835
representations	6834
chan	6834
worried	6834
tunes	6834
garbage	6834
competing	6834
combines	6834
phrases	6834
kai	6834
peninsula	6834
boring	6834
dom	6834
jill	6834
accurately	6834
speeches	6834
reaches	6834
schema	6834
considers	6834
sofa	6834
catalogs	6834
ministries	6833
vacancies	6833
quizzes	6833
parliamentary	6833
obj	6833
prefix	6833
savannah	6833
barrel	6833
typing	6833
nerve	6833
planets	6833
deficit	6833
boulder	6833
pointing	6833
renew	6833
coupled	6833
viii	6833
metadata	6833
circuits	6833
floppy	6833
texture	6832
handbags	6832
jar	6832
incurred	6832
acknowledge	6832
thoroughly	6832
thunder	6832
tent	6832
caution	6832
identifies	6832
questionnaire	6832
qualification	6832
locks	6832
namely	6832
miniature	6832
hack	6832
dare	6832
euros	6832
interstate	6832
pirates	6832
aerial	6831
hawk	6831
consequence	6831
rebel	6831
systematic	6831
perceived	6831
origins	6831
hired	6831
makeup	6831
textile	6831
lamb	6831
presenting	6831
cos	6831
troubleshooting	6831
indexes	6831
pac	6831
centuries	6831
magnitude	6831
fragrances	6831
vocabulary	6831
licking	6830
earthquake	6830
fundraising	6830
markers	6830
weights	6830
geological	6830
assessing	6830
lasting	6830
wicked	6830
introduces	6830
kills	6830
roommate	6830
webcams	6830
pushed	6830
webmasters	6830
computational	6830
participated	6830
junk	6830
handhelds	6830
wax	6830
answering	6829
hans	6829
impressed	6829
slope	6829
reggae	6829
failures	6829
poet	6829
conspiracy	6829
surname	6829
theology	6829
nails	6829
evident	6829
whats	6829
rides	6829
rehab	6829
epic	6829
organizer	6829
nut	6829
allergy	6829
sake	6829
twisted	6828
combinations	6828
preceding	6828
merit	6828
enzyme	6828
cumulative	6828
planes	6828
tackle	6828
disks	6828
condo	6828
amplifier	6828
arbitrary	6828
prominent	6828
retrieve	6828
sans	6828
titanium	6828
fairy	6828
builds	6828
contacted	6828
shaft	6828
lean	6828
bye	6827
recorders	6827
occasional	6827
postings	6827
innovations	6827
kitty	6827
postcards	6827
dude	6827
drain	6827
monte	6827
fires	6827
blessed	6827
reviewing	6827
favors	6827
potato	6827
panic	6827
explicitly	6827
sticks	6827
transsexual	6827
citizenship	6827
excuse	6826
reforms	6826
basement	6826
onion	6826
strand	6826
sandwich	6826
lawsuit	6826
alto	6826
informative	6826
girlfriend	6826
cheque	6826
hierarchy	6826
influenced	6826
banners	6826
reject	6826
eau	6826
abandoned	6826
circles	6826
italic	6826
beats	6826
merry	6825
mil	6825
scuba	6825
gore	6825
complement	6825
cult	6825
dash	6825
passive	6825
valued	6825
cage	6825
checklist	6825
requesting	6825
courage	6825
verde	6825
scenarios	6825
gazette	6825
hitachi	6825
divx	6825
extraction	6825
batman	6825
elevation	6825
hearings	6824
lap	6824
utilization	6824
beverages	6824
calibration	6824
eval	6824
efficiently	6824
ping	6824
textbook	6824
dried	6824
entertaining	6824
prerequisite	6824
frontier	6824
settle	6824
stopping	6824
refugees	6824
knights	6824
hypothesis	6824
palmer	6824
medicines	6824
flux	6823
derby	6823
peaceful	6823
altered	6823
regression	6823
doctrine	6823
scenic	6823
trainers	6823
enhancements	6823
renewable	6823
intersection	6823
passwords	6823
sewing	6823
consistency	6823
collectors	6823
conclude	6823
celebs	6823
propose	6823
lighter	6823
rage	6823
uh	6823
prix	6822
astrology	6822
advisors	6822
pavilion	6822
tactics	6822
trusts	6822
occurring	6822
supplemental	6822
talented	6822
pillow	6822
induction	6822
precisely	6822
shorter	6822
spreading	6822
provinces	6822
relying	6822
finals	6822
steal	6822
parcel	6822
refined	6822
fifteen	6821
widespread	6821
incidence	6821
fears	6821
predict	6821
boutique	6821
acrylic	6821
rolled	6821
tuner	6821
incidents	6821
rays	6821
toddler	6821
enhancing	6821
flavor	6821
alike	6821
homeless	6821
horrible	6821
hungry	6821
metallic	6821
acne	6821
blocked	6821
interference	6820
warriors	6820
libs	6820
undo	6820
atmospheric	6820
dana	6820
halo	6820
ppm	6820
parental	6820
referenced	6820
strikes	6820
lesser	6820
publicity	6820
marathon	6820
ant	6820
proposition	6820
gays	6820
pressing	6820
gasoline	6820
apt	6820
dressed	6820
scout	6819
exec	6819
dealt	6819
niagara	6819
warcraft	6819
charms	6819
catalyst	6819
trader	6819
bucks	6819
allowance	6819
denial	6819
designation	6819
thrown	6819
prepaid	6819
raises	6819
gem	6819
duplicate	6819
electro	6819
criterion	6819
badge	6819
wrist	6818
civilization	6818
analyzed	6818
heath	6818
tremendous	6818
ballot	6818
varying	6818
remedies	6818
validity	6818
trustee	6818
maui	6818
weighted	6818
squirt	6818
performs	6818
plastics	6818
realm	6818
corrected	6818
jenny	6818
helmet	6818
salaries	6818
postcard	6818
elephant	6817
encountered	6817
tsunami	6817
scholar	6817
nickel	6817
internationally	6817
surrounded	6817
psi	6817
buses	6817
geology	6817
pct	6817
creatures	6817
coating	6817
commented	6817
wallet	6817
cleared	6817
smilies	6817
vids	6817
accomplish	6817
boating	6817
drainage	6817
corners	6816
broader	6816
vegetarian	6816
rouge	6816
yeast	6816
clearing	6816
investigated	6816
ambassador	6816
coated	6816
intend	6816
contacting	6816
vegetation	6816
doom	6816
specially	6816
routines	6816
hitting	6816
beings	6816
bite	6816
issn	6816
aquatic	6816
reliance	6816
habits	6815
striking	6815
myth	6815
infectious	6815
podcasts	6815
gig	6815
continuity	6815
brook	6815
outputs	6815
phenomenon	6815
ensemble	6815
insulin	6815
assured	6815
biblical	6815
weed	6815
conscious	6815
accent	6815
eleven	6815
wives	6815
ambient	6815
utilize	6815
mileage	6814
prostate	6814
adaptor	6814
auburn	6814
unlock	6814
pledge	6814
vampire	6814
relates	6814
nitrogen	6814
xerox	6814
dice	6814
merger	6814
softball	6814
referrals	6814
quad	6814
dock	6814
differently	6814
firewire	6814
mods	6814
framing	6814
musician	6814
blocking	6813
sorts	6813
integrating	6813
limiting	6813
dispatch	6813
revisions	6813
papua	6813
restored	6813
hint	6813
armor	6813
riders	6813
chargers	6813
remark	6813
dozens	6813
varies	6813
reasoning	6813
liz	6813
rendered	6813
picking	6813
charitable	6813
guards	6813
annotated	6812
ccd	6812
convinced	6812
openings	6812
buys	6812
replacing	6812
researcher	6812
watershed	6812
councils	6812
occupations	6812
acknowledged	6812
nudity	6812
pockets	6812
granny	6812
pork	6812
equilibrium	6812
viral	6812
inquire	6812
pipes	6812
characterized	6812
laden	6812
cottages	6811
realtor	6811
merge	6811
privilege	6811
develops	6811
qualifying	6811
chassis	6811
estimation	6811
barn	6811
pushing	6811
fleece	6811
pediatric	6811
fare	6811
pierce	6811
dressing	6811
sperm	6811
bald	6811
craps	6811
fuji	6811
frost	6811
institutes	6811
mold	6811
dame	6810
sally	6810
yacht	6810
tracy	6810
prefers	6810
drilling	6810
brochures	6810
herb	6810
tmp	6810
ate	6810
breach	6810
whale	6810
traveller	6810
appropriations	6810
suspected	6810
tomatoes	6810
benchmark	6810
beginners	6810
instructors	6810
highlighted	6810
stationery	6810
idle	6809
mustang	6809
unauthorized	6809
clusters	6809
antibody	6809
competent	6809
momentum	6809
fin	6809
wiring	6809
pastor	6809
mud	6809
uni	6809
shark	6809
contributor	6809
demonstrates	6809
phases	6809
grateful	6809
emerald	6809
gradually	6809
laughing	6809
grows	6809
cliff	6808
desirable	6808
tract	6808
ballet	6808
journalist	6808
bumper	6808
afterwards	6808
webpage	6808
religions	6808
garlic	6808
hostels	6808
shine	6808
explosion	6808
banned	6808
briefs	6808
signatures	6808
diffs	6808
cove	6808
ozone	6808
disciplines	6808
casa	6808
daughters	6808
conversations	6807
radios	6807
tariff	6807
opponent	6807
pasta	6807
simplified	6807
muscles	6807
serum	6807
wrapped	6807
swift	6807
motherboard	6807
runtime	6807
inbox	6807
focal	6807
bibliographic	6807
vagina	6807
eden	6807
distant	6807
champagne	6807
decimal	6807
deviation	6807
superintendent	6806
dip	6806
nbc	6806
samba	6806
hostel	6806
housewives	6806
employ	6806
penguin	6806
magical	6806
influences	6806
inspections	6806
irrigation	6806
miracle	6806
manually	6806
reprint	6806
hydraulic	6806
centered	6806
flex	6806
yearly	6806
penetration	6806
wound	6806
belle	6806
rosa	6805
conviction	6805
hash	6805
omissions	6805
writings	6805
hamburg	6805
lazy	6805
mpg	6805
retrieval	6805
qualities	6805
fathers	6805
carb	6805
charging	6805
marvel	6805
lined	6805
dow	6805
prototype	6805
importantly	6805
petite	6805
apparatus	6805
terrain	6805
pens	6804
explaining	6804
yen	6804
strips	6804
gossip	6804
rangers	6804
nomination	6804
empirical	6804
rotary	6804
worm	6804
dependence	6804
discrete	6804
beginner	6804
boxed	6804
lid	6804
sexuality	6804
polyester	6804
cubic	6804
deaf	6804
commitments	6804
suggesting	6804
sapphire	6804
kinase	6803
skirts	6803
mats	6803
remainder	6803
labeled	6803
privileges	6803
televisions	6803
specializing	6803
marking	6803
commodities	6803
sheriff	6803
griffin	6803
declined	6803
spies	6803
blah	6803
mime	6803
neighbor	6803
motorcycles	6803
elect	6803
highways	6803
concentrate	6803
intimate	6803
reproductive	6802
deadly	6802
bunny	6802
chevy	6802
molecules	6802
rounds	6802
longest	6802
refrigerator	6802
intervals	6802
sentences	6802
dentists	6802
usda	6802
exclusion	6802
workstation	6802
holocaust	6802
keen	6802
flyer	6802
peas	6802
dosage	6802
receivers	6802
disposition	6802
variance	6802
navigator	6801
investigators	6801
baking	6801
marijuana	6801
adaptive	6801
computed	6801
needle	6801
baths	6801
cathedral	6801
brakes	6801
nirvana	6801
owns	6801
til	6801
sticky	6801
destiny	6801
generous	6801
madness	6801
emacs	6801
climb	6801
blowing	6801
fascinating	6801
landscapes	6800
heated	6800
computation	6800
hay	6800
cardiovascular	6800
cardiac	6800
salvation	6800
dover	6800
predictions	6800
accompanying	6800
brutal	6800
learners	6800
selective	6800
arbitration	6800
configuring	6800
token	6800
editorials	6800
zinc	6800
sacrifice	6800
seekers	6800
guru	6800
isa	6800
removable	6799
convergence	6799
yields	6799
levy	6799
suited	6799
numeric	6799
anthropology	6799
skating	6799
kinda	6799
emperor	6799
grad	6799
malpractice	6799
bras	6799
belts	6799
blacks	6799
educated	6799
rebates	6799
reporters	6799
burke	6799
proudly	6799
pix	6799
necessity	6799
rendering	6798
mic	6798
inserted	6798
pulling	6798
obesity	6798
curves	6798
suburban	6798
touring	6798
vertex	6798
hepatitis	6798
nationally	6798
tomato	6798
waterproof	6798
expired	6798
travels	6798
flush	6798
waiver	6798
pale	6798
specialties	6798
humanitarian	6798
invitations	6798
functioning	6798
delight	6797
survivor	6797
economies	6797
bacterial	6797
counted	6797
undertake	6797
declare	6797
continuously	6797
johns	6797
valves	6797
gaps	6797
impaired	6797
achievements	6797
donors	6797
tear	6797
jewel	6797
teddy	6797
convertible	6797
teaches	6797
ventures	6797
nil	6797
stranger	6797
tragedy	6796
nest	6796
pam	6796
dryer	6796
painful	6796
velvet	6796
tribunal	6796
ruled	6796
nato	6796
pensions	6796
prayers	6796
funky	6796
secretariat	6796
nowhere	6796
cop	6796
paragraphs	6796
gale	6796
joins	6796
adolescent	6796
nominations	6796
dim	6796
lately	6796
cancelled	6796
scary	6795
mattress	6795
mpegs	6795
likewise	6795
banana	6795
introductory	6795
cakes	6795
reservoir	6795
occurrence	6795
idol	6795
bloody	6795
mixer	6795
remind	6795
demographic	6795
charming	6795
mai	6795
tooth	6795
disciplinary	6795
annoying	6795
respected	6795
stays	6795
disclose	6795
affair	6794
drove	6794
washer	6794
upset	6794
restrict	6794
springer	6794
beside	6794
mines	6794
portraits	6794
rebound	6794
mentor	6794
interpreted	6794
evaluations	6794
fought	6794
elimination	6794
hypothetical	6794
immigrants	6794
complimentary	6794
helicopter	6794
pencil	6794
freeze	6794
performer	6794
titled	6793
commissions	6793
sphere	6793
moss	6793
ratios	6793
concord	6793
graduated	6793
endorsed	6793
surprising	6793
walnut	6793
lance	6793
ladder	6793
unnecessary	6793
dramatically	6793
cork	6793
maximize	6793
senators	6793
workout	6793
bleeding	6793
characterization	6793
colon	6793
likelihood	6793
lanes	6792
purse	6792
fundamentals	6792
contamination	6792
endangered	6792
compromise	6792
masturbation	6792
optimize	6792
stating	6792
dome	6792
leu	6792
expiration	6792
namespace	6792
align	6792
peripheral	6792
bless	6792
engaging	6792
negotiation	6792
crest	6792
opponents	6792
triumph	6792
nominated	6792
confidentiality	6792
electoral	6791
welding	6791
orgasm	6791
deferred	6791
alternatively	6791
heel	6791
alloy	6791
condos	6791
plots	6791
polished	6791
yang	6791
gently	6791
locking	6791
controversial	6791
draws	6791
fridge	6791
blanket	6791
bloom	6791
recovered	6791
justify	6791
upgrading	6791
blades	6791
loops	6790
surge	6790
trauma	6790
aw	6790
advert	6790
possess	6790
demanding	6790
defensive	6790
sip	6790
flashers	6790
forbidden	6790
vanilla	6790
programmers	6790
monitored	6790
installations	6790
picnic	6790
souls	6790
arrivals	6790
spank	6790
practitioner	6790
motivated	6790
dumb	6790
hollow	6790
vault	6789
securely	6789
examining	6789
groove	6789
revelation	6789
pursuit	6789
delegation	6789
wires	6789
dictionaries	6789
mails	6789
backing	6789
greenhouse	6789
sleeps	6789
transparency	6789
dee	6789
travis	6789
endless	6789
figured	6789
orbit	6789
currencies	6789
bacon	6789
survivors	6789
positioning	6788
heater	6788
colony	6788
cannon	6788
circus	6788
promoted	6788
descending	6788
spine	6788
trout	6788
enclosed	6788
feat	6788
temporarily	6788
cooked	6788
thriller	6788
transmit	6788
fatty	6788
pressed	6788
frequencies	6788
scanned	6788
reflections	6788
hunger	6788
sic	6788
municipality	6788
detective	6787
surgeon	6787
cement	6787
experiencing	6787
fireplace	6787
endorsement	6787
planners	6787
disputes	6787
textiles	6787
missile	6787
intranet	6787
closes	6787
psychiatry	6787
persistent	6787
conf	6787
assists	6787
summaries	6787
glow	6787
auditor	6787
aquarium	6787
violin	6787
prophet	6787
cir	6787
bracket	6786
oxide	6786
oaks	6786
magnificent	6786
colleague	6786
promptly	6786
modems	6786
adaptation	6786
harmful	6786
paintball	6786
prozac	6786
sexually	6786
enclosure	6786
dividend	6786
glucose	6786
phantom	6786
norm	6786
playback	6786
supervisors	6786
turtle	6786
distances	6786
absorption	6786
treasures	6786
warned	6785
neural	6785
ware	6785
fossil	6785
hometown	6785
badly	6785
transcripts	6785
wan	6785
disappointed	6785
continually	6785
communist	6785
collectible	6785
handmade	6785
entrepreneurs	6785
robots	6785
creations	6785
jade	6785
scoop	6785
acquisitions	6785
foul	6785
keno	6785
earning	6785
mailman	6784
nested	6784
biodiversity	6784
excitement	6784
movers	6784
verbal	6784
blink	6784
presently	6784
seas	6784
workflow	6784
mysterious	6784
novelty	6784
tiles	6784
librarian	6784
subsidiaries	6784
switched	6784
pose	6784
fuzzy	6784
grams	6784
therapist	6784
budgets	6784
toolkit	6784
promising	6784
relaxation	6783
goat	6783
render	6783
carmen	6783
ira	6783
sen	6783
thereafter	6783
hardwood	6783
erotica	6783
temporal	6783
sail	6783
forge	6783
commissioners	6783
dense	6783
brave	6783
forwarding	6783
awful	6783
nightmare	6783
airplane	6783
reductions	6783
impose	6783
organisms	6783
telescope	6783
viewers	6782
asbestos	6782
enters	6782
pod	6782
savage	6782
advancement	6782
harassment	6782
willow	6782
resumes	6782
bolt	6782
gage	6782
throwing	6782
existed	6782
generators	6782
wagon	6782
barbie	6782
dat	6782
knock	6782
urge	6782
smtp	6782
generates	6782
potatoes	6782
thorough	6782
replication	6781
inexpensive	6781
receptors	6781
peers	6781
optimum	6781
neon	6781
interventions	6781
quilt	6781
creature	6781
ours	6781
mounts	6781
internship	6781
lone	6781
refresh	6781
snowboard	6781
webcast	6781
evanescence	6781
subtle	6781
coordinated	6781
shipments	6781
stripes	6781
firmware	6781
cope	6781
shepherd	6780
cradle	6780
chancellor	6780
mambo	6780
lime	6780
kirk	6780
flour	6780
controversy	6780
legendary	6780
bool	6780
sympathy	6780
choir	6780
avoiding	6780
beautifully	6780
blond	6780
expects	6780
jumping	6780
fabrics	6780
antibodies	6780
polymer	6780
hygiene	6780
wit	6780
poultry	6780
virtue	6780
burst	6779
examinations	6779
surgeons	6779
bouquet	6779
immunology	6779
promotes	6779
mandate	6779
departmental	6779
bbs	6779
spas	6779
ind	6779
corpus	6779
terminology	6779
gentleman	6779
fibre	6779
reproduce	6779
convicted	6779
shades	6779
jets	6779
indices	6779
roommates	6779
adware	6779
qui	6779
threatening	6778
spokesman	6778
activists	6778
prisoner	6778
daisy	6778
encourages	6778
cursor	6778
assembled	6778
earliest	6778
donated	6778
stuffed	6778
restructuring	6778
insects	6778
terminals	6778
crude	6778
maiden	6778
simulations	6778
sufficiently	6778
examines	6778
viking	6778
myrtle	6778
bored	6778
cleanup	6778
yarn	6777
knit	6777
conditional	6777
mug	6777
crossword	6777
bother	6777
conceptual	6777
knitting	6777
attacked	6777
mating	6777
compute	6777
redhead	6777
arrives	6777
translator	6777
automobiles	6777
tractor	6777
continent	6777
unwrap	6777
fares	6777
longitude	6777
resist	6777
challenged	6777
hoped	6777
pike	6777
safer	6776
insertion	6776
instrumentation	6776
ids	6776
constraint	6776
groundwater	6776
touched	6776
strengthening	6776
cologne	6776
gzip	6776
wishing	6776
ranger	6776
smallest	6776
insulation	6776
marsh	6776
ctrl	6776
scared	6776
theta	6776
infringement	6776
bent	6776
subjective	6776
monsters	6776
asylum	6776
stake	6775
cocktail	6775
outlets	6775
varieties	6775
arbor	6775
configurations	6775
poison	6775
ethnicity	6775
dominated	6775
costly	6775
derivatives	6775
prevents	6775
stitch	6775
rifle	6775
severity	6775
notable	6775
warfare	6775
retailing	6775
judiciary	6775
embroidery	6775
mama	6775
inland	6775
nonfiction	6775
homeowners	6774
racism	6774
interpret	6774
accord	6774
modest	6774
gamers	6774
licensee	6774
countryside	6774
sorting	6774
liaison	6774
bisexual	6774
unused	6774
bulbs	6774
consuming	6774
installer	6774
tourists	6774
sandals	6774
bestselling	6774
insure	6774
packaged	6774
behaviors	6774
clarify	6774
seconded	6774
activate	6774
waist	6773
attributed	6773
fatigue	6773
owl	6773
patriot	6773
sewer	6773
crystals	6773
forthcoming	6773
num	6773
treats	6773
marino	6773
detention	6773
vitro	6773
exceeds	6773
complementary	6773
cosponsors	6773
gallon	6773
coil	6773
battles	6773
traders	6773
bitter	6773
memorandum	6773
burned	6773
cardinal	6773
dragons	6772
converting	6772
din	6772
incredibly	6772
delegates	6772
turks	6772
demos	6772
balancing	6772
btw	6772
vet	6772
sided	6772
claiming	6772
psychiatric	6772
teenagers	6772
courtyard	6772
presidents	6772
offenders	6772
depart	6772
grading	6772
cuban	6772
tenants	6772
expressly	6772
distinctive	6772
lily	6771
brackets	6771
unofficial	6771
oversight	6771
valentines	6771
privately	6771
wetlands	6771
minded	6771
resin	6771
allies	6771
twilight	6771
preserved	6771
crossed	6771
linen	6771
quicktime	6771
ascending	6771
seals	6771
nominal	6771
decay	6771
weaknesses	6771
underwater	6771
quartz	6771
registers	6771
eighth	6771
usher	6770
improves	6770
advocates	6770
phenomena	6770
buffet	6770
deciding	6770
skate	6770
joey	6770
hackers	6770
tilt	6770
supportive	6770
granite	6770
repeatedly	6770
lynch	6770
masses	6770
transformed	6770
athlete	6770
targeting	6770
franc	6770
bead	6770
enforce	6770
preschool	6770
similarity	6770
landlord	6770
leak	6769
timor	6769
assorted	6769
implements	6769
adviser	6769
flats	6769
compelling	6769
vouchers	6769
megapixel	6769
booklet	6769
expecting	6769
heels	6769
voter	6769
reimbursement	6769
turnover	6769
urine	6769
radeon	6769
capri	6769
towel	6769
ginger	6769
italicized	6769
suburbs	6769
imagery	6769
chromosome	6769
optimized	6768
sears	6768
flies	6768
upgraded	6768
competence	6768
colorful	6768
inadequate	6768
crying	6768
amateurs	6768
crane	6768
defendants	6768
deployed	6768
governed	6768
considerably	6768
investigating	6768
rotten	6768
popup	6768
garnet	6768
habit	6768
bulb	6768
scattered	6768
useless	6768
protects	6768
northwestern	6768
audiences	6767
iris	6767
coupe	6767
manages	6767
erosion	6767
oceania	6767
abundance	6767
carpenter	6767
khan	6767
insufficient	6767
highlands	6767
peters	6767
fertility	6767
formulation	6767
clever	6767
primer	6767
lords	6767
tends	6767
enjoyable	6767
handbag	6767
crescent	6767
bypass	6767
freshman	6767
playground	6767
negotiate	6766
sixty	6766
exploit	6766
orgies	6766
boyfriend	6766
permanently	6766
concentrated	6766
distinguish	6766
hogtied	6766
projections	6766
spark	6766
illustrate	6766
clipart	6766
patience	6766
securing	6766
pathway	6766
detectors	6766
newsgroups	6766
shallow	6766
stir	6766
spike	6766
plated	6766
drawer	6766
ingredient	6766
togo	6765
spectra	6765
lifting	6765
curtain	6765
disclosed	6765
tactical	6765
pilots	6765
mailbox	6765
expedition	6765
pile	6765
operative	6765
maturity	6765
caller	6765
distortion	6765
prosecution	6765
het	6765
landscaping	6765
tonga	6765
mol	6765
imprint	6765
receipts	6765
assisting	6765
sanctions	6765
goodbye	6765
viable	6764
emerged	6764
defect	6764
poorly	6764
goddess	6764
backs	6764
observers	6764
magnets	6764
formulas	6764
spacious	6764
shoulders	6764
argues	6764
wade	6764
soils	6764
chapman	6764
organs	6764
loyalty	6764
beloved	6764
sometime	6764
beating	6764
faithful	6764
hunks	6764
appellant	6764
invested	6764
whatsoever	6763
numbered	6763
terminated	6763
expands	6763
lithium	6763
sedan	6763
pony	6763
comprises	6763
leap	6763
bolton	6763
founding	6763
swan	6763
planting	6763
alphabetically	6763
facials	6763
covenant	6763
dropping	6763
calories	6763
airways	6763
archaeology	6763
refill	6763
sailor	6763
fittings	6763
lining	6763
banquet	6763
cares	6762
sanctuary	6762
flora	6762
pornstar	6762
statue	6762
quotation	6762
equals	6762
hardy	6762
vcd	6762
jumper	6762
caravan	6762
diagrams	6762
harness	6762
majors	6762
headsets	6762
manipulation	6762
bells	6762
vascular	6762
alongside	6762
impressions	6762
yankees	6762
toxicity	6762
forwarded	6762
gal	6762
transmitter	6761
freeman	6761
denim	6761
scat	6761
neighborhoods	6761
puppies	6761
relaxing	6761
trophy	6761
emotion	6761
slipknot	6761
nets	6761
sights	6761
uniforms	6761
residual	6761
disasters	6761
asterisk	6761
versatile	6761
liquor	6761
kindergarten	6761
profitable	6761
wounded	6761
bash	6761
derivative	6761
necklaces	6761
tot	6760
occupancy	6760
postgraduate	6760
doses	6760
educate	6760
baked	6760
glove	6760
wastewater	6760
prejudice	6760
constructor	6760
technicians	6760
probable	6760
issuance	6760
mbps	6760
incorporation	6760
rem	6760
evolutionary	6760
arriving	6760
decoration	6760
nationals	6760
trojan	6760
assistants	6760
counselor	6760
spinal	6760
eliminated	6760
sooner	6759
struggling	6759
enacted	6759
waterfront	6759
tenure	6759
plush	6759
weber	6759
diagnosed	6759
biotech	6759
unstable	6759
elk	6759
woodland	6759
nelly	6759
fulfill	6759
urged	6759
reflecting	6759
unsecured	6759
gaining	6759
cis	6759
definitive	6759
appropriately	6759
shifts	6759
inactive	6759
traveled	6759
barcode	6758
adapt	6758
extracted	6758
accession	6758
regulator	6758
carriage	6758
therein	6758
terminate	6758
rex	6758
fuels	6758
txt	6758
traditionally	6758
withdraw	6758
soy	6758
makefile	6758
anchorage	6758
ansi	6758
landmark	6758
greens	6758
neat	6758
naming	6758
stern	6758
lacrosse	6758
bud	6758
slaves	6758
dentist	6757
utilizing	6757
mis	6757
crafted	6757
bbq	6757
tutor	6757
idiot	6757
comprised	6757
charities	6757
mickey	6757
debit	6757
aliens	6757
domino	6757
dmx	6757
edits	6757
unwanted	6757
raven	6757
defeated	6757
strains	6757
dwelling	6757
slice	6757
tanning	6757
aspen	6757
lacking	6757
symbolic	6757
objectionable	6756
angles	6756
lemma	6756
pressures	6756
sensing	6756
mediation	6756
bump	6756
cowboys	6756
flames	6756
primitive	6756
kbps	6756
stocking	6756
dolby	6756
balloons	6756
ecosystem	6756
dashboard	6756
technorati	6756
halls	6756
decorations	6756
pause	6756
simplicity	6756
postscript	6756
dividends	6756
relaxed	6756
periodicals	6756
demon	6755
welcomed	6755
infinity	6755
handler	6755
notation	6755
chandler	6755
aunt	6755
interviewed	6755
crow	6755
semantic	6755
discontinued	6755
concurrent	6755
decides	6755
caption	6755
bargaining	6755
globalization	6755
complain	6755
pulmonary	6755
adhesive	6755
toledo	6755
asses	6755
altitude	6755
compass	6755
closet	6755
reebok	6754
couch	6754
evolved	6754
downs	6754
exceeding	6754
rogue	6754
unfair	6754
electronically	6754
inspirational	6754
infantry	6754
renowned	6754
corridor	6754
philosophical	6754
scripture	6754
celebrating	6754
justification	6754
rebuild	6754
vacant	6754
manuscript	6754
fixing	6754
motherboards	6754
gram	6754
hiding	6754
methodist	6754
inherent	6754
dye	6753
sits	6753
alphabet	6753
shelves	6753
toes	6753
cleaned	6753
honored	6753
optic	6753
telephones	6753
tailored	6753
insect	6753
diaries	6753
chili	6753
grief	6753
sweat	6753
dolphin	6753
pendants	6753
wonders	6753
ventilation	6753
ucla	6753
masks	6753
celeb	6753
bust	6753
lateral	6753
quake	6753
palo	6752
usability	6752
alley	6752
backyard	6752
sanders	6752
pathways	6752
telegraph	6752
pertaining	6752
memorable	6752
refunds	6752
newsroom	6752
professors	6752
kia	6752
monument	6752
taxpayer	6752
formally	6752
cola	6752
twain	6752
boise	6752
dew	6752
lavender	6752
refinancing	6752
justified	6752
withdrawn	6752
breeze	6752
debates	6751
gems	6751
cert	6751
doctoral	6751
backpack	6751
identities	6751
outgoing	6751
yankee	6751
outs	6751
snacks	6751
deficiency	6751
booster	6751
taxable	6751
gum	6751
progression	6751
saddle	6751
malaria	6751
loyal	6751
torrent	6751
imc	6751
ufo	6751
dentistry	6751
renal	6751
fedora	6751
odyssey	6751
spite	6751
capita	6750
nyse	6750
guideline	6750
imply	6750
inaccuracies	6750
tendency	6750
freezer	6750
wholly	6750
chill	6750
utilized	6750
embrace	6750
binoculars	6750
liner	6750
manila	6750
auxiliary	6750
initiate	6750
elevated	6750
purely	6750
demographics	6750
fry	6750
lifts	6750
vivid	6750
enroll	6750
allegations	6750
stationary	6750
corresponds	6749
daemon	6749
foil	6749
celebrated	6749
buddies	6749
alarms	6749
hunters	6749
crashes	6749
stairs	6749
outlines	6749
steroids	6749
pogo	6749
acted	6749
hotline	6749
amps	6749
critique	6749
accountants	6749
coefficient	6749
honestly	6749
transvestite	6749
upstream	6749
skull	6749
continuation	6749
servant	6749
falcon	6749
jointly	6748
avoided	6748
comprising	6748
tick	6748
ladyboy	6748
terrier	6748
listened	6748
explanations	6748
renewed	6748
incorporating	6748
variant	6748
biochemistry	6748
duplication	6748
equatorial	6748
critic	6748
sediment	6748
translators	6748
squares	6748
scottsdale	6748
ninja	6748
deg	6748
bot	6748
lea	6748
vans	6748
voucher	6748
honeymoon	6747
percussion	6747
glue	6747
wheelchair	6747
cone	6747
margins	6747
sands	6747
survived	6747
spinning	6747
epidemiology	6747
adequately	6747
pentagon	6747
spectral	6747
diabetic	6747
stressed	6747
prevalence	6747
contaminated	6747
fragment	6747
dvi	6747
finishes	6747
lecturer	6747
biomedical	6747
embroidered	6747
bucket	6747
steak	6747
gameboy	6747
commits	6746
cobra	6746
subset	6746
gucci	6746
threw	6746
authorize	6746
zombie	6746
decorated	6746
credited	6746
recycled	6746
followup	6746
recruit	6746
gals	6746
hoc	6746
hdd	6746
bidders	6746
wherein	6746
simulator	6746
appearances	6746
performers	6746
dessert	6746
dissertation	6746
exporters	6746
ninth	6746
mutant	6746
nos	6745
marry	6745
blankets	6745
enthusiasm	6745
confusing	6745
celebrations	6745
approaching	6745
bounce	6745
spiral	6745
ssh	6745
governors	6745
weakness	6745
authoring	6745
specializes	6745
wills	6745
atoms	6745
tissues	6745
reminded	6745
drake	6745
olds	6745
ramp	6745
practicing	6745
nicely	6745
surprisingly	6745
expressing	6745
della	6745
laurel	6744
rails	6744
fried	6744
ambulance	6744
practically	6744
traded	6744
signaling	6744
vivo	6744
malls	6744
domination	6744
shrimp	6744
chords	6744
impairment	6744
scooter	6744
molecule	6744
dedication	6744
desires	6744
woody	6744
dismissed	6744
cheerleader	6744
cried	6744
psychic	6744
cracks	6744
lotion	6744
analyzing	6744
substrate	6743
sincerely	6743
mmc	6743
beaten	6743
piercing	6743
homemade	6743
establishments	6743
marginal	6743
visions	6743
efficacy	6743
freshwater	6743
topical	6743
prestige	6743
cocaine	6743
accelerated	6743
pinnacle	6743
tucker	6743
rms	6743
recognizes	6743
plugs	6743
responsive	6743
coded	6743
supra	6743
omitted	6743
molly	6743
proximity	6743
belonging	6742
unbiased	6742
pear	6742
chiefs	6742
collision	6742
supplementary	6742
parkway	6742
clue	6742
scandal	6742
duff	6742
lodges	6742
dangers	6742
lys	6742
bonuses	6742
scam	6742
scream	6742
biking	6742
discrepancies	6742
pirate	6742
timeout	6742
senses	6742
repeats	6742
resellers	6742
willie	6742
portfolios	6742
rival	6742
ops	6741
slower	6741
simulated	6741
culinary	6741
beck	6741
semantics	6741
huh	6741
scarface	6741
accountant	6741
beige	6741
auditing	6741
propaganda	6741
amplifiers	6741
offender	6741
waterloo	6741
coli	6741
executable	6741
restart	6741
rounded	6741
boarding	6741
vanity	6741
mitigation	6741
tome	6741
prof	6741
overstock	6741
homer	6741
eps	6740
daylight	6740
hmm	6740
gases	6740
dependency	6740
dioxide	6740
fireworks	6740
genus	6740
approached	6740
catching	6740
cutter	6740
connects	6740
explores	6740
liberals	6740
aperture	6740
roofing	6740
elastic	6740
melody	6740
sins	6740
cousin	6740
hath	6740
torque	6740
recalls	6740
consultations	6740
memberships	6740
debts	6740
renting	6739
cdc	6739
burial	6739
balcony	6739
prescriptions	6739
prop	6739
willis	6739
myths	6739
coupling	6739
knees	6739
oncology	6739
neglect	6739
emerge	6739
clutch	6739
shy	6739
poets	6739
woven	6739
bloglines	6739
auditorium	6739
maid	6739
carrie	6739
towels	6739
remodeling	6739
barber	6739
intuitive	6739
rigid	6739
degradation	6738
ret	6738
haha	6738
orthodox	6738
coordinating	6738
holistic	6738
salsa	6738
fragments	6738
qualitative	6738
claude	6738
minorities	6738
childcare	6738
blown	6738
diffusion	6738
baton	6738
barton	6738
umbrella	6738
soundtracks	6738
rods	6738
stimulation	6738
abbey	6738
pigs	6738
debugging	6738
rechargeable	6738
engineered	6738
jerseys	6738
refugee	6737
straps	6737
maya	6737
discourse	6737
superstore	6737
headache	6737
stained	6737
marital	6737
socialist	6737
hex	6737
bruno	6737
attracted	6737
undertaking	6737
slavery	6737
notwithstanding	6737
blogroll	6737
feasible	6737
romans	6737
credibility	6737
shores	6737
fest	6737
thames	6737
flowing	6737
dreamweaver	6737
diets	6737
deed	6737
sauna	6736
whirlpool	6736
perfumes	6736
sustain	6736
mechanic	6736
eliminating	6736
rejection	6736
multiplayer	6736
bowls	6736
dissemination	6736
shareholder	6736
cardinals	6736
kitts	6736
cosmic	6736
defective	6736
deletion	6736
lengths	6736
beacon	6736
hoover	6736
ptr	6736
politically	6736
elective	6736
forensic	6736
botanical	6736
quartet	6736
ceramics	6736
suspense	6735
drafting	6735
cruel	6735
observing	6735
freestyle	6735
advertised	6735
commencement	6735
southwestern	6735
conform	6735
helmets	6735
organizers	6735
firing	6735
smartphone	6735
eager	6735
cmd	6735
hypertension	6735
searchable	6735
touching	6735
vacancy	6735
servicing	6735
papa	6735
settlements	6735
strawberry	6735
gloria	6735
elevator	6735
pupil	6735
feast	6734
ecards	6734
redemption	6734
profound	6734
canton	6734
registering	6734
warn	6734
conservatives	6734
clit	6734
bonnie	6734
laying	6734
cops	6734
provisional	6734
compiling	6734
strive	6734
snowboarding	6734
releasing	6734
shells	6734
painter	6734
cooker	6734
ankle	6734
peso	6734
leagues	6734
monkeys	6734
historically	6734
lego	6734
transitions	6734
prevented	6733
digits	6733
err	6733
banker	6733
sup	6733
easiest	6733
microbiology	6733
borrow	6733
internships	6733
bamboo	6733
denotes	6733
communicating	6733
vectors	6733
decks	6733
craigslist	6733
vibration	6733
stepped	6733
vent	6733
blunt	6733
protector	6733
react	6733
understands	6733
rises	6733
issuing	6733
heaters	6733
accents	6733
insane	6732
buddha	6732
voyage	6732
colonel	6732
transitional	6732
acceleration	6732
sketch	6732
balances	6732
firearms	6732
nightly	6732
visualization	6732
deduction	6732
dancer	6732
coats	6732
pol	6732
capsules	6732
firmly	6732
doo	6732
dots	6732
pursuing	6732
newswire	6732
mugs	6732
brokerage	6732
washed	6732
overtime	6732
resonance	6732
mosaic	6732
fiesta	6731
sourcing	6731
vase	6731
filings	6731
forcing	6731
fairs	6731
flute	6731
durability	6731
sizing	6731
exceeded	6731
meadows	6731
harsh	6731
outfit	6731
labeling	6731
substitution	6731
whois	6731
cease	6731
deserves	6731
aboard	6731
paradigm	6731
perfection	6731
joints	6731
overwhelming	6731
linguistics	6731
standardized	6731
poles	6731
bounds	6730
nutrients	6730
vera	6730
advising	6730
altogether	6730
devils	6730
dignity	6730
europa	6730
barbuda	6730
wondered	6730
cheshire	6730
sliding	6730
accumulation	6730
descriptive	6730
feasibility	6730
negotiating	6730
homo	6730
pier	6730
nazi	6730
cote	6730
premiums	6730
arrays	6730
lutheran	6730
syllabus	6730
fellows	6730
superman	6730
animations	6730
ideally	6729
activism	6729
splash	6729
chairperson	6729
equip	6729
saga	6729
leverage	6729
probation	6729
gran	6729
commissioned	6729
hedge	6729
fender	6729
violet	6729
dancers	6729
mutation	6729
envelopes	6729
compulsory	6729
hitler	6729
favorable	6729
rue	6729
handset	6729
preparations	6729
illustrates	6729
inheritance	6729
curry	6729
vulnerabilities	6729
pga	6729
oblique	6728
pearls	6728
worms	6728
activist	6728
satisfying	6728
ldap	6728
succeeded	6728
prerequisites	6728
maintainer	6728
apples	6728
elf	6728
dewey	6728
surviving	6728
pouch	6728
advent	6728
proposes	6728
hooks	6728
exploitation	6728
singers	6728
mayo	6728
mansion	6728
cha	6728
surrender	6728
accumulated	6728
arsenal	6728
dub	6728
screws	6727
pyramid	6727
enjoys	6727
hacking	6727
stripe	6727
averages	6727
peaks	6727
tai	6727
lisp	6727
limousine	6727
mentoring	6727
affirmative	6727
keynote	6727
classrooms	6727
planted	6727
petitioner	6727
residency	6727
spoon	6727
bombs	6727
niche	6727
deadlines	6727
fortunately	6727
cigar	6727
vis	6727
calculating	6727
bookshop	6727
proportional	6727
credentials	6726
deprecated	6726
nonetheless	6726
municipalities	6726
chin	6726
locker	6726
squash	6726
expectation	6726
severely	6726
spotted	6726
curse	6726
hifi	6726
coconut	6726
interrupt	6726
conductor	6726
wont	6726
liberation	6726
forex	6726
diagnostics	6726
grandfather	6726
removes	6726
ew	6726
luxurious	6726
titan	6726
dreamcast	6726
tumors	6726
booked	6726
indirectly	6725
nile	6725
blessing	6725
lumber	6725
pillows	6725
portals	6725
illustrator	6725
asleep	6725
potassium	6725
prompted	6725
shout	6725
nudes	6725
rationale	6725
hubs	6725
presidency	6725
abnormal	6725
delicate	6725
convince	6725
whoever	6725
subway	6725
straw	6725
lifted	6725
mankind	6725
uncertain	6725
citrus	6725
paramount	6725
cameltoe	6725
upright	6724
breakfasts	6724
inspectors	6724
emergencies	6724
reuse	6724
sightseeing	6724
shocked	6724
therapies	6724
alcoholic	6724
bakery	6724
lieutenant	6724
orchid	6724
histories	6724
loses	6724
widget	6724
variability	6724
suede	6724
observatory	6724
soda	6724
waited	6724
preventive	6724
peach	6724
calculus	6724
selector	6724
breathe	6724
diaper	6724
smiling	6724
ounces	6723
economically	6723
uncut	6723
intact	6723
noting	6723
shifting	6723
samurai	6723
subtotal	6723
coefficients	6723
duplex	6723
ivy	6723
delegate	6723
lightly	6723
negotiated	6723
analyzer	6723
congestion	6723
runners	6723
stove	6723
charset	6723
accidental	6723
talents	6723
refuge	6723
guadeloupe	6723
nutrient	6723
underway	6723
carved	6723
ark	6723
freak	6723
obstacles	6722
preferably	6722
bluff	6722
excerpts	6722
jasper	6722
formatted	6722
sed	6722
newborn	6722
sadly	6722
laughed	6722
avail	6722
regulate	6722
orchard	6722
inhibitors	6722
mythology	6722
prestigious	6722
deploy	6722
trousers	6722
gameplay	6722
hatch	6722
replaces	6722
tomb	6722
regina	6722
stein	6722
shortage	6722
privileged	6722
spill	6722
goodness	6721
drift	6721
extracts	6721
professions	6721
explored	6721
autism	6721
mysteries	6721
fuller	6721
taxpayers	6721
bombing	6721
decreases	6721
metrics	6721
crisp	6721
inability	6721
goo	6721
coronary	6721
mediated	6721
prom	6721
scans	6721
keeper	6721
reinforced	6721
spells	6721
specifying	6721
vaginal	6721
buddhist	6721
inevitable	6721
etiquette	6721
rookie	6720
environ	6720
theatrical	6720
births	6720
cubs	6720
interdisciplinary	6720
wheeler	6720
ritual	6720
pulp	6720
onset	6720
interpreter	6720
enzymes	6720
specimens	6720
initiation	6720
analytics	6720
assay	6720
jacuzzi	6720
reconciliation	6720
pots	6720
recognizing	6720
parser	6720
slam	6720
respects	6720
tents	6720
plaque	6720
accounted	6720
deposited	6720
beavers	6720
crib	6719
styling	6719
snack	6719
defending	6719
pulls	6719
autonomous	6719
granting	6719
motoring	6719
appropriation	6719
randomly	6719
condensed	6719
philippine	6719
theological	6719
quietly	6719
semiconductors	6719
scenery	6719
coca	6719
acs	6719
mentally	6719
horoscopes	6719
drying	6719
assemblies	6719
noun	6719
xmas	6719
silicone	6719
collateral	6719
learner	6719
welcomes	6718
swallow	6718
tara	6718
transplant	6718
scoreboard	6718
proliferation	6718
usenet	6718
squid	6718
marines	6718
lighthouse	6718
proves	6718
trilogy	6718
crab	6718
brightness	6718
consumed	6718
maxim	6718
hike	6718
bore	6718
depreciation	6718
clic	6718
technically	6718
pharmacist	6718
enjoyment	6718
cows	6718
deliveries	6718
recruiters	6718
correspond	6718
slate	6718
confined	6717
screaming	6717
inhabitants	6717
straightforward	6717
delighted	6717
peel	6717
cue	6717
simultaneous	6717
monopoly	6717
pornography	6717
debris	6717
intentions	6717
robotics	6717
pagan	6717
chopped	6717
widow	6717
contexts	6717
sac	6717
peg	6717
benson	6717
sleeves	6717
troubled	6717
footnote	6717
vibrant	6717
evolving	6717
sweater	6717
approximation	6717
skies	6716
init	6716
burners	6716
kicks	6716
disappeared	6716
canoe	6716
svn	6716
sovereign	6716
reminds	6716
organism	6716
corrupt	6716
violated	6716
correspondent	6716
drought	6716
bake	6716
hurricanes	6716
symptom	6716
laughter	6716
foreclosures	6716
propagation	6716
audits	6716
ignorance	6716
pesticides	6716
explosive	6716
inventor	6716
scaling	6716
juicy	6716
fave	6716
residues	6715
moody	6715
fashioned	6715
grains	6715
vicinity	6715
thyroid	6715
purification	6715
heal	6715
southeastern	6715
wizards	6715
horoscope	6715
invasive	6715
prosperity	6715
rainfall	6715
hardback	6715
mum	6715
launching	6715
pedal	6715
inconsistent	6715
plantation	6715
storing	6715
asa	6715
tote	6715
jumped	6715
seemingly	6715
tuned	6715
passionate	6715
alfa	6715
staples	6714
backward	6714
sour	6714
rename	6714
markup	6714
combustion	6714
breakthrough	6714
scrap	6714
administer	6714
bilateral	6714
blondes	6714
beneficiaries	6714
disposable	6714
sock	6714
gentlemen	6714
copier	6714
uncategorized	6714
terra	6714
literal	6714
questioned	6714
guiding	6714
charcoal	6714
vapor	6714
beware	6714
aloud	6714
glorious	6714
geforce	6714
overlap	6714
handsome	6713
defaults	6713
foreclosure	6713
clarification	6713
grounded	6713
bail	6713
goose	6713
espresso	6713
judgement	6713
cruiser	6713
gifted	6713
esteem	6713
cascade	6713
endorse	6713
strokes	6713
hen	6713
homeowner	6713
ancestry	6713
dolphins	6713
adopting	6713
landed	6713
nucleus	6713
tees	6713
detached	6713
scouts	6713
mist	6713
verb	6713
chic	6713
hydro	6712
nonlinear	6712
objection	6712
phosphate	6712
playa	6712
noisy	6712
abide	6712
radioactive	6712
sentinel	6712
birthdays	6712
desserts	6712
socio	6712
preserving	6712
vest	6712
economist	6712
grooming	6712
meridian	6712
marriages	6712
regret	6712
validate	6712
stakes	6712
rotating	6712
brigade	6712
movable	6712
doubles	6712
bliss	6712
filmography	6712
humiliation	6712
tens	6711
litter	6711
reflective	6711
outerwear	6711
abbreviations	6711
executing	6711
greenwich	6711
flooding	6711
parse	6711
rugged	6711
jelly	6711
implementations	6711
grandmother	6711
renovation	6711
puma	6711
appoint	6711
attendees	6711
panthers	6711
perceptions	6711
greenwood	6711
ignition	6711
humble	6711
downstream	6711
petrol	6711
midway	6711
mania	6711
webcasts	6711
accelerator	6711
flyers	6710
tacoma	6710
hostile	6710
radiology	6710
establishes	6710
whites	6710
rant	6710
trapped	6710
bolts	6710
diplomatic	6710
locals	6710
fringe	6710
linguistic	6710
internally	6710
planetary	6710
mms	6710
tungsten	6710
typed	6710
desc	6710
shutdown	6710
ego	6710
influenza	6710
gill	6710
tattoos	6710
rude	6710
sang	6710
citing	6710
viewpoint	6710
peptide	6709
nay	6709
sweatshirt	6709
hassle	6709
regents	6709
servants	6709
meanings	6709
conception	6709
unemployed	6709
heavenly	6709
docket	6709
amusement	6709
nordic	6709
middlesex	6709
curl	6709
overflow	6709
geometric	6709
subsidies	6709
taxonomy	6709
thirds	6709
deli	6709
willingness	6709
intern	6709
implicit	6709
patriotic	6709
simplify	6709
darling	6709
satan	6709
ornaments	6708
oppose	6708
terrific	6708
xxxx	6708
allergies	6708
definite	6708
congregation	6708
regiment	6708
cheer	6708
reviewers	6708
clutter	6708
misleading	6708
predator	6708
vine	6708
vale	6708
whereby	6708
deceased	6708
sparks	6708
adolescents	6708
simpler	6708
captures	6708
coventry	6708
capitalism	6708
clamp	6708
cur	6708
mammals	6708
grape	6708
cloning	6708
args	6708
madden	6707
russ	6707
peppers	6707
deeds	6707
lively	6707
inequality	6707
educator	6707
premature	6707
visually	6707
tripod	6707
immigrant	6707
alright	6707
laguna	6707
limo	6707
demonstrations	6707
obsolete	6707
aligned	6707
rust	6707
pesticide	6707
interfere	6707
traps	6707
shuffle	6707
wardrobe	6707
vin	6707
transformers	6707
successes	6707
racer	6707
fabrication	6707
guilt	6706
sweep	6706
exploited	6706
avid	6706
outpatient	6706
bladder	6706
lam	6706
inflammatory	6706
immunity	6706
encrypted	6706
bets	6706
wholesalers	6706
ducks	6706
shooter	6706
switchboard	6706
paints	6706
cheating	6706
fade	6706
fluorescent	6706
tastes	6706
cookware	6706
storms	6706
param	6706
smiled	6706
jurisdictions	6706
scrutiny	6706
regeneration	6706
lunar	6706
differentiation	6705
shields	6705
environmentally	6705
nonsense	6705
invented	6705
gradient	6705
inserts	6705
programmable	6705
posed	6705
subjected	6705
tasting	6705
chemotherapy	6705
mob	6705
expose	6705
borrowing	6705
arises	6705
precautions	6705
branded	6705
dysfunction	6705
manning	6705
forks	6705
monk	6705
boxer	6705
shining	6705
diazepam	6705
weigh	6705
rodeo	6705
clerical	6705
voyager	6705
sampler	6704
moose	6704
timetable	6704
corrosion	6704
positioned	6704
checker	6704
buenos	6704
workstations	6704
conscience	6704
crush	6704
mystic	6704
solicitation	6704
rectangular	6704
pooh	6704
enthusiast	6704
positively	6704
shaping	6704
afghan	6704
inspire	6704
torn	6704
meantime	6704
pumping	6704
patented	6704
revival	6704
disappear	6704
lever	6704
redundant	6704
regency	6704
tasty	6704
midland	6703
gag	6703
synchronization	6703
informatics	6703
heck	6703
rants	6703
tarot	6703
civilians	6703
bark	6703
carts	6703
wasted	6703
cocoa	6703
invites	6703
cushion	6703
reversed	6703
lynx	6703
figurines	6703
footer	6703
maternal	6703
specimen	6703
seamless	6703
ancestors	6703
panther	6703
mixes	6703
graves	6703
branding	6703
ghetto	6703
examiner	6703
vineyard	6702
meadow	6702
panty	6702
feeder	6702
mercer	6702
goodman	6702
listener	6702
subunit	6702
chloride	6702
awaiting	6702
aires	6702
bulls	6702
commercials	6702
councillor	6702
regulators	6702
hurry	6702
influential	6702
beneficiary	6702
benchmarks	6702
offspring	6702
panorama	6702
retrieving	6702
odor	6702
demanded	6702
reactor	6702
wastes	6702
telnet	6702
clash	6702
biker	6702
fidelity	6701
parked	6701
sis	6701
financials	6701
flew	6701
peanut	6701
holden	6701
ale	6701
converters	6701
rhapsody	6701
trumpet	6701
solitaire	6701
decreasing	6701
freezing	6701
kaiser	6701
dishwasher	6701
criminals	6701
neurons	6701
retire	6701
rumors	6701
accomplishments	6701
emergence	6701
feminist	6701
apex	6701
crimson	6701
compassion	6701
yds	6701
needing	6701
twentieth	6701
ecosystems	6700
pronounced	6700
extensively	6700
stain	6700
wished	6700
transient	6700
kicked	6700
coloring	6700
curb	6700
gadget	6700
cctv	6700
leukemia	6700
reign	6700
trivial	6700
deco	6700
ticker	6700
coke	6700
habitats	6700
clauses	6700
baron	6700
remover	6700
sensible	6700
unlawful	6700
bates	6700
incorporates	6700
webs	6700
swinging	6700
accountable	6700
thrust	6700
proving	6699
unicode	6699
opposing	6699
prod	6699
novice	6699
spreadsheet	6699
lowering	6699
delightful	6699
cane	6699
cruising	6699
fury	6699
personalities	6699
discography	6699
stiff	6699
todo	6699
encoded	6699
researching	6699
wore	6699
pediatrics	6699
traces	6699
rabbi	6699
sushi	6699
puffy	6699
asap	6699
headings	6699
enthusiasts	6699
ridiculous	6699
scattering	6699
secretaries	6699
onsite	6698
contracted	6698
elbow	6698
fights	6698
deleting	6698
compilations	6698
therapists	6698
appealing	6698
scholarly	6698
detailing	6698
stark	6698
lifestyles	6698
strongest	6698
hammond	6698
swimwear	6698
padded	6698
applet	6698
circa	6698
revise	6698
contributes	6698
threesomes	6698
surroundings	6698
proficiency	6698
uranium	6698
consolidate	6698
billions	6698
hut	6698
antigen	6698
ultrasound	6698
procedural	6697
refusal	6697
lima	6697
suppression	6697
weaver	6697
cern	6697
readiness	6697
secular	6697
macros	6697
majesty	6697
fishery	6697
teresa	6697
distributing	6697
estimating	6697
outdated	6697
advisories	6697
dues	6697
pewter	6697
distress	6697
pumpkin	6697
notably	6697
intends	6697
homosexual	6697
garment	6697
acad	6697
bilingual	6697
barbecue	6697
localization	6697
supplying	6697
secondly	6697
razor	6696
cough	6696
cerebral	6696
grandma	6696
customization	6696
gigs	6696
indexing	6696
oceans	6696
displacement	6696
spacecraft	6696
backwards	6696
arrows	6696
volunteering	6696
telecommunication	6696
presumably	6696
coatings	6696
eureka	6696
plea	6696
constructive	6696
bundles	6696
tibet	6696
preparedness	6696
isles	6696
stretching	6696
ovens	6696
systemic	6696
playoffs	6696
abundant	6696
deductible	6696
adaptors	6695
priests	6695
accompany	6695
compares	6695
forecasting	6695
hesitate	6695
inspiring	6695
specialize	6695
prey	6695
deposition	6695
zodiac	6695
pavement	6695
tubing	6695
pedestrian	6695
fencing	6695
artery	6695
conditioner	6695
plaintiffs	6695
inlet	6695
rub	6695
violate	6695
stimulate	6695
fluids	6695
conveniently	6695
lick	6695
stealth	6695
nucleotide	6695
ness	6695
bronx	6695
repayment	6694
canopy	6694
gloss	6694
panda	6694
whip	6694
porch	6694
pertinent	6694
lifelong	6694
emailed	6694
promoter	6694
collegiate	6694
constants	6694
construed	6694
interchange	6694
remotely	6694
fletcher	6694
concise	6694
fibers	6694
handful	6694
brains	6694
curtains	6694
eaten	6694
indigo	6694
retaining	6694
autobiography	6694
conditioned	6694
prohibition	6694
motions	6694
redirect	6694
interoperability	6694
shampoo	6693
emphasize	6693
excite	6693
rebels	6693
neoplasms	6693
artifacts	6693
believing	6693
vac	6693
hilarious	6693
salisbury	6693
pseudo	6693
quoting	6693
sinks	6693
steep	6693
dinar	6693
dynasty	6693
creed	6693
carat	6693
nan	6693
microphones	6693
raiders	6693
galaxies	6693
spreads	6693
elegance	6693
volatile	6693
pointers	6693
sensory	6693
scrapbook	6693
dummies	6693
throne	6692
magnesium	6692
chartered	6692
slopes	6692
socially	6692
unfortunate	6692
seized	6692
roundup	6692
territorial	6692
leases	6692
consisted	6692
faxes	6692
plump	6692
memoirs	6692
alkaline	6692
expire	6692
midst	6692
methyl	6692
campuses	6692
borne	6692
forgive	6692
ramada	6692
competitor	6692
architectures	6692
conversions	6692
usable	6692
tempo	6692
mutations	6692
readable	6692
almanac	6692
responds	6691
denote	6691
slayer	6691
prog	6691
firewalls	6691
tester	6691
polling	6691
purchaser	6691
bins	6691
relies	6691
inserting	6691
prepares	6691
concludes	6691
consumables	6691
cylinders	6691
selects	6691
directing	6691
nationality	6691
statistically	6691
torch	6691
stretched	6691
depressed	6691
encounters	6691
haunted	6691
spares	6691
symmetry	6691
bout	6691
cont	6691
adverts	6691
programmed	6691
salons	6690
hank	6690
negligence	6690
unclear	6690
screened	6690
helper	6690
aromatherapy	6690
rancho	6690
transferring	6690
stepping	6690
hacks	6690
clearwater	6690
attic	6690
topology	6690
appetite	6690
sensation	6690
piper	6690
airborne	6690
morality	6690
honorable	6690
wealthy	6690
handicap	6690
skinny	6690
sewage	6690
endowment	6690
demonstrating	6690
antennas	6690
lifecycle	6690
trucking	6690
defender	6690
shortcut	6689
wretch	6689
sunlight	6689
stems	6689
racist	6689
profitability	6689
fairmont	6689
convey	6689
evergreen	6689
globally	6689
bearings	6689
govern	6689
feather	6689
fond	6689
sore	6689
fiat	6689
reboot	6689
sixteen	6689
newsgroup	6689
blinds	6689
traits	6689
tightly	6689
graded	6689
successor	6689
intrusion	6689
sickness	6689
underneath	6689
prohibit	6689
metabolic	6689
noel	6688
cans	6688
abused	6688
sarasota	6688
billed	6688
lim	6688
toons	6688
brushes	6688
tenth	6688
anthology	6688
prosecutor	6688
smiles	6688
merged	6688
auditors	6688
grandchildren	6688
desks	6688
capsule	6688
aided	6688
relied	6688
suspend	6688
eternity	6688
mesothelioma	6688
trafficking	6688
introductions	6688
weighing	6688
currents	6688
aide	6688
kindly	6688
cutie	6688
protests	6688
sharks	6687
notch	6687
minors	6687
dances	6687
revealing	6687
reprinted	6687
mapped	6687
resurrection	6687
lieu	6687
decree	6687
tor	6687
printf	6687
columnist	6687
discovering	6687
tuberculosis	6687
lacks	6687
horizons	6687
transplantation	6687
daytime	6687
elaborate	6687
contour	6687
gamble	6687
descent	6687
gravel	6687
disturbing	6687
judged	6687
shutter	6687
illusion	6687
ambitious	6687
scrapbooking	6687
ole	6687
notorious	6686
ibid	6686
residue	6686
reds	6686
enlarged	6686
transforming	6686
sequential	6686
stripping	6686
uniquely	6686
bart	6686
assert	6686
goodies	6686
fluctuations	6686
bowie	6686
auth	6686
archaeological	6686
inspect	6686
thrice	6686
gina	6686
casualty	6686
musings	6686
whistler	6686
poses	6686
airfares	6686
noir	6686
layouts	6686
mushroom	6686
designate	6686
scent	6686
sequel	6686
gymnastics	6685
titanic	6685
knob	6685
wolves	6685
exquisite	6685
herpes	6685
upward	6685
sentenced	6685
principe	6685
contractual	6685
acquiring	6685
judging	6685
unchanged	6685
kicking	6685
meg	6685
fines	6685
grasp	6685
streak	6685
ounce	6685
thirteen	6685
tragic	6685
buena	6685
irrelevant	6685
professionally	6685
liberties	6685
sounding	6685
rebounds	6685
compressor	6685
toast	6685
happily	6685
hooked	6684
shrink	6684
webmail	6684
carcinoma	6684
unesco	6684
mutually	6684
stance	6684
beaded	6684
remembering	6684
boca	6684
exodus	6684
compartment	6684
gemini	6684
kinky	6684
dove	6684
testified	6684
derive	6684
affinity	6684
presbyterian	6684
supervisory	6684
pretend	6684
buddhism	6684
amnesty	6684
chiropractic	6684
borrower	6684
warrants	6684
fairness	6684
needles	6684
throughput	6684
quota	6684
netbsd	6683
discreet	6683
misplace	6683
versa	6683
imp	6683
serviced	6683
mack	6683
sung	6683
whichever	6683
opener	6683
vaccines	6683
chooses	6683
jigsaw	6683
jumbo	6683
crowded	6683
tickling	6683
unspecified	6683
wee	6683
turbine	6683
unreal	6683
wounds	6683
percentages	6683
advisers	6683
manufactures	6683
physiological	6683
maths	6683
charters	6683
generalized	6683
unprecedented	6683
probes	6683
frustration	6683
flint	6682
dummy	6682
financially	6682
awake	6682
sanitation	6682
swivel	6682
ally	6682
dissolved	6682
cleanliness	6682
complexes	6682
kung	6682
varsity	6682
collectively	6682
insurer	6682
inhibition	6682
multicast	6682
certifications	6682
burnt	6682
solidarity	6682
frustrated	6682
alma	6682
inverse	6682
holt	6682
isis	6682
verdict	6682
nominee	6682
medals	6682
proton	6682
christi	6682
lister	6682
recurring	6681
studs	6681
allegedly	6681
rhetoric	6681
modifying	6681
incubus	6681
impulse	6681
surveyed	6681
creditors	6681
dull	6681
tis	6681
cabins	6681
commenced	6681
ballroom	6681
employing	6681
satellites	6681
ignoring	6681
linens	6681
coherent	6681
beetle	6681
converts	6681
majestic	6681
bicycles	6681
omni	6681
roast	6681
testers	6681
complainant	6681
inhibitor	6681
knowledgeable	6681
critically	6681
composers	6681
localities	6680
owe	6680
hummer	6680
reciprocal	6680
accelerate	6680
hatred	6680
questioning	6680
putative	6680
manifest	6680
indications	6680
petty	6680
permitting	6680
hyperlink	6680
motorsports	6680
som	6680
behave	6680
getaway	6680
bees	6680
zeppelin	6680
shiny	6680
encore	6680
smash	6680
unsure	6680
braun	6680
destructive	6680
sockets	6680
claimant	6680
dinosaur	6680
tac	6680
ample	6680
countless	6679
ashland	6679
energies	6679
repealed	6679
listeners	6679
abusive	6679
sophomore	6679
antibiotics	6679
landfill	6679
warehousing	6679
merits	6679
scarf	6679
strangers	6679
garland	6679
riviera	6679
apprentice	6679
obscure	6679
napoleon	6679
registrations	6679
wavelength	6679
glamour	6679
slashdot	6679
transvestites	6679
hated	6679
cheerleaders	6679
sigh	6679
trolley	6679
principals	6679
spicy	6679
blocker	6679
frankly	6679
hud	6678
chronological	6678
mov	6678
entrepreneurship	6678
itinerary	6678
fools	6678
beard	6678
discoveries	6678
percentile	6678
linkage	6678
economical	6678
miniatures	6678
wedge	6678
adjusting	6678
mock	6678
bats	6678
patriots	6678
ruins	6678
sheila	6678
ripper	6678
dependencies	6678
afp	6678
benton	6678
mcafee	6678
chateau	6678
counselors	6678
homestead	6678
competitiveness	6678
burger	6678
microscopy	6678
changer	6678
sergeant	6677
melt	6677
hyper	6677
gmail	6677
ned	6677
cypress	6677
cites	6677
scooters	6677
prospectus	6677
protectors	6677
reactive	6677
interiors	6677
encouragement	6677
clipboard	6677
disadvantages	6677
gamer	6677
abbott	6677
tailor	6677
pollutants	6677
directorate	6677
chocolates	6677
faux	6677
supervised	6677
interpreting	6677
savvy	6677
pascal	6677
serenity	6677
uploads	6677
ore	6677
pant	6677
gallons	6677
attainment	6676
sanitary	6676
cooperate	6676
dreaming	6676
norms	6676
implants	6676
fortunate	6676
mushrooms	6676
hormones	6676
hype	6676
interpretations	6676
faults	6676
nfs	6676
silva	6676
grease	6676
diablo	6676
urinary	6676
cairns	6676
premise	6676
epidemic	6676
prima	6676
condoms	6676
rite	6676
directives	6676
cinnamon	6676
lac	6676
discharged	6676
alba	6676
underworld	6676
variants	6676
fetal	6676
palms	6675
lawsuits	6675
seated	6675
lattice	6675
dong	6675
realization	6675
reportedly	6675
absorbed	6675
chord	6675
turf	6675
asphalt	6675
replay	6675
improper	6675
flavors	6675
dilemma	6675
rebuilding	6675
commenting	6675
shifted	6675
tangible	6675
smoked	6675
hawks	6675
placebo	6675
irons	6675
comet	6675
berg	6675
baltic	6675
corrective	6675
competency	6675
muse	6675
probing	6675
teachings	6675
tyne	6674
lotto	6674
fowler	6674
youngest	6674
contingent	6674
refreshing	6674
textures	6674
pid	6674
syrup	6674
xii	6674
warmth	6674
lust	6674
correlated	6674
dominion	6674
verses	6674
seagate	6674
nanotechnology	6674
astronomical	6674
solvent	6674
toggle	6674
luna	6674
amplitude	6674
aesthetic	6674
commercially	6674
spacing	6674
frameworks	6674
completeness	6674
irregular	6674
barker	6674
solids	6674
mergers	6674
capturing	6673
filtration	6673
certify	6673
gpa	6673
consulted	6673
cpus	6673
eighteen	6673
singular	6673
incremental	6673
demons	6673
unacceptable	6673
redistribute	6673
coping	6673
baxter	6673
outbreak	6673
abdominal	6673
sbin	6673
deficiencies	6673
curved	6673
milestone	6673
erase	6673
lien	6673
nip	6673
bites	6673
prose	6673
incidental	6673
arguing	6673
vein	6673
scalable	6673
hale	6673
swear	6673
intra	6672
bel	6672
clown	6672
spontaneous	6672
summers	6672
taboo	6672
equestrian	6672
wetland	6672
methodologies	6672
malicious	6672
consume	6672
amazed	6672
fourteen	6672
legislators	6672
volcano	6672
capacities	6672
skeleton	6672
someday	6672
tsp	6672
suspects	6672
displaced	6672
sounded	6672
exporter	6672
honesty	6672
dwarf	6672
hum	6672
bis	6672
northeastern	6672
ifdef	6672
shocks	6672
rewarding	6672
killers	6672
battalion	6671
multicultural	6671
lasers	6671
candid	6671
schooling	6671
dataset	6671
schoolgirl	6671
caesar	6671
savers	6671
powerpc	6671
pines	6671
steelers	6671
stellar	6671
davenport	6671
locating	6671
monogram	6671
enhances	6671
relational	6671
ornament	6671
graffiti	6671
cassettes	6671
urges	6671
tiff	6671
refrigeration	6671
attacking	6671
microscope	6671
houghton	6671
countdown	6671
threaten	6671
decker	6671
bait	6671
extern	6670
badges	6670
kitten	6670
codec	6670
broadcasts	6670
brides	6670
dent	6670
checksum	6670
stealing	6670
bullets	6670
emphasized	6670
glossy	6670
informations	6670
haired	6670
directional	6670
breeders	6670
alterations	6670
lethal	6670
biographical	6670
confirms	6670
cavity	6670
molded	6670
ida	6670
probate	6670
terrestrial	6670
decals	6670
completes	6670
beams	6670
props	6670
incense	6670
formulated	6670
dough	6670
stool	6669
macs	6669
towing	6669
welch	6669
rosemary	6669
millionaire	6669
turquoise	6669
archival	6669
seismic	6669
exposures	6669
baccarat	6669
substituted	6669
horde	6669
paperwork	6669
mommy	6669
teenager	6669
nanny	6669
suburb	6669
hutchinson	6669
smokers	6669
cohort	6669
succession	6669
declining	6669
alliances	6669
sums	6669
lineup	6669
averaged	6669
hotspot	6669
bellevue	6669
glacier	6669
pueblo	6669
req	6668
rigorous	6668
gigabit	6668
worksheet	6668
allocate	6668
relieve	6668
aftermath	6668
roach	6668
clarion	6668
override	6668
angus	6668
enthusiastic	6668
lame	6668
continuum	6668
squeeze	6668
burgundy	6668
struggles	6668
pep	6668
farewell	6668
soho	6668
ashes	6668
vanguard	6668
nylons	6668
chipset	6668
natal	6668
locus	6668
evenings	6668
misses	6668
troubles	6668
factual	6668
carisoprodol	6668
tutoring	6668
spectroscopy	6667
gemstone	6667
purity	6667
shaking	6667
unregistered	6667
witnessed	6667
cellar	6667
moto	6667
friction	6667
prone	6667
enclosures	6667
mer	6667
equitable	6667
fuse	6667
lobster	6667
pops	6667
osha	6667
judaism	6667
amid	6667
onions	6667
preteen	6667
bonding	6667
insurers	6667
prototypes	6667
corinthians	6667
crosses	6667
proactive	6667
issuer	6667
uncomfortable	6667
furnace	6667
sponsoring	6667
poisoning	6667
doubled	6666
clues	6666
inflammation	6666
rabbits	6666
icc	6666
transported	6666
crews	6666
goodwill	6666
sentencing	6666
bulldogs	6666
worthwhile	6666
ideology	6666
anxious	6666
tariffs	6666
cervical	6666
baptism	6666
cutlery	6666
overlooking	6666
knot	6666
attribution	6666
rad	6666
gut	6666
factories	6666
swords	6666
advancing	6666
yep	6666
timed	6666
evolve	6666
yuan	6666
differs	6666
suspicious	6666
leased	6666
subscribed	6665
starters	6665
brewing	6665
coop	6665
bur	6665
blossom	6665
scare	6665
confessions	6665
bergen	6665
lowered	6665
kris	6665
thief	6665
prisons	6665
pictured	6665
feminine	6665
sizeof	6665
grabbed	6665
rocking	6665
regs	6665
fulfilled	6665
sweets	6665
nautical	6665
imprisonment	6665
employs	6665
bubbles	6665
pitcher	6665
standby	6665
judgments	6665
muscular	6665
motif	6665
illnesses	6665
plum	6665
saloon	6664
prophecy	6664
loft	6664
unisex	6664
historian	6664
wallets	6664
identifiable	6664
elm	6664
facsimile	6664
hurts	6664
ethanol	6664
cannabis	6664
folded	6664
rsvp	6664
dynamically	6664
comprise	6664
grenadines	6664
lump	6664
disposed	6664
subtitle	6664
chestnut	6664
librarians	6664
engraved	6664
halt	6664
pastoral	6664
unpaid	6664
ghosts	6664
powerbook	6664
doubts	6664
locality	6664
substantive	6664
bulletins	6664
worries	6663
hug	6663
rejects	6663
spear	6663
referee	6663
transporter	6663
swinger	6663
broadly	6663
ethereal	6663
crossroads	6663
aero	6663
constructing	6663
smoothly	6663
parsons	6663
bury	6663
blanc	6663
autonomy	6663
bounded	6663
ppl	6663
insist	6663
birch	6663
slash	6663
budgeting	6663
exercised	6663
backpacks	6663
detecting	6663
resale	6663
mikes	6663
digestive	6663
scalar	6663
entertain	6663
cinderella	6663
unresolved	6662
sesame	6662
hep	6662
duct	6662
touches	6662
seiko	6662
electromagnetic	6662
arial	6662
housewife	6662
pursued	6662
validated	6662
lend	6662
corvette	6662
yachts	6662
christie	6662
unrelated	6662
annotate	6662
stimulating	6662
mont	6662
misuse	6662
helix	6662
cosmos	6662
speculation	6662
dixie	6662
pans	6662
enforced	6662
legion	6662
env	6662
fulfillment	6662
biomass	6662
assertion	6662
hierarchical	6662
lesions	6661
shook	6661
financed	6661
dismissal	6661
surnames	6661
reconditioned	6661
shocking	6661
allergic	6661
overland	6661
prolonged	6661
backbone	6661
unanimously	6661
eliminates	6661
sausage	6661
addict	6661
matte	6661
neighboring	6661
uncommon	6661
centralized	6661
objections	6661
unpublished	6661
slaughter	6661
enlightenment	6661
pistol	6661
juniors	6661
rockets	6661
metering	6661
genetically	6661
zebra	6661
runway	6661
arithmetic	6661
supposedly	6661
admits	6661
originals	6660
enrichment	6660
buckle	6660
fetch	6660
kitchens	6660
ions	6660
divers	6660
blackburn	6660
speedway	6660
founders	6660
sweatshirts	6660
upside	6660
admiral	6660
yay	6660
patron	6660
sandwiches	6660
boiler	6660
anticipate	6660
logon	6660
induce	6660
padding	6660
recruiter	6660
popcorn	6660
disadvantaged	6660
diagonal	6660
unite	6660
cracked	6660
debtor	6660
polk	6660
mets	6660
shear	6660
mortal	6660
sovereignty	6659
supermarket	6659
franchises	6659
rams	6659
cleansing	6659
boo	6659
hmmm	6659
genomic	6659
gown	6659
ponds	6659
archery	6659
refuses	6659
excludes	6659
sabbath	6659
ruin	6659
trump	6659
escaped	6659
precursor	6659
mates	6659
avian	6659
visas	6659
matrices	6659
anyways	6659
passages	6659
etiology	6659
cereal	6659
comprehension	6659
tcl	6659
tow	6659
resolving	6659
drills	6659
champ	6659
hospice	6658
agreeing	6658
exhibitor	6658
rented	6658
deductions	6658
brushed	6658
augmentation	6658
otto	6658
annuity	6658
assortment	6658
credible	6658
sportswear	6658
cultured	6658
importing	6658
deliberately	6658
recap	6658
openly	6658
toddlers	6658
astro	6658
crawl	6658
sparkling	6658
jabber	6658
bindings	6658
convincing	6658
rotate	6658
flaws	6658
tracing	6658
deviations	6658
incomes	6658
subwoofer	6658
amortization	6658
neurology	6658
ack	6658
fragile	6657
sapiens	6657
radiator	6657
hai	6657
competencies	6657
restoring	6657
rushing	6657
behold	6657
alteration	6657
hotspots	6657
trainee	6657
podcasting	6657
murdered	6657
centennial	6657
tuna	6657
bluegrass	6657
hazel	6657
wipe	6657
ledger	6657
scarlet	6657
crushed	6657
acronyms	6657
laughs	6657
connie	6657
autographed	6657
referendum	6657
modulation	6657
statues	6657
depths	6657
spices	6657
communion	6657
loader	6657
uncertainties	6657
colonies	6656
followers	6656
caldwell	6656
latency	6656
themed	6656
messy	6656
squadron	6656
dmc	6656
rupee	6656
ments	6656
subsidy	6656
demolition	6656
empowerment	6656
felony	6656
lungs	6656
monuments	6656
veronica	6656
filtered	6656
replacements	6656
growers	6656
subtitles	6656
haul	6656
acupuncture	6656
workload	6656
acknowledgement	6656
highlighting	6656
duly	6656
roasted	6656
tenders	6656
inviting	6656
rig	6656
grassroots	6656
gentoo	6656
redevelopment	6655
mustard	6655
strait	6655
masterpiece	6655
obey	6655
cellphone	6655
donkey	6655
sax	6655
jacks	6655
conceived	6655
triggered	6655
boasts	6655
praying	6655
multiply	6655
intercourse	6655
radial	6655
mare	6655
routinely	6655
instructed	6655
stole	6655
summarized	6655
avalanche	6655
uploading	6655
manuscripts	6655
managerial	6655
cary	6655
exhibited	6655
disciples	6655
shaving	6655
wks	6655
bishops	6655
kite	6655
destroying	6654
humorous	6654
tonnes	6654
thunderbird	6654
corona	6654
heap	6654
investigative	6654
bylaws	6654
erection	6654
quasi	6654
lao	6654
energetic	6654
disturbance	6654
ribbons	6654
jew	6654
exile	6654
breastfeeding	6654
reside	6654
anglo	6654
cashier	6654
jaw	6654
butterflies	6654
eats	6654
randomized	6654
knots	6654
flea	6654
motivational	6654
pals	6654
gerry	6654
celebrates	6654
hail	6654
longitudinal	6654
historians	6654
realities	6653
kappa	6653
mentions	6653
neuroscience	6653
blender	6653
jumps	6653
blaster	6653
optimistic	6653
remediation	6653
wasting	6653
decoder	6653
genocide	6653
acclaimed	6653
seldom	6653
indy	6653
morrow	6653
glitter	6653
sidebar	6653
authored	6653
lasted	6653
snoop	6653
awhile	6653
winery	6653
rbi	6653
scaled	6653
contingency	6653
photon	6653
vague	6653
overlay	6653
wraps	6653
constituents	6653
rusty	6653
herd	6653
handicapped	6652
exported	6652
lag	6652
champaign	6652
warns	6652
fyi	6652
harmless	6652
ics	6652
sting	6652
bravo	6652
believers	6652
diagnose	6652
announcing	6652
dispersion	6652
curiosity	6652
trivium	6652
showroom	6652
resting	6652
missiles	6652
persistence	6652
coarse	6652
continents	6652
liter	6652
carpets	6652
recovering	6652
submarine	6652
blessings	6652
prevailing	6652
originated	6652
axe	6652
sculptures	6652
amex	6652
intrinsic	6652
thoughtful	6652
archer	6651
nominees	6651
warmer	6651
cuz	6651
dryers	6651
calf	6651
basil	6651
ams	6651
hallmark	6651
counterparts	6651
paced	6651
grouped	6651
dominate	6651
asians	6651
orient	6651
contra	6651
damaging	6651
populated	6651
boiling	6651
journeys	6651
milestones	6651
parsing	6651
splitting	6651
checkboxes	6651
abandon	6651
lobbying	6651
rave	6651
cigars	6651
cinemas	6651
islander	6651
encoder	6651
inference	6651
recalled	6651
importers	6650
transformer	6650
declarations	6650
rib	6650
maroon	6650
drafts	6650
excursions	6650
jerk	6650
shack	6650
marrow	6650
tavern	6650
bathing	6650
lambert	6650
epilepsy	6650
allowances	6650
fountains	6650
goggles	6650
unhappy	6650
clones	6650
foregoing	6650
crossover	6650
situ	6650
specificity	6650
certainty	6650
sleek	6650
runoff	6650
osteoporosis	6650
approvals	6650
antarctic	6650
successive	6650
neglected	6650
monty	6650
cafes	6650
jukebox	6649
classmates	6649
hitch	6649
fracture	6649
nexus	6649
cancers	6649
foremost	6649
nineteenth	6649
tango	6649
melting	6649
mahogany	6649
actresses	6649
garner	6649
buster	6649
moderated	6649
flap	6649
ignorant	6649
allowable	6649
karate	6649
compositions	6649
sings	6649
sorrow	6649
carte	6649
canned	6649
collects	6649
treaties	6649
endurance	6649
optimizing	6649
teaspoon	6649
insulated	6649
philosopher	6649
rectangle	6649
woo	6649
queer	6649
pains	6648
wrapper	6648
tty	6648
buchanan	6648
drummer	6648
guitarist	6648
symmetric	6648
ceremonies	6648
satisfies	6648
kuala	6648
appellate	6648
comma	6648
geeks	6648
conformity	6648
avant	6648
insightful	6648
supper	6648
fulfilling	6648
hooded	6648
unrated	6648
diva	6648
instability	6648
seminary	6648
exemptions	6648
integrates	6648
presenter	6648
offenses	6648
emulation	6648
lengthy	6648
sonata	6648
fortress	6648
contiguous	6648
bookstores	6648
inaccurate	6647
explanatory	6647
settlers	6647
stools	6647
ministerial	6647
agendas	6647
torah	6647
publishes	6647
stacks	6647
owning	6647
bipolar	6647
sermon	6647
facilitating	6647
complained	6647
taps	6647
thrill	6647
lagoon	6647
undoubtedly	6647
menopause	6647
inbound	6647
withheld	6647
insisted	6647
shortlist	6647
eclectic	6647
reluctant	6647
headphone	6647
regimes	6647
headaches	6647
oath	6647
readme	6647
pigeon	6647
rivals	6647
freed	6647
binder	6647
constrained	6646
parrot	6646
magnum	6646
invoked	6646
invaluable	6646
helicopters	6646
keystone	6646
inclined	6646
gala	6646
intercontinental	6646
cheek	6646
traction	6646
utterly	6646
workspace	6646
customizable	6646
softcover	6646
illuminated	6646
realtime	6646
lasts	6646
electrons	6646
psychologist	6646
dane	6646
perpetual	6646
subsystem	6646
kinetic	6646
caffeine	6646
solicitor	6646
clustering	6646
glimpse	6646
nib	6646
verbatim	6646
innocence	6646
quicker	6646
grandparents	6646
cardboard	6645
attributable	6645
sketches	6645
tertiary	6645
exhausted	6645
smarter	6645
shelters	6645
attain	6645
dora	6645
calorie	6645
inconvenience	6645
tang	6645
graphite	6645
vaccination	6645
stroller	6645
farther	6645
bowel	6645
sweaters	6645
chats	6645
mafia	6645
riot	6645
fats	6645
mandarin	6645
dungeon	6645
predictable	6645
germans	6645
shire	6645
susceptible	6645
mosquito	6645
skyline	6645
sulfur	6645
scams	6645
lipid	6645
corpse	6644
speedy	6644
ming	6644
tao	6644
ritz	6644
networked	6644
localhost	6644
lush	6644
barrels	6644
transformations	6644
cabling	6644
analogue	6644
stills	6644
perimeter	6644
biased	6644
cardiology	6644
playoff	6644
honorary	6644
brewer	6644
exchanged	6644
payload	6644
adhere	6644
grilled	6644
ccc	6644
enquire	6644
toilets	6644
mains	6644
whales	6644
misty	6644
parity	6644
partitions	6644
grim	6644
conserved	6644
rewrite	6644
vending	6643
prism	6643
chasing	6643
flop	6643
aggregation	6643
batting	6643
borrowed	6643
heh	6643
transexuals	6643
rests	6643
toss	6643
prentice	6643
depicted	6643
grapes	6643
proposing	6643
cumbria	6643
winding	6643
ripped	6643
vegan	6643
congressman	6643
cobalt	6643
pity	6643
recombinant	6643
ubuntu	6643
downward	6643
superstar	6643
closeout	6643
kayaking	6643
synergy	6643
eta	6643
catalogues	6643
aspire	6643
harvesting	6643
groom	6643
jewels	6642
saturated	6642
backpacking	6642
accidentally	6642
doughty	6642
bonded	6642
sticking	6642
weeds	6642
stripped	6642
inflatable	6642
beers	6642
fixture	6642
glassware	6642
canary	6642
steadily	6642
imagined	6642
woke	6642
fills	6642
proportions	6642
grips	6642
clergy	6642
coursework	6642
solicitors	6642
kayak	6642
moderately	6642
altar	6642
salvage	6642
repetitive	6642
creators	6642
gears	6642
orbital	6642
musicals	6642
cuff	6642
repeating	6642
empires	6641
profiling	6641
reps	6641
oyster	6641
sturdy	6641
sequencing	6641
massacre	6641
undergo	6641
panoramic	6641
risen	6641
blended	6641
rhino	6641
polynomial	6641
tau	6641
imperative	6641
stakeholder	6641
beg	6641
digging	6641
lantern	6641
catches	6641
evangelical	6641
eaton	6641
ruler	6641
signifies	6641
stochastic	6641
tokens	6641
kidding	6641
piping	6641
swept	6641
airmail	6641
staring	6641
seventy	6641
problematic	6641
troop	6641
arose	6641
decomposition	6640
chatham	6640
roadmap	6640
ogg	6640
becky	6640
elders	6640
interpreters	6640
supporter	6640
acknowledgements	6640
skincare	6640
conquest	6640
heroin	6640
repairing	6640
mandated	6640
workbook	6640
assemble	6640
hogan	6640
omg	6640
whistle	6640
sulfate	6640
timeshare	6640
diversified	6640
oldies	6640
fertilizer	6640
complaining	6640
analytic	6640
predominantly	6640
amethyst	6640
rewritten	6640
concerto	6640
adorable	6640
ambition	6640
apologize	6640
restraint	6640
thrillers	6639
fortran	6639
eddy	6639
condemned	6639
timeless	6639
parole	6639
spouses	6639
slips	6639
ninety	6639
trays	6639
stewardship	6639
cues	6639
bioinformatics	6639
kisses	6639
regulating	6639
flock	6639
exporting	6639
subpart	6639
scheduler	6639
bending	6639
hypnosis	6639
ammunition	6639
pleasures	6639
shortest	6639
denying	6639
cornerstone	6639
recycle	6639
shave	6639
sos	6639
disruption	6639
colt	6639
artillery	6639
furnish	6639
precedence	6639
applicability	6638
volatility	6638
grinding	6638
rubbish	6638
missionary	6638
knocked	6638
swamp	6638
pitching	6638
fav	6638
manifold	6638
tornado	6638
gdb	6638
possessed	6638
upstairs	6638
bro	6638
turtles	6638
offs	6638
fab	6638
vauxhall	6638
welcoming	6638
learns	6638
manipulate	6638
dividing	6638
hickory	6638
renovated	6638
inmates	6638
conformance	6638
slices	6638
lawson	6638
quo	6638
alprazolam	6638
damned	6638
faint	6638
rebuilt	6638
proceeded	6638
collaborate	6637
lei	6637
tentative	6637
fierce	6637
jars	6637
authenticity	6637
hips	6637
gland	6637
positives	6637
wigs	6637
resignation	6637
striped	6637
blends	6637
garments	6637
fraternity	6637
hunk	6637
allocations	6637
lymphoma	6637
tapestry	6637
originating	6637
chap	6637
blows	6637
inevitably	6637
freebies	6637
converse	6637
frontline	6637
tele	6637
gardener	6637
stoke	6637
polymers	6637
penguins	6637
attracting	6637
grills	6637
harp	6637
phat	6636
escrow	6636
denton	6636
anthem	6636
tack	6636
nowadays	6636
sack	6636
inferior	6636
surfers	6636
abuses	6636
inspected	6636
deb	6636
jockey	6636
kauai	6636
licensors	6636
indicative	6636
stresses	6636
incumbent	6636
peoria	6636
upholstery	6636
aggression	6636
peek	6636
practiced	6636
casualties	6636
bournemouth	6636
sudoku	6636
monarch	6636
undef	6636
housed	6636
administering	6636
temptation	6636
roe	6636
campground	6636
nasal	6636
restrictive	6636
costing	6635
ranged	6635
predictive	6635
aquaculture	6635
spruce	6635
paradox	6635
sendmail	6635
redesign	6635
billings	6635
nitro	6635
oxidation	6635
jackpot	6635
halfway	6635
cortex	6635
entitlement	6635
amending	6635
conflicting	6635
compensate	6635
loser	6635
secs	6635
mixers	6635
accountancy	6635
policing	6635
braves	6635
cracking	6635
sued	6635
shoots	6635
interrupted	6635
hemisphere	6635
miranda	6635
clover	6635
kindness	6635
similarities	6635
porto	6635
neutron	6635
directs	6634
jolly	6634
snakes	6634
swelling	6634
spanning	6634
politician	6634
femme	6634
unanimous	6634
railways	6634
approves	6634
scriptures	6634
misconduct	6634
folklore	6634
resides	6634
wording	6634
obliged	6634
perceive	6634
rockies	6634
siege	6634
exercising	6634
acoustics	6634
voluntarily	6634
pensacola	6634
condominium	6634
wildcats	6634
exhibitors	6634
truths	6634
grouping	6634
redwood	6634
thereto	6634
invoices	6634
authorizing	6634
enamel	6634
toby	6634
radiant	6634
virgins	6633
firstly	6633
martini	6633
butte	6633
bomber	6633
reeves	6633
songwriter	6633
suspicion	6633
disadvantage	6633
bastard	6633
coaster	6633
spends	6633
hicks	6633
typedef	6633
pedigree	6633
strippers	6633
macmillan	6633
fraudulent	6633
woodworking	6633
sherwood	6633
forgiveness	6633
almond	6633
catalytic	6633
har	6633
petitions	6633
chalk	6633
privatization	6633
sanford	6633
axle	6633
membranes	6633
puppet	6633
testosterone	6633
cultivation	6633
surveying	6633
grazing	6633
biochemical	6632
pillar	6632
mirage	6632
questionable	6632
seaside	6632
suitability	6632
precinct	6632
renamed	6632
unbelievable	6632
soluble	6632
piracy	6632
rowing	6632
siding	6632
hardest	6632
forrest	6632
invitational	6632
reminders	6632
negro	6632
blanca	6632
equivalents	6632
handcrafted	6632
aftermarket	6632
pineapple	6632
fellowships	6632
freeway	6632
wrath	6632
opal	6632
simplest	6632
patrons	6632
peculiar	6632
toon	6632
europeans	6632
commence	6632
descendants	6632
safeguard	6632
digitally	6631
lars	6631
hatchback	6631
obsession	6631
grind	6631
albeit	6631
billiards	6631
bankers	6631
righteous	6631
redistribution	6631
freaks	6631
subclass	6631
sampled	6631
sincere	6631
deploying	6631
interacting	6631
intentionally	6631
blitz	6631
tended	6631
censorship	6631
cactus	6631
viva	6631
treadmill	6631
fiberglass	6631
attained	6631
blew	6631
howe	6631
nap	6631
splendid	6631
personalize	6631
lava	6631
sucked	6631
scissors	6631
broncos	6631
cooks	6631
sharply	6630
rebellion	6630
rainy	6630
tho	6630
regent	6630
vinegar	6630
vie	6630
classifications	6630
rafting	6630
vail	6630
fisherman	6630
misery	6630
undergoing	6630
limerick	6630
safaris	6630
contaminants	6630
envy	6630
sweeping	6630
healthier	6630
ussr	6630
mailer	6630
preface	6630
grievance	6630
liners	6630
unread	6630
sentiment	6630
pencils	6630
galloway	6630
forged	6630
bistro	6630
viola	6630
voodoo	6630
disclosures	6630
caching	6630
computerized	6630
rustic	6629
rumor	6629
shah	6629
deception	6629
volts	6629
conducts	6629
divorced	6629
rushed	6629
excalibur	6629
bots	6629
weighs	6629
magnolia	6629
diver	6629
disappointment	6629
castles	6629
notions	6629
plateau	6629
interpersonal	6629
dexter	6629
traumatic	6629
ringer	6629
zipper	6629
meds	6629
palette	6629
blaze	6629
wreck	6629
threatens	6629
strengthened	6629
briefings	6629
siblings	6629
adversely	6629
devastating	6629
arabs	6629
onboard	6629
robbery	6629
nucleic	6629
telecoms	6628
jasmine	6628
crochet	6628
crowds	6628
hoops	6628
hehe	6628
macon	6628
lynne	6628
invariant	6628
stamped	6628
challenger	6628
increment	6628
redistributed	6628
uptake	6628
geared	6628
ideals	6628
ape	6628
gee	6628
apologies	6628
tycoon	6628
malignant	6628
dismiss	6628
preceded	6628
lawful	6628
stag	6628
biochem	6628
rash	6628
ors	6628
gateways	6628
collapsed	6628
antibiotic	6628
horns	6628
cps	6628
diversion	6628
overweight	6628
fantasies	6627
metasearch	6627
maureen	6627
trekking	6627
coordinators	6627
beginnings	6627
reversal	6627
lex	6627
shoreline	6627
presses	6627
ordination	6627
tandem	6627
middleware	6627
mips	6627
boil	6627
deliberate	6627
gagged	6627
roundtable	6627
surprises	6627
roc	6627
dementia	6627
barley	6627
potent	6627
amusing	6627
mastering	6627
nerves	6627
filesystem	6627
retains	6627
pow	6627
docking	6627
guidebook	6627
pilates	6627
chimney	6627
backstreet	6627
packers	6627
localized	6627
proverbs	6626
lic	6626
risky	6626
mistaken	6626
carving	6626
miracles	6626
slipped	6626
realism	6626
fractions	6626
archiving	6626
disconnect	6626
bloodhound	6626
multilingual	6626
sherry	6626
desperately	6626
indies	6626
tulip	6626
madame	6626
remedial	6626
vain	6626
immunization	6626
dalton	6626
bologna	6626
departing	6626
maze	6626
barefoot	6626
remuneration	6626
bohemian	6626
interviewing	6626
categorized	6626
imposing	6626
transmissions	6626
receivable	6626
rode	6626
amen	6626
marching	6625
evacuation	6625
owing	6625
warp	6625
implant	6625
playlists	6625
thematic	6625
catholics	6625
imo	6625
correctional	6625
faculties	6625
denies	6625
jojo	6625
buffers	6625
talkback	6625
servings	6625
reinforce	6625
inception	6625
draper	6625
bowman	6625
frustrating	6625
subversion	6625
zeta	6625
benny	6625
spires	6625
barney	6625
dinnerware	6625
sclerosis	6625
homosexuality	6625
declares	6625
emotionally	6625
masonry	6625
carbohydrate	6625
medicinal	6625
estrogen	6625
accrued	6625
temples	6624
realizing	6624
annum	6624
openbsd	6624
cemeteries	6624
indoors	6624
telescopes	6624
magellan	6624
champs	6624
federated	6624
averaging	6624
salads	6624
addicted	6624
flashlight	6624
disappointing	6624
rockford	6624
eighty	6624
staging	6624
unlocked	6624
scarce	6624
statistic	6624
ropes	6624
spiders	6624
obedience	6624
plague	6624
diluted	6624
canine	6624
gladly	6624
schizophrenia	6624
brewery	6624
lineage	6624
brew	6624
kern	6624
coup	6624
morse	6624
dominance	6624
predators	6623
piston	6623
cords	6623
revisited	6623
sealing	6623
topped	6623
adhesives	6623
rag	6623
despair	6623
inventories	6623
fore	6623
absorb	6623
injected	6623
alps	6623
commodore	6623
dumping	6623
enlisted	6623
prophets	6623
ow	6623
supernatural	6623
overlooked	6623
magenta	6623
tagging	6623
ditch	6623
feared	6623
prelude	6623
slick	6623
overly	6623
limestone	6623
triggers	6623
commentaries	6623
constructs	6623
impedance	6623
dragonfly	6623
manpower	6623
chunk	6623
reels	6622
lob	6622
slept	6622
refundable	6622
billboard	6622
drafted	6622
chalet	6622
layered	6622
hopper	6622
neurological	6622
subs	6622
specialization	6622
abstraction	6622
watchdog	6622
viability	6622
detained	6622
luncheon	6622
filler	6622
smiley	6622
zenith	6622
genomics	6622
yum	6622
browns	6622
researched	6622
waits	6622
tenor	6622
copiers	6622
ovarian	6622
softly	6622
plenary	6622
scrub	6622
airplanes	6622
limb	6622
intestinal	6622
cello	6622
poe	6622
refusing	6621
suffers	6621
sweepstakes	6621
occupy	6621
antigens	6621
gan	6621
midtown	6621
stabilization	6621
caves	6621
authoritative	6621
celestial	6621
immense	6621
merlin	6621
kinetics	6621
cocos	6621
aiming	6621
seizure	6621
stuttgart	6621
diplomacy	6621
differing	6621
impacted	6621
foreigners	6621
limp	6621
capitalist	6621
mute	6621
beanie	6621
protestant	6621
tricky	6621
ordinances	6621
spaced	6621
koch	6621
topaz	6621
segmentation	6621
imaginary	6621
soaps	6621
courthouse	6621
entrepreneurial	6620
dar	6620
dart	6620
psycho	6620
wrought	6620
robe	6620
multitude	6620
tutors	6620
housekeeping	6620
captive	6620
kettle	6620
visitation	6620
baggage	6620
dusty	6620
patty	6620
satire	6620
overload	6620
tortured	6620
pioneers	6620
vikings	6620
crate	6620
bootstrap	6620
wtf	6620
episcopal	6620
humane	6620
moonlight	6620
mast	6620
unfinished	6620
goth	6620
cared	6620
affection	6620
sworn	6620
twink	6620
vicious	6620
educating	6620
nortel	6620
kin	6619
affiliations	6619
cozy	6619
pussycat	6619
appropriated	6619
reversible	6619
slippers	6619
unclassified	6619
earthquakes	6619
bookshelf	6619
wandering	6619
comb	6619
liquids	6619
beech	6619
vineyards	6619
frogs	6619
fps	6619
consequential	6619
initialization	6619
unreasonable	6619
expat	6619
raider	6619
timers	6619
stimulus	6619
economists	6619
miners	6619
constituency	6619
rocker	6619
acknowledges	6619
alas	6619
sawyer	6619
lawmakers	6619
tense	6619
predicting	6619
filipino	6619
cooled	6619
prudential	6619
migrant	6618
devotion	6618
invoke	6618
leaning	6618
centrally	6618
luv	6618
paddle	6618
anterior	6618
dealership	6618
chop	6618
eyewear	6618
rooted	6618
onyx	6618
benches	6618
illumination	6618
freedoms	6618
foolish	6618
finale	6618
weaker	6618
foley	6618
fir	6618
decal	6618
compose	6618
nausea	6618
comfortably	6618
hoop	6618
addictive	6618
clarinet	6618
temps	6618
clearer	6618
floods	6618
gigabyte	6618
fritz	6618
mover	6618
modeled	6618
malaga	6618
rainforest	6617
federally	6617
sustaining	6617
repaired	6617
diocese	6617
obituary	6617
multinational	6617
painters	6617
thistle	6617
pornstars	6617
sleepy	6617
nope	6617
footnotes	6617
shrine	6617
aspirin	6617
purified	6617
striving	6617
dire	6617
attendant	6617
gull	6617
jour	6617
mir	6617
spoilers	6617
northumberland	6617
machining	6617
memoir	6617
betsy	6617
shaun	6617
redundancy	6617
fauna	6617
cliffs	6617
emo	6617
roadside	6617
smells	6617
dispose	6617
detox	6617
waking	6617
feathers	6616
skateboard	6616
reflex	6616
falcons	6616
automate	6616
drosophila	6616
spurs	6616
sion	6616
ortho	6616
crashed	6616
appraisals	6616
travelled	6616
urgency	6616
flashes	6616
brit	6616
carers	6616
graduating	6616
rims	6616
harmonic	6616
darts	6616
idc	6616
shin	6616
intriguing	6616
keypad	6616
flaw	6616
tails	6616
emulator	6616
microbial	6616
discarded	6616
bibles	6616
hangs	6616
caregivers	6616
quark	6616
synonyms	6616
electronica	6616
stranded	6616
mitochondrial	6616
dolce	6615
pane	6615
browning	6615
angular	6615
veins	6615
folds	6615
grinder	6615
sneak	6615
octet	6615
incorrectly	6615
avoidance	6615
dinosaurs	6615
sauces	6615
conquer	6615
probabilities	6615
vibe	6615
immortal	6615
mariners	6615
snapshots	6615
endeavor	6615
creole	6615
meth	6615
trendy	6615
teas	6615
settling	6615
inpatient	6615
filming	6615
badger	6615
partisan	6615
backend	6615
gratitude	6615
impress	6615
willy	6615
anon	6615
eminent	6615
ribs	6615
communicated	6614
exceptionally	6614
quilts	6614
splits	6614
subscribing	6614
companions	6614
cheques	6614
containment	6614
protections	6614
aliases	6614
maximizing	6614
screwed	6614
handsfree	6614
tomcat	6614
magna	6614
sectional	6614
interestingly	6614
fashionable	6614
polly	6614
tidal	6614
ballots	6614
hog	6614
testify	6614
poole	6614
boycott	6614
vitality	6614
clerks	6614
crust	6614
bothered	6614
traverse	6614
vengeance	6614
dolly	6614
pissed	6614
garrison	6614
nite	6614
sal	6614
barb	6614
huns	6613
miner	6613
fashions	6613
genital	6613
analogy	6613
insomnia	6613
constituent	6613
aura	6613
sponge	6613
cajun	6613
algebraic	6613
sect	6613
diner	6613
anticipation	6613
enduring	6613
regis	6613
winters	6613
explosives	6613
mound	6613
xiv	6613
backgammon	6613
chromatography	6613
overdose	6613
snatch	6613
mueller	6613
mole	6613
owed	6613
ladyboys	6613
orgasms	6613
kissed	6613
buff	6613
freezers	6613
butcher	6613
psalms	6613
rum	6613
ibiza	6613
chefs	6613
engraving	6612
constituted	6612
gastrointestinal	6612
hamlet	6612
asm	6612
smb	6612
clad	6612
excursion	6612
blu	6612
inverness	6612
orb	6612
grange	6612
megapixels	6612
resigned	6612
retriever	6612
fled	6612
enriched	6612
brandy	6612
swings	6612
scion	6612
reptiles	6612
vortex	6612
swallowing	6612
purses	6612
bodily	6612
func	6612
xiii	6612
awe	6612
standalone	6612
hoods	6612
antitrust	6612
equine	6612
bros	6612
fireplaces	6612
jared	6612
requisite	6612
retrospective	6612
emphasizes	6611
lizard	6611
bouquets	6611
dal	6611
wears	6611
anesthesia	6611
regal	6611
safeguards	6611
cabbage	6611
cub	6611
wrongful	6611
spectator	6611
arrests	6611
circumstance	6611
signage	6611
numbering	6611
encode	6611
admins	6611
accolades	6611
raton	6611
sliced	6611
reproductions	6611
infertility	6611
sidewalk	6611
prob	6611
breaker	6611
curly	6611
servlet	6611
collage	6611
asserted	6611
aces	6611
benchmarking	6611
jealous	6611
refinement	6611
learnt	6611
xxl	6611
hound	6611
squirrel	6610
concealed	6610
bankruptcies	6610
gauges	6610
blueprint	6610
bridging	6610
wharf	6610
rhythms	6610
departures	6610
flick	6610
datum	6610
shotgun	6610
stimulated	6610
chickens	6610
canceled	6610
briggs	6610
empowering	6610
lug	6610
ymca	6610
surveyor	6610
facilitator	6610
maize	6610
extinction	6610
unaware	6610
rockville	6610
discretionary	6610
psalm	6610
scented	6610
timestamp	6610
bib	6610
gowns	6610
spying	6610
rivera	6610
dermatology	6610
lied	6610
sandbox	6610
bloc	6610
premiership	6610
luton	6609
recurrent	6609
leaks	6609
tam	6609
recursive	6609
swell	6609
obstacle	6609
fluorescence	6609
kosher	6609
mantle	6609
additives	6609
driveway	6609
irony	6609
gesture	6609
marketed	6609
armies	6609
hugs	6609
greenfield	6609
santos	6609
owls	6609
mandrake	6609
cutters	6609
camper	6609
acquires	6609
ceased	6609
merging	6609
plaques	6609
breadth	6609
mammoth	6609
liquidity	6609
convictions	6609
intentional	6609
galactic	6609
merchandising	6609
prohibits	6609
ombudsman	6609
innings	6609
registrant	6608
reorganization	6608
pronunciation	6608
firefighters	6608
placements	6608
concession	6608
measurable	6608
parcels	6608
pastry	6608
manners	6608
levin	6608
academia	6608
amiga	6608
phosphorus	6608
viper	6608
descriptor	6608
hid	6608
volcanic	6608
gypsy	6608
thieves	6608
preaching	6608
pimp	6608
repeal	6608
gimp	6608
uncovered	6608
hemp	6608
proficient	6608
pelican	6608
cyclic	6608
swimsuit	6608
apocalypse	6608
morphology	6608
cousins	6608
discharges	6608
condom	6608
admire	6608
westerns	6608
dodgers	6608
poured	6607
usefulness	6607
unsolicited	6607
binds	6607
unveiled	6607
correlations	6607
textual	6607
suffix	6607
handsets	6607
installment	6607
spindle	6607
heavens	6607
inks	6607
wink	6607
diarrhea	6607
mister	6607
rounding	6607
inorganic	6607
flare	6607
scholastic	6607
wight	6607
withholding	6607
insertions	6607
kms	6607
couture	6607
foliage	6607
nod	6607
fife	6607
generals	6607
crank	6607
goats	6607
autographs	6607
summarize	6607
stub	6607
fundamentally	6607
creamy	6607
exposition	6607
rains	6606
laminated	6606
tort	6606
brace	6606
backups	6606
novelties	6606
gigantic	6606
mayhem	6606
washers	6606
grep	6606
xeon	6606
polymerase	6606
octave	6606
struts	6606
suppress	6606
harding	6606
dams	6606
deserved	6606
violates	6606
dialup	6606
afro	6606
separates	6606
proofs	6606
precedent	6606
biosynthesis	6606
prosecutors	6606
confirming	6606
garth	6606
alloys	6606
mach	6606
getaways	6606
facilitated	6606
metaphor	6606
wonderland	6606
infusion	6606
jessie	6606
zine	6606
conn	6606
argus	6605
jin	6605
mango	6605
spur	6605
jubilee	6605
landmarks	6605
polite	6605
thigh	6605
asynchronous	6605
paving	6605
cyclone	6605
perennial	6605
seventeen	6605
meats	6605
clearinghouse	6605
bulldog	6605
cleavage	6605
gradual	6605
brethren	6605
facilitates	6605
embodiment	6605
violating	6605
recruited	6605
skis	6605
calc	6605
marketers	6605
toilette	6605
trailing	6605
pact	6605
lipstick	6605
lulu	6605
windy	6605
punished	6605
saturation	6605
stamford	6605
chronology	6605
mastery	6605
thermometer	6605
cranberry	6604
downhill	6604
vita	6604
steer	6604
nesting	6604
vogue	6604
aired	6604
spaghetti	6604
outward	6604
whisper	6604
boogie	6604
compromised	6604
utilizes	6604
confession	6604
deprived	6604
vodka	6604
molding	6604
fasteners	6604
bricks	6604
communism	6604
leopard	6604
flowering	6604
wig	6604
jingle	6604
bounty	6604
fishes	6604
ringing	6604
knobs	6604
taurus	6604
whiskey	6604
absurd	6604
committing	6604
tolerant	6604
stoves	6604
enactment	6604
laminate	6604
earring	6604
aggregator	6604
datatype	6603
embryo	6603
ska	6603
salts	6603
marietta	6603
ergonomic	6603
furious	6603
iteration	6603
vida	6603
ceilings	6603
dispenser	6603
respecting	6603
approving	6603
unsafe	6603
refills	6603
ibis	6603
separating	6603
soups	6603
residing	6603
unidentified	6603
markings	6603
moist	6603
tractors	6603
drained	6603
coed	6603
audiobooks	6603
mule	6603
sheikh	6603
kiwi	6603
ohm	6603
cessation	6603
append	6603
motive	6603
pests	6603
acreage	6603
seasoned	6603
sunflower	6603
duel	6603
fingerprint	6602
stocked	6602
sorority	6602
bethel	6602
audition	6602
motives	6602
reinforcement	6602
leveraging	6602
psychotherapy	6602
provost	6602
guessing	6602
stokes	6602
lakers	6602
saxophone	6602
cocktails	6602
mead	6602
throttle	6602
steroid	6602
gong	6602
communicator	6602
horticulture	6602
resets	6602
util	6602
sympathetic	6602
ordinator	6602
bono	6602
isolate	6602
unconscious	6602
bays	6602
acronym	6602
veritas	6602
faulty	6602
affidavit	6602
breathtaking	6602
streamline	6602
messiah	6602
brunch	6602
infamous	6602
pundit	6601
pleasing	6601
seizures	6601
appealed	6601
figurine	6601
surveyors	6601
mutants	6601
cyberspace	6601
tenacious	6601
expiry	6601
exif	6601
waterfall	6601
sensual	6601
persecution	6601
petit	6601
burgess	6601
inning	6601
gaze	6601
fries	6601
chlorine	6601
freshly	6601
initialize	6601
rye	6601
foundry	6601
toxicology	6601
monies	6601
bodybuilding	6601
assassination	6601
nostalgia	6601
remarkably	6601
acetate	6601
pointe	6601
stall	6601
pls	6601
entirety	6601
destined	6601
marcel	6601
terminator	6601
lad	6600
hulk	6600
badminton	6600
cyan	6600
bal	6600
portage	6600
stacey	6600
serif	6600
dwellings	6600
informing	6600
portability	6600
characterize	6600
yourselves	6600
yearbook	6600
lubricants	6600
alameda	6600
aerosol	6600
mlm	6600
hostage	6600
cracker	6600
anglican	6600
monks	6600
compliment	6600
camino	6600
scotch	6600
sermons	6600
goin	6600
remembers	6600
coolers	6600
multilateral	6600
contention	6600
audited	6600
adjunct	6600
guernsey	6600
galore	6600
aloha	6600
dehydrogenase	6600
axes	6600
postfix	6600
stirring	6599
haze	6599
pits	6599
exponential	6599
utter	6599
bottled	6599
ants	6599
gastric	6599
secretarial	6599
influencing	6599
rents	6599
theirs	6599
mattresses	6599
todays	6599
lax	6599
toaster	6599
cater	6599
colts	6599
rehearsal	6599
reputable	6599
tuck	6599
rei	6599
slab	6599
lure	6599
kart	6599
archbishop	6599
questionnaires	6599
ling	6599
incompatible	6599
emblem	6599
roadway	6599
overlapping	6599
serials	6599
dunes	6599
equivalence	6599
murders	6599
vaughn	6599
aviv	6599
miserable	6598
unsuccessful	6598
condominiums	6598
decorate	6598
bottoms	6598
revocation	6598
vomiting	6598
chesterfield	6598
exposing	6598
pea	6598
tubs	6598
simulate	6598
schematic	6598
liposuction	6598
apoptosis	6598
thankful	6598
pneumatic	6598
alaskan	6598
sniper	6598
vertices	6598
elephants	6598
pinch	6598
additive	6598
professionalism	6598
libertarian	6598
washable	6598
normalized	6598
uninstall	6598
scopes	6598
fundraiser	6598
braces	6598
troll	6598
teamwork	6598
deficient	6598
auditions	6598
refrigerators	6598
redirected	6598
annotations	6598
middletown	6598
filth	6597
moderation	6597
widgets	6597
worrying	6597
ontology	6597
timberland	6597
mags	6597
outrageous	6597
kraft	6597
concluding	6597
blackboard	6597
chopper	6597
nitrate	6597
pinball	6597
pharmacists	6597
skates	6597
surcharge	6597
tbd	6597
hers	6597
grin	6597
footprint	6597
installs	6597
malware	6597
tunnels	6597
crises	6597
trillion	6597
comforter	6597
cashmere	6597
heavier	6597
meteorological	6597
spit	6597
labelled	6597
darker	6597
horsepower	6597
globes	6597
algae	6597
alcoholism	6597
dissent	6597
csc	6596
maximal	6596
daly	6596
prenatal	6596
documenting	6596
choral	6596
unrestricted	6596
happenings	6596
contempt	6596
socialism	6596
hem	6596
edible	6596
anarchy	6596
clicked	6596
ineffective	6596
scorecard	6596
drawers	6596
conditioners	6596
acme	6596
leakage	6596
culturally	6596
shady	6596
chemist	6596
evenly	6596
janitorial	6596
reclamation	6596
rove	6596
propane	6596
appendices	6596
collagen	6596
praised	6596
rhymes	6596
blizzard	6596
erect	6596
refining	6596
concessions	6596
commandments	6596
confront	6596
vests	6596
coyote	6595
makeover	6595
breeder	6595
electrode	6595
esc	6595
chow	6595
cookbooks	6595
pollen	6595
drunken	6595
mot	6595
valet	6595
spoiler	6595
polarized	6595
shrubs	6595
watering	6595
baroque	6595
ppt	6595
barrow	6595
jihad	6595
transporting	6595
rifles	6595
posterior	6595
aria	6595
excise	6595
poetic	6595
abnormalities	6595
mortar	6595
qtr	6595
blamed	6595
recommending	6595
inmate	6595
dirk	6595
posture	6595
thereon	6595
valleys	6595
declaring	6595
motorsport	6595
septic	6595
commencing	6595
armada	6594
wrench	6594
thanked	6594
arranging	6594
thrilled	6594
bas	6594
predicts	6594
expedited	6594
discomfort	6594
curricula	6594
scar	6594
indictment	6594
apology	6594
pms	6594
raped	6594
collars	6594
configurable	6594
sloan	6594
pudding	6594
flawed	6594
checkpoint	6594
plato	6594
examiners	6594
salzburg	6594
rot	6594
possesses	6594
dorm	6594
squared	6594
needless	6594
pies	6594
lakeside	6594
interconnection	6594
heterogeneous	6594
taxis	6594
hates	6594
aspirations	6594
fences	6594
excavation	6594
cookers	6594
luckily	6593
ultraviolet	6593
rutland	6593
lighted	6593
pneumonia	6593
monastery	6593
erected	6593
expresses	6593
dialing	6593
migrate	6593
carton	6593
councillors	6593
identifiers	6593
mentors	6593
transforms	6593
ammonia	6593
licensure	6593
outlaw	6593
saws	6593
bovine	6593
dislike	6593
systematically	6593
ogden	6593
interruption	6593
imminent	6593
madam	6593
tights	6593
compelled	6593
criticized	6593
hypertext	6593
soybean	6593
electra	6593
affirmed	6593
posix	6593
communal	6593
landlords	6593
brewers	6593
emu	6593
libby	6593
dynamite	6592
tease	6592
motley	6592
aroma	6592
pierced	6592
translates	6592
retractable	6592
cognition	6592
quickbooks	6592
cain	6592
townhouse	6592
stormwater	6592
delegated	6592
coco	6592
chatting	6592
punish	6592
fishermen	6592
pipelines	6592
conforming	6592
causal	6592
stringent	6592
rowan	6592
tia	6592
assigning	6592
dwell	6592
hacked	6592
inaugural	6592
awkward	6592
congrats	6592
weaving	6592
metropolis	6592
psychologists	6592
diligence	6592
stair	6592
splitter	6592
dine	6592
standardization	6592
enforcing	6592
lakeland	6592
classy	6591
struggled	6591
lookout	6591
arterial	6591
injustice	6591
mystical	6591
triathlon	6591
ironing	6591
kbytes	6591
thx	6591
commanded	6591
woodlands	6591
guardians	6591
manifesto	6591
slap	6591
jaws	6591
textured	6591
doppler	6591
pedestal	6591
entropy	6591
widening	6591
snooker	6591
unleashed	6591
underwood	6591
saline	6591
sonny	6591
longevity	6591
paw	6591
lux	6591
sterile	6591
importer	6591
orioles	6591
botany	6591
dissolution	6591
rotor	6591
pauline	6591
quart	6591
theres	6591
bison	6591
suppressed	6591
allegro	6590
materially	6590
cit	6590
amor	6590
xvi	6590
fungi	6590
phyllis	6590
dreamy	6590
bengal	6590
backstage	6590
scrolls	6590
awakening	6590
fairies	6590
prescribe	6590
greed	6590
nominate	6590
sparkle	6590
autograph	6590
bmp	6590
migrating	6590
gasket	6590
refrain	6590
lastly	6590
overcoming	6590
wander	6590
relieved	6590
firearm	6590
bam	6590
closures	6590
participatory	6590
intermittent	6590
ante	6590
micron	6590
budgetary	6590
revolving	6590
bundled	6590
pantie	6590
bombers	6590
covert	6590
crater	6589
favored	6589
bred	6589
fractional	6589
ideological	6589
fostering	6589
rheumatoid	6589
thence	6589
birthplace	6589
bleed	6589
reverend	6589
transmitting	6589
swindon	6589
cabernet	6589
caucasian	6589
understandable	6589
shea	6589
goblet	6589
doctorate	6589
binaries	6589
inventions	6589
practicable	6589
showdown	6589
fronts	6589
ancestor	6589
potentials	6589
incur	6589
tempe	6589
cores	6589
borrowers	6589
canonical	6589
nodded	6589
confronted	6589
believer	6589
multifunction	6589
nifty	6589
declines	6589
unveils	6589
peacock	6589
utmost	6589
skeletal	6588
dems	6588
rollover	6588
infos	6588
helpers	6588
elapsed	6588
thanx	6588
anthrax	6588
academies	6588
tout	6588
shockwave	6588
imitation	6588
harvested	6588
dab	6588
hopeful	6588
furnishing	6588
negatively	6588
residences	6588
spinach	6588
bpm	6588
liquidation	6588
predecessor	6588
cheeks	6588
hare	6588
beasts	6588
touchdown	6588
planar	6588
philanthropy	6588
adequacy	6588
peanuts	6588
discovers	6588
franchising	6588
discard	6588
cavalry	6588
ged	6588
breakers	6588
quorum	6588
forwards	6588
ecard	6588
prevalent	6587
plat	6587
exploits	6587
dukes	6587
offended	6587
trimmed	6587
ferries	6587
bonn	6587
muller	6587
prostitution	6587
mosque	6587
fudge	6587
extractor	6587
horseback	6587
vested	6587
terribly	6587
earnest	6587
myocardial	6587
callback	6587
tory	6587
encompasses	6587
sander	6587
oldham	6587
conductivity	6587
confederate	6587
presumed	6587
climax	6587
blending	6587
weave	6587
postponed	6587
philosophers	6587
speeding	6587
creditor	6587
exits	6587
pardon	6587
oder	6587
skateboarding	6587
abby	6587
outback	6587
teller	6587
mandates	6586
siena	6586
reiki	6586
biopsy	6586
peptides	6586
veil	6586
peck	6586
custodian	6586
quarry	6586
oceanic	6586
tres	6586
helm	6586
festive	6586
awakenings	6586
preserves	6586
sediments	6586
appraiser	6586
gaussian	6586
hustler	6586
jess	6586
tensions	6586
secretion	6586
linkages	6586
separator	6586
insult	6586
scraps	6586
waived	6586
cured	6586
buggy	6586
recon	6586
kennel	6586
drilled	6586
souvenirs	6586
royals	6586
prescribing	6586
slack	6586
pastel	6586
gin	6586
differentiate	6586
strollers	6586
jays	6585
uninsured	6585
pilgrim	6585
vines	6585
susceptibility	6585
ambiguous	6585
disputed	6585
scouting	6585
instinct	6585
gorge	6585
righteousness	6585
carrot	6585
discriminatory	6585
opaque	6585
headquartered	6585
bullying	6585
flaming	6585
empower	6585
apis	6585
liens	6585
caterpillar	6585
pedals	6585
chew	6585
teak	6585
benefited	6585
prevail	6585
bitmap	6585
migraine	6585
undermine	6585
enum	6585
omission	6585
diminished	6585
aes	6585
cages	6585
methane	6585
pager	6585
aclu	6585
capitals	6585
correctness	6585
implication	6585
pap	6584
banjo	6584
shaker	6584
natives	6584
quilting	6584
campgrounds	6584
stout	6584
rewarded	6584
densities	6584
deepest	6584
sane	6584
turnaround	6584
climbed	6584
corrupted	6584
relays	6584
navigational	6584
hanna	6584
husbands	6584
fading	6584
colchester	6584
fingertips	6584
persuade	6584
roaming	6584
oversized	6584
sibling	6584
determinations	6584
weighed	6584
ashamed	6584
concierge	6584
gorilla	6584
gatherings	6584
endure	6584
inhibit	6584
nom	6584
cheltenham	6584
screenplay	6584
unabridged	6584
dickens	6584
endpoint	6584
juniper	6584
repetition	6583
labelling	6583
synchronous	6583
heartland	6583
preparatory	6583
cafeteria	6583
outfitters	6583
fielding	6583
dune	6583
homelessness	6583
cursed	6583
efficiencies	6583
blowout	6583
youths	6583
migrants	6583
tumble	6583
oversee	6583
thresholds	6583
stare	6583
unlocking	6583
missy	6583
waveform	6583
deficits	6583
contradiction	6583
flair	6583
helium	6583
wonderfully	6583
whitewater	6583
tableware	6583
dug	6583
workgroup	6583
congenital	6583
trojans	6583
insanity	6583
clement	6583
embraced	6583
cli	6583
finely	6583
authenticated	6583
reformed	6583
tolerate	6582
robotic	6582
mana	6582
lest	6582
adhesion	6582
tic	6582
dialysis	6582
filmed	6582
staten	6582
noticeable	6582
aesthetics	6582
smoker	6582
benign	6582
hypotheses	6582
afforded	6582
aisle	6582
dunno	6582
blur	6582
evidently	6582
summarizes	6582
limbs	6582
unforgettable	6582
punt	6582
sludge	6582
crypto	6582
tanned	6582
altering	6582
bunker	6582
multiplication	6582
paved	6582
heavyweight	6582
fabricated	6582
pasture	6582
richest	6582
cruelty	6582
comptroller	6582
scalability	6582
creatine	6582
mormon	6582
minimizing	6582
genuinely	6582
plugged	6581
souvenir	6581
mifflin	6581
relativity	6581
mojo	6581
cucumber	6581
occurrences	6581
marshal	6581
rituals	6581
seize	6581
decisive	6581
spawn	6581
blanks	6581
dungeons	6581
epoxy	6581
watercolor	6581
uncensored	6581
sailors	6581
stony	6581
trainees	6581
tori	6581
shelving	6581
effluent	6581
annals	6581
storytelling	6581
sadness	6581
periodical	6581
polarization	6581
dime	6581
losers	6581
bombings	6581
crypt	6581
accomplishment	6581
onwards	6581
bogus	6581
carp	6581
prompts	6581
witches	6581
barred	6581
skinner	6581
equities	6580
dusk	6580
nouveau	6580
customary	6580
vertically	6580
crashing	6580
cautious	6580
possessions	6580
feeders	6580
urging	6580
passions	6580
faded	6580
mobil	6580
scrolling	6580
counterpart	6580
utensils	6580
secretly	6580
tying	6580
lent	6580
diode	6580
magician	6580
indulgence	6580
aloe	6580
melted	6580
medford	6580
fam	6580
extremes	6580
puff	6580
underlined	6580
obsessed	6580
flavored	6580
gemstones	6580
viewpoints	6580
groceries	6580
motto	6580
singled	6580
alton	6580
staple	6580
dealings	6580
pathetic	6580
ramblings	6580
janis	6579
craftsman	6579
irritation	6579
rulers	6579
centric	6579
collisions	6579
militia	6579
optionally	6579
conservatory	6579
nightclub	6579
bananas	6579
geophysical	6579
fictional	6579
adherence	6579
golfing	6579
defended	6579
handlers	6579
grille	6579
claw	6579
pushes	6579
flagship	6579
kittens	6579
illegally	6579
deter	6579
tyre	6579
furry	6579
cubes	6579
transcribed	6579
bouncing	6579
wand	6579
taco	6579
scarves	6579
cavalier	6579
ish	6579
rinse	6579
outfits	6579
repertoire	6579
respectfully	6579
emeritus	6579
ulster	6579
macroeconomic	6579
tides	6578
weld	6578
venom	6578
writ	6578
dispensing	6578
tailed	6578
puppets	6578
tapping	6578
hostname	6578
typo	6578
immersion	6578
explode	6578
escapes	6578
berries	6578
merchantability	6578
happier	6578
mummy	6578
stacked	6578
winged	6578
brighter	6578
cries	6578
speciality	6578
warranted	6578
attacker	6578
ruined	6578
catcher	6578
damp	6578
sanity	6578
ether	6578
suction	6578
crusade	6578
rumble	6578
inverter	6578
correcting	6578
shattered	6578
heroic	6578
motivate	6578
retreats	6578
formulate	6578
assessor	6578
cpp	6577
sheds	6577
blockbuster	6577
pathfinder	6577
anomalies	6577
homogeneous	6577
bonsai	6577
windshield	6577
spheres	6577
belonged	6577
assigns	6577
croydon	6577
sofas	6577
cushions	6577
fern	6577
convection	6577
defenders	6577
debugger	6577
boing	6577
lore	6577
ancillary	6577
pointless	6577
whipped	6577
dinners	6577
factoring	6577
genealogical	6577
gyms	6577
inhalation	6577
selfish	6577
eventual	6577
faucet	6577
mitigate	6577
arguably	6577
techs	6577
electives	6577
walkman	6577
midget	6577
boiled	6577
commissioning	6577
neville	6577
experimentation	6577
saltwater	6576
haute	6576
herring	6576
unfamiliar	6576
wacky	6576
expectancy	6576
deterioration	6576
sgml	6576
proclaimed	6576
arid	6576
anemia	6576
biting	6576
coincidence	6576
idiots	6576
mona	6576
muddy	6576
savanna	6576
cid	6576
raspberry	6576
cancellations	6576
paging	6576
nudists	6576
illusions	6576
spikes	6576
enumeration	6576
keeling	6576
accesses	6576
permissible	6576
yielded	6576
nuisance	6576
jive	6576
siam	6576
latent	6576
drowning	6576
bullshit	6576
casper	6576
spun	6576
shalt	6576
loch	6576
commanding	6576
sparrow	6576
poorest	6575
hector	6575
datasets	6575
nicotine	6575
comeback	6575
brotherhood	6575
gannett	6575
milling	6575
sinking	6575
sulphur	6575
curricular	6575
downtime	6575
takeover	6575
wicker	6575
balm	6575
figs	6575
nephew	6575
confess	6575
chit	6575
chaotic	6575
lays	6575
principally	6575
visor	6575
transistor	6575
drip	6575
traced	6575
outright	6575
melodies	6575
spotting	6575
myriad	6575
stains	6575
sandal	6575
rubbing	6575
naive	6575
skeptical	6575
wagering	6575
remembrance	6575
detects	6575
disregard	6575
hanger	6575
dragged	6575
foreman	6574
rtf	6574
allegiance	6574
fairview	6574
hires	6574
conduit	6574
dependable	6574
mainframe	6574
echoes	6574
compilers	6574
ladders	6574
prudent	6574
glowing	6574
heartbeat	6574
blazer	6574
alchemy	6574
linden	6574
timezone	6574
tanya	6574
geographically	6574
alternating	6574
audible	6574
folio	6574
presiding	6574
mans	6574
colleen	6574
participates	6574
waterways	6574
syndicated	6574
lexicon	6574
fractures	6574
apprenticeship	6574
childbirth	6574
dumped	6574
integers	6574
zirconia	6574
barre	6574
shortages	6574
plumbers	6574
fiery	6574
convex	6574
richer	6574
mop	6573
urn	6573
surfer	6573
diapers	6573
biscuits	6573
disclaims	6573
outbound	6573
breakout	6573
restless	6573
unanswered	6573
paired	6573
fakes	6573
stderr	6573
vaults	6573
injections	6573
remortgage	6573
yogurt	6573
complies	6573
tossed	6573
caucus	6573
workaround	6573
cooke	6573
polytechnic	6573
pillars	6573
uber	6573
overwhelmed	6573
salute	6573
shoppe	6573
parody	6573
penthouse	6573
compensated	6573
synthase	6573
lacked	6573
circulated	6573
pistons	6573
sauvignon	6573
acorn	6573
bosses	6573
pint	6573
ascension	6573
bayer	6573
ply	6572
mornings	6572
cation	6572
mentioning	6572
scientology	6572
flagstaff	6572
maxi	6572
thrive	6572
feminism	6572
rightly	6572
paragon	6572
basal	6572
webinar	6572
turnout	6572
bruins	6572
persist	6572
indispensable	6572
clamps	6572
illicit	6572
firefly	6572
liar	6572
tabletop	6572
pledged	6572
monoclonal	6572
pictorial	6572
curling	6572
ares	6572
wholesaler	6572
smoky	6572
opus	6572
aromatic	6572
flirt	6572
slang	6572
emporium	6572
princes	6572
restricting	6572
partnering	6572
promoters	6572
soothing	6572
freshmen	6572
mage	6572
departed	6572
finch	6571
inherently	6571
forefront	6571
headlights	6571
monophonic	6571
largo	6571
amazingly	6571
plural	6571
swapping	6571
skipped	6571
hereinafter	6571
extracting	6571
analogous	6571
hebrews	6571
particulate	6571
tally	6571
unpleasant	6571
uno	6571
tempted	6571
blindness	6571
creep	6571
staining	6571
shaded	6571
cot	6571
plaster	6571
novo	6571
negotiable	6571
subcategories	6571
hearted	6571
quarterback	6571
obstruction	6571
agility	6571
complying	6571
overture	6571
newcomers	6571
hectares	6571
upscale	6571
scrabble	6571
noteworthy	6571
agile	6571
sacks	6571
kiosk	6570
ionic	6570
stray	6570
runaway	6570
slowing	6570
hoodie	6570
payout	6570
clinically	6570
watchers	6570
supplemented	6570
poppy	6570
obligated	6570
frenzy	6570
decoding	6570
jargon	6570
kangaroo	6570
sleeper	6570
elemental	6570
presenters	6570
teal	6570
unnamed	6570
particulars	6570
jerking	6570
bungalow	6570
covington	6570
bazaar	6570
interconnect	6570
predicate	6570
recurrence	6570
chinatown	6570
mindless	6570
purifier	6570
recruits	6570
sharper	6570
tablespoons	6570
greedy	6570
supervise	6570
termed	6570
stamping	6570
coolest	6570
downing	6570
libc	6570
basque	6569
societal	6569
ire	6569
halogen	6569
pegasus	6569
silhouette	6569
dorado	6569
daring	6569
realms	6569
maestro	6569
forte	6569
coaxial	6569
tipping	6569
holster	6569
fiddle	6569
crunch	6569
bard	6569
reap	6569
ccm	6569
faucets	6569
ballistic	6569
exemplary	6569
payouts	6569
caliber	6569
apostle	6569
playful	6569
supermarkets	6569
multiplied	6569
enchanted	6569
styled	6569
commanders	6569
waive	6569
contraception	6569
polaroid	6569
vance	6569
soprano	6569
polishing	6569
marquis	6569
underage	6569
cardio	6569
wen	6569
translating	6569
frontiers	6568
timeshares	6568
logger	6568
adjoining	6568
greet	6568
acclaim	6568
kool	6568
oki	6568
birding	6568
hardship	6568
detainees	6568
hast	6568
lymph	6568
barrie	6568
pollutant	6568
closeouts	6568
cavaliers	6568
rollers	6568
pumped	6568
differentiated	6568
verifying	6568
almighty	6568
weekday	6568
homecoming	6568
increments	6568
intuition	6568
revoked	6568
openness	6568
chromium	6568
circulating	6568
latch	6568
mccormick	6568
verbs	6568
drank	6568
confrontation	6568
shreveport	6568
grower	6568
darlington	6568
slippery	6568
unpredictable	6568
capacitor	6568
outpost	6568
moroccan	6567
seville	6567
chatter	6567
hess	6567
santo	6567
lettuce	6567
raging	6567
tidy	6567
motorized	6567
subgroup	6567
oppression	6567
vets	6567
bows	6567
yielding	6567
assays	6567
torso	6567
occult	6567
expeditions	6567
hooker	6567
longhorn	6567
beau	6567
backdrop	6567
subordinate	6567
lilies	6567
aerobic	6567
articulate	6567
ecstasy	6567
sweetheart	6567
hobbs	6567
mediator	6567
dunlop	6567
tad	6567
modernization	6567
cultivated	6567
rang	6567
disconnected	6567
consulate	6567
businessman	6567
lucent	6567
commuter	6567
orthopedic	6567
disagreement	6567
strands	6566
tyrosine	6566
compost	6566
adjourned	6566
familiarity	6566
initiating	6566
erroneous	6566
grabs	6566
marlin	6566
pulses	6566
theses	6566
stuffing	6566
casserole	6566
canoeing	6566
jeux	6566
wilton	6566
ophthalmology	6566
flooded	6566
clubhouse	6566
reverted	6566
crackers	6566
greyhound	6566
corsair	6566
ironic	6566
licensees	6566
wards	6566
unsupported	6566
evaluates	6566
hinge	6566
cockpit	6566
protesters	6566
venetian	6566
mvc	6566
sew	6566
carrots	6566
faire	6566
laps	6566
memorials	6566
resumed	6566
conversely	6566
emory	6566
stunt	6566
maven	6565
excuses	6565
commute	6565
staged	6565
vitae	6565
transgender	6565
hustle	6565
stimuli	6565
customizing	6565
subroutine	6565
upwards	6565
witty	6565
pong	6565
transcend	6565
loosely	6565
anchors	6565
hun	6565
hertz	6565
atheist	6565
capped	6565
firefighter	6565
liking	6565
preacher	6565
propulsion	6565
complied	6565
intangible	6565
compassionate	6565
catastrophic	6565
blower	6565
substitutes	6565
flown	6565
dubbed	6565
silky	6565
groovy	6565
vows	6565
reusable	6565
actuarial	6565
distorted	6565
attracts	6565
bern	6565
qualifies	6565
grizzly	6565
helpline	6564
erectile	6564
timeliness	6564
obstetrics	6564
chaired	6564
agri	6564
repay	6564
hurting	6564
homicide	6564
prognosis	6564
pandemic	6564
await	6564
fob	6564
sparse	6564
corridors	6564
fossils	6564
victories	6564
chemically	6564
fetus	6564
determinants	6564
compliments	6564
cider	6564
noncommercial	6564
opteron	6564
crooked	6564
gangs	6564
segregation	6564
superannuation	6564
ifs	6564
overcast	6564
inverted	6564
achieves	6564
haas	6564
documentaries	6564
remake	6564
arp	6564
braille	6564
forehead	6564
pax	6564
kalamazoo	6564
scratches	6564
lilac	6564
sinus	6564
maverick	6563
intellect	6563
charmed	6563
denny	6563
harman	6563
hears	6563
nationalism	6563
pervasive	6563
enfield	6563
anabolic	6563
clears	6563
videotape	6563
knowingly	6563
pivot	6563
amplification	6563
huron	6563
snippets	6563
undergraduates	6563
digestion	6563
dustin	6563
mixtures	6563
composites	6563
soaring	6563
dragging	6563
virtues	6563
banning	6563
flushing	6563
deprivation	6563
delights	6563
foreword	6563
glide	6563
transverse	6563
pathogens	6563
engagements	6563
withstand	6563
authorizes	6563
blooms	6563
soar	6563
jacking	6563
uniformly	6563
ooh	6563
subsections	6563
todos	6562
bod	6562
piedmont	6562
yin	6562
tiki	6562
empowered	6562
homepages	6562
lena	6562
outlying	6562
slogan	6562
subdivisions	6562
handouts	6562
deducted	6562
totaling	6562
cpm	6562
marvelous	6562
bop	6562
stretches	6562
vigorous	6562
flee	6562
biscuit	6562
creme	6562
submits	6562
woes	6562
waltz	6562
menace	6562
emerges	6562
classify	6562
downstairs	6562
statesman	6562
cheerful	6562
blush	6562
leaflet	6562
weymouth	6562
spherical	6562
intracellular	6562
informs	6562
dramas	6562
waltham	6562
geisha	6562
billiard	6562
briefcase	6562
unseen	6562
optimism	6561
silica	6561
kara	6561
modal	6561
unusually	6561
phishing	6561
addendum	6561
widest	6561
impotence	6561
medley	6561
cadet	6561
redskins	6561
temper	6561
gam	6561
intravenous	6561
asserts	6561
loren	6561
stew	6561
newsfeed	6561
hereafter	6561
carbs	6561
retiring	6561
smashing	6561
yakima	6561
accumulate	6561
xtc	6561
mariner	6561
collier	6561
hush	6561
fragmentation	6561
paranormal	6561
whispered	6561
generosity	6561
vibrating	6561
glossaries	6561
lama	6561
artisan	6561
akin	6561
embarrassing	6561
emoticons	6561
carbohydrates	6561
aqueous	6561
appetizers	6561
stockholders	6560
stylesheet	6560
splinter	6560
preferable	6560
englewood	6560
juices	6560
ironically	6560
morale	6560
morales	6560
solder	6560
trench	6560
persuasion	6560
hottie	6560
stripper	6560
adrenaline	6560
mammalian	6560
opted	6560
lodged	6560
revolt	6560
meteorology	6560
analyzes	6560
renders	6560
pioneering	6560
pristine	6560
shines	6560
spreadsheets	6560
regain	6560
resize	6560
auditory	6560
applause	6560
medically	6560
tweak	6560
mmm	6560
trait	6560
popped	6560
busted	6560
basins	6560
farmhouse	6560
pounding	6560
picturesque	6560
ottoman	6560
graders	6560
eater	6560
tuners	6559
utopia	6559
slider	6559
insists	6559
willard	6559
lettering	6559
dads	6559
pouring	6559
hays	6559
concentrating	6559
soak	6559
courtroom	6559
hides	6559
manure	6559
savior	6559
dade	6559
secrecy	6559
baht	6559
duplicated	6559
dreamed	6559
relocating	6559
fertile	6559
hinges	6559
plausible	6559
creepy	6559
synth	6559
filthy	6559
subchapter	6559
narrator	6559
optimizations	6559
hillside	6559
standpoint	6559
layup	6559
laundering	6559
nationalist	6559
piazza	6559
denoted	6559
nazis	6559
oneself	6559
royalties	6559
newbies	6559
piles	6559
abbreviation	6559
vaginas	6558
critiques	6558
stroll	6558
anomaly	6558
thighs	6558
boa	6558
expressive	6558
infect	6558
bezel	6558
avatars	6558
pers	6558
dotted	6558
frontal	6558
havoc	6558
ubiquitous	6558
arsenic	6558
synonym	6558
facilitation	6558
yer	6558
doomed	6558
applets	6558
francs	6558
ballad	6558
pdfs	6558
sling	6558
contraction	6558
devised	6558
explorers	6558
billie	6558
undercover	6558
substrates	6558
evansville	6558
joystick	6558
ravens	6558
rican	6558
underline	6558
obscene	6558
uptime	6558
spammers	6558
hymn	6558
continual	6558
nuclei	6558
tummy	6558
axial	6557
slowed	6557
tolerated	6557
quay	6557
outing	6557
instruct	6557
topographic	6557
overhaul	6557
majordomo	6557
indemnity	6557
lev	6557
imaginative	6557
weir	6557
burgers	6557
remarked	6557
portrayed	6557
watchlist	6557
campers	6557
phenotype	6557
countrywide	6557
ferris	6557
affirm	6557
spelled	6557
epoch	6557
mourning	6557
resistor	6557
phelps	6557
aft	6557
plaid	6557
fable	6557
rescued	6557
snowmobile	6557
exploded	6557
padres	6557
scars	6557
whisky	6557
uptown	6557
susie	6557
subparagraph	6557
batter	6557
weighting	6557
rectal	6557
nuggets	6557
silently	6556
pesos	6556
shakes	6556
dram	6556
impartial	6556
embryos	6556
punctuation	6556
initials	6556
spans	6556
pallet	6556
pistols	6556
mara	6556
garages	6556
tanner	6556
avenues	6556
urology	6556
dun	6556
aforementioned	6556
tackling	6556
obese	6556
compress	6556
apostles	6556
sober	6556
collaborations	6556
tread	6556
legitimacy	6556
zoology	6556
steals	6556
unwilling	6556
lis	6556
isolates	6556
velcro	6556
worksheets	6556
wigan	6556
abba	6556
paddy	6556
huskies	6556
plunge	6556
sinister	6556
burr	6556
arteries	6556
chaser	6556
formations	6556
vantage	6555
texans	6555
diffuse	6555
boredom	6555
norma	6555
astra	6555
crosse	6555
overdrive	6555
mondo	6555
phosphorylation	6555
helpless	6555
depletion	6555
neonatal	6555
vhf	6555
flatbed	6555
spades	6555
slug	6555
visionary	6555
coffin	6555
otter	6555
golfers	6555
lira	6555
earns	6555
amplified	6555
recess	6555
dispersed	6555
technics	6555
shouted	6555
clippers	6555
shilling	6555
resemble	6555
spirited	6555
carbonate	6555
mimi	6555
discriminate	6555
stared	6555
recharge	6555
crocodile	6555
sassy	6555
demux	6555
ratification	6555
ribosomal	6555
vases	6555
filmmakers	6555
transnational	6554
advises	6554
coward	6554
paralegal	6554
spokesperson	6554
teamed	6554
preset	6554
inequalities	6554
jams	6554
pancreatic	6554
manicures	6554
dyes	6554
turbulence	6554
yell	6554
fins	6554
plz	6554
underwriting	6554
dresser	6554
rake	6554
ornamental	6554
riches	6554
resign	6554
collectable	6554
ramps	6554
tackles	6554
injunction	6554
intervene	6554
poised	6554
barking	6554
walden	6554
dread	6554
catchment	6554
tactic	6554
partitioning	6554
voicemail	6554
handwriting	6554
serpent	6554
tapped	6554
articulated	6554
pitched	6554
parentheses	6554
contextual	6554
wisely	6554
accustomed	6554
steaks	6553
playhouse	6553
superficial	6553
toxins	6553
suns	6553
casts	6553
bunk	6553
cryptography	6553
stab	6553
sanction	6553
dyer	6553
effected	6553
daycare	6553
tubular	6553
moi	6553
ode	6553
scorpio	6553
avoids	6553
richter	6553
ultrasonic	6553
evidenced	6553
dit	6553
larvae	6553
dyke	6553
ashford	6553
intergovernmental	6553
paranoid	6553
kernels	6553
mobilization	6553
xvid	6553
snorkeling	6553
chilean	6553
gifs	6553
qualifier	6553
manipulated	6553
alleviate	6553
fungal	6553
ligand	6553
seam	6553
freelists	6553
riddle	6553
coastline	6553
comedies	6553
fainter	6552
omit	6552
respectful	6552
flamingo	6552
cabaret	6552
deformation	6552
recession	6552
assembler	6552
awaited	6552
renovations	6552
nozzle	6552
externally	6552
needy	6552
broadcasters	6552
employability	6552
wheeled	6552
booksellers	6552
noodles	6552
darn	6552
diners	6552
greeks	6552
retardation	6552
supervising	6552
corning	6552
reich	6552
armored	6552
weary	6552
solitary	6552
moo	6552
photographed	6552
tweed	6552
snowy	6552
pianist	6552
surrounds	6552
knocking	6552
cosmopolitan	6552
magistrate	6552
everlasting	6552
pigment	6552
faction	6552
argentine	6552
blogosphere	6552
endocrine	6552
genie	6552
ammo	6551
bling	6551
chars	6551
rulings	6551
geophysics	6551
microscopic	6551
clarified	6551
coherence	6551
slater	6551
broccoli	6551
foreach	6551
oakwood	6551
sensations	6551
orphan	6551
conferred	6551
disturbances	6551
chandelier	6551
linker	6551
embryonic	6551
carver	6551
paterson	6551
graceful	6551
synchronized	6551
intercept	6551
shellfish	6551
shouts	6551
ascertain	6551
veto	6551
trajectory	6551
epsilon	6551
exhaustive	6551
annoyed	6551
bureaucracy	6551
astrophysics	6551
stalls	6551
fined	6551
bien	6551
hansard	6551
inward	6551
reflector	6551
greeted	6551
lai	6551
defenses	6551
meaningless	6551
clam	6550
vampires	6550
relocate	6550
nerd	6550
negligible	6550
starch	6550
godfather	6550
apron	6550
glazing	6550
guts	6550
pragmatic	6550
tyranny	6550
provisioning	6550
warehouses	6550
regimen	6550
axel	6550
expandable	6550
fluffy	6550
slender	6550
bender	6550
reliably	6550
aides	6550
forma	6550
fas	6550
absorbing	6550
cherries	6550
hasbro	6550
distinguishing	6550
multidisciplinary	6550
ventricular	6550
glazed	6550
dashed	6550
distressed	6550
bans	6550
shouting	6550
bullock	6550
villagers	6550
transferable	6550
yummy	6550
acknowledgments	6550
momma	6550
mermaid	6550
buds	6550
concordance	6550
sexes	6549
wilder	6549
sire	6549
confinement	6549
islanders	6549
ding	6549
uncover	6549
contested	6549
coma	6549
husky	6549
conserve	6549
bland	6549
electrodes	6549
cron	6549
abatement	6549
yup	6549
originator	6549
whipping	6549
skipping	6549
melanoma	6549
thug	6549
routed	6549
missionaries	6549
householder	6549
plotting	6549
succeeding	6549
shaver	6549
grammy	6549
fibrosis	6549
sails	6549
hummingbird	6549
overlook	6549
ported	6549
robes	6549
sham	6549
fungus	6549
astonishing	6549
polyethylene	6549
graveyard	6549
chunks	6549
revert	6549
ignores	6549
parametric	6549
popping	6549
captains	6549
loaf	6548
awarding	6548
pandora	6548
flatware	6548
skid	6548
eyeglasses	6548
formulations	6548
enigma	6548
glands	6548
parenthood	6548
militant	6548
latinos	6548
artworks	6548
jug	6548
inferno	6548
allegheny	6548
arenas	6548
aaaa	6548
torrents	6548
compressors	6548
outset	6548
confuse	6548
exclusives	6548
attaching	6548
adept	6548
lounges	6548
doubtful	6548
consultative	6548
ratified	6548
insecure	6548
explosions	6548
conveyor	6548
normative	6548
trunks	6548
longtime	6548
versatility	6548
fem	6548
intricate	6548
strata	6548
solver	6548
ani	6548
solvents	6548
depository	6548
proclamation	6548
beauties	6547
hybrids	6547
kudos	6547
darrell	6547
creams	6547
irrespective	6547
poo	6547
handbooks	6547
imposition	6547
shawnee	6547
ensured	6547
kidnapped	6547
cereals	6547
outrage	6547
poop	6547
scrubs	6547
orchestral	6547
artifact	6547
veterinarian	6547
dripping	6547
merseyside	6547
krona	6547
afterward	6547
disseminate	6547
devote	6547
facets	6547
frightened	6547
noises	6547
ambiguity	6547
booths	6547
discourage	6547
elusive	6547
speculative	6547
puget	6547
madeira	6547
coasters	6547
intimacy	6547
geologic	6547
hallway	6547
whey	6547
ripping	6547
endocrinology	6547
replicas	6547
polygon	6547
mcg	6547
hob	6546
reloaded	6546
ester	6546
servo	6546
riparian	6546
thriving	6546
hampers	6546
gracious	6546
snail	6546
curator	6546
curt	6546
jaime	6546
demise	6546
theoretically	6546
grooves	6546
sutra	6546
mower	6546
conveyed	6546
lvl	6546
swine	6546
faxing	6546
typographical	6546
ado	6546
trophies	6546
quicken	6546
stressful	6546
heron	6546
extranet	6546
remastered	6546
graft	6546
neg	6546
moth	6546
crossings	6546
derrick	6546
mash	6546
handspring	6546
germ	6546
envoy	6546
pug	6546
resembles	6546
stencil	6546
doorway	6546
grandson	6546
tat	6546
redirection	6545
accompaniment	6545
derivation	6545
showcases	6545
warden	6545
tug	6545
refinery	6545
margarita	6545
clans	6545
instituted	6545
notary	6545
abort	6545
drs	6545
indent	6545
sociological	6545
chardonnay	6545
removals	6545
offending	6545
forgetting	6545
accelerating	6545
guesthouse	6545
reservoirs	6545
tyrone	6545
edged	6545
insiders	6545
encompass	6545
duvet	6545
spade	6545
glare	6545
metaphysical	6545
decode	6545
looney	6545
insignificant	6545
exchanging	6545
pledges	6545
mentality	6545
turbulent	6545
jewelers	6545
pip	6545
pup	6545
dilution	6545
fortunes	6545
sultan	6545
masked	6545
casing	6545
veterinarians	6544
plotted	6544
grids	6544
sightings	6544
spacer	6544
microprocessor	6544
haley	6544
cdm	6544
generously	6544
spills	6544
assistive	6544
amounted	6544
chronograph	6544
refunded	6544
icy	6544
repression	6544
reaper	6544
honoring	6544
facto	6544
embracing	6544
climatic	6544
broaden	6544
salinity	6544
nbsp	6544
begging	6544
handout	6544
bushes	6544
contend	6544
haiku	6544
restraints	6544
paisley	6544
telemarketing	6544
cutoff	6544
truncated	6544
gibbons	6544
nitric	6544
visuals	6544
ccs	6544
breads	6544
atop	6544
glover	6544
railroads	6544
unicorn	6544
normandy	6544
floats	6544
headlight	6543
kemp	6543
justices	6543
orderly	6543
wafer	6543
clinicians	6543
puck	6543
entertainers	6543
blockers	6543
stash	6543
roofs	6543
reefs	6543
semen	6543
hover	6543
endogenous	6543
quarantine	6543
memorex	6543
showtime	6543
narcotics	6543
detrimental	6543
oceanfront	6543
molds	6543
flange	6543
realplayer	6543
mcc	6543
subsistence	6543
chilled	6543
foe	6543
citadel	6543
topography	6543
leaflets	6543
wrinkle	6543
contemplated	6543
predefined	6543
adolescence	6543
nun	6543
harmon	6543
indulge	6543
hearth	6543
edna	6543
embarrassed	6543
aggressively	6543
melodic	6543
coincide	6543
transgenic	6543
brookfield	6542
endorsements	6542
genoa	6542
enlightened	6542
viscosity	6542
clippings	6542
radicals	6542
bengals	6542
estimator	6542
concurrently	6542
penetrate	6542
stride	6542
catastrophe	6542
leafs	6542
greatness	6542
electrician	6542
mayfield	6542
parasites	6542
bleach	6542
entertained	6542
inventors	6542
ferret	6542
agony	6542
wolverine	6542
marseille	6542
taller	6542
doubling	6542
stupidity	6542
moor	6542
individualized	6542
enrich	6542
foreground	6542
revelations	6542
replying	6542
raffle	6542
shredder	6542
incapable	6542
acknowledgment	6542
embedding	6542
hydrology	6542
mascot	6542
lube	6542
launcher	6542
mech	6542
labyrinth	6542
africans	6541
sway	6541
primers	6541
undergone	6541
preach	6541
caregiver	6541
triangular	6541
disabling	6541
cones	6541
lupus	6541
inversion	6541
thankfully	6541
taxed	6541
presumption	6541
excitation	6541
salesman	6541
confederation	6541
petals	6541
gator	6541
imprisoned	6541
heller	6541
dishwashers	6541
walla	6541
remixes	6541
replicate	6541
taped	6541
docks	6541
biometric	6541
landowners	6541
incubation	6541
aggregates	6541
wrangler	6541
defiance	6541
asymmetric	6541
bully	6541
cytochrome	6541
valiant	6541
constructions	6541
youngsters	6541
toad	6541
breasted	6541
banging	6541
vertigo	6541
unsatisfactory	6541
fluent	6541
rhyme	6540
donating	6540
giveaway	6540
cmc	6540
renter	6540
eros	6540
suffice	6540
nightclubs	6540
caterers	6540
capacitors	6540
convened	6540
checkbox	6540
nah	6540
accusations	6540
debated	6540
itineraries	6540
stallion	6540
reagents	6540
walkers	6540
eek	6540
equipments	6540
necessities	6540
weekdays	6540
computations	6540
wineries	6540
vdc	6540
booker	6540
deserted	6540
diversification	6540
keepers	6540
antioxidant	6540
logically	6540
caravans	6540
oranges	6540
bum	6540
semesters	6540
contends	6540
snort	6540
occupants	6540
storyline	6540
melrose	6540
streamlined	6540
airway	6540
iconv	6540
vim	6540
commas	6540
luminous	6539
submitter	6539
unparalleled	6539
anyhow	6539
waterfalls	6539
obtains	6539
hardened	6539
primal	6539
straits	6539
upheld	6539
manifestation	6539
malt	6539
subsets	6539
blazers	6539
triad	6539
webpages	6539
fitch	6539
charting	6539
sinai	6539
fixation	6539
endowed	6539
alamos	6539
cameo	6539
attire	6539
leach	6539
gravitational	6539
typewriter	6539
designee	6539
fanny	6539
sunni	6539
plagiarism	6539
milky	6539
combs	6539
monoxide	6539
upland	6539
colorectal	6539
outage	6539
unconstitutional	6539
chunky	6539
adopts	6539
raptor	6539
ima	6539
coulter	6539
snaps	6539
defends	6539
depicts	6538
pilgrimage	6538
quantify	6538
elevators	6538
substitutions	6538
galleria	6538
booklets	6538
gluten	6538
narrowed	6538
spanked	6538
eighteenth	6538
hurst	6538
inscription	6538
ascent	6538
turbines	6538
notepad	6538
tedious	6538
pods	6538
universally	6538
crappy	6538
golfer	6538
receivables	6538
chewing	6538
scripps	6538
accommodated	6538
tendencies	6538
rowland	6538
welded	6538
conforms	6538
cirque	6538
marxism	6538
reggie	6538
diffraction	6538
aha	6538
outlining	6538
subtract	6538
refreshments	6538
depict	6538
coils	6538
callers	6538
hydration	6538
preferential	6538
navel	6538
arbitrator	6538
interns	6538
quotas	6538
prolific	6537
nurseries	6537
methodological	6537
walkthrough	6537
footsteps	6537
indefinitely	6537
sucker	6537
bumps	6537
bikinis	6537
frightening	6537
wildly	6537
sable	6537
retarded	6537
addicts	6537
epithelial	6537
drastically	6537
neatly	6537
singleton	6537
spaniel	6537
somerville	6537
worthless	6537
clarks	6537
git	6537
spool	6537
groupware	6537
matchmaking	6537
dict	6537
jeopardy	6537
descriptors	6537
rovers	6537
voiced	6537
aeronautics	6537
radiography	6537
annoy	6537
clap	6537
aspiring	6537
refereed	6537
dazzling	6537
scientifically	6537
grandpa	6537
guessed	6537
kennels	6537
sera	6537
toxin	6537
axiom	6537
stamina	6536
hardness	6536
abound	6536
curing	6536
socrates	6536
aztec	6536
confer	6536
vents	6536
mater	6536
oneida	6536
filmmaker	6536
crowned	6536
sandstone	6536
adapting	6536
grounding	6536
smartphones	6536
fiduciary	6536
cranes	6536
rooster	6536
bayesian	6536
proctor	6536
prehistoric	6536
humps	6536
balkans	6536
dictate	6536
joker	6536
romantics	6536
trimmer	6536
bookkeeping	6536
hikes	6536
kickoff	6536
wiped	6536
contours	6536
abdomen	6536
hillsboro	6536
fractal	6536
paws	6536
mtg	6536
villains	6536
poke	6536
prayed	6536
inefficient	6536
heirs	6536
parasite	6536
twill	6536
therapeutics	6536
shortcomings	6535
cures	6535
disruptive	6535
kicker	6535
protease	6535
concentrates	6535
preclude	6535
fasting	6535
timex	6535
loudly	6535
racers	6535
horseshoe	6535
zeus	6535
constellation	6535
recital	6535
pairing	6535
freud	6535
bedtime	6535
thinkers	6535
reminiscent	6535
rapport	6535
catfish	6535
dope	6535
doubletree	6535
brink	6535
hotpoint	6535
truss	6535
kiln	6535
anthologies	6535
retirees	6535
peaches	6535
depressing	6535
dcc	6535
investigates	6535
strangely	6535
chelmsford	6535
narratives	6535
sud	6535
skipper	6535
drains	6535
anonymity	6535
lyle	6535
maxima	6535
unification	6535
sous	6535
pinot	6535
responsiveness	6534
testimonial	6534
khaki	6534
gazetteer	6534
distributes	6534
navigating	6534
homology	6534
slough	6534
prodigy	6534
embossed	6534
mould	6534
jock	6534
rpms	6534
psychedelic	6534
blasts	6534
gyn	6534
rhinestone	6534
poorer	6534
ely	6534
anglia	6534
dyed	6534
quadratic	6534
dissatisfied	6534
philharmonic	6534
dynamical	6534
cantonese	6534
keychain	6534
shakers	6534
bourbon	6534
staggering	6534
hoe	6534
rubbed	6534
wasp	6534
inhibited	6534
bookseller	6534
lexical	6534
openssl	6534
fuss	6534
muir	6534
uterus	6534
swat	6534
trashy	6534
chimes	6534
expended	6534
webber	6534
aggregated	6534
strategically	6534
anus	6533
pico	6533
exhibiting	6533
gimme	6533
deputies	6533
emergent	6533
authenticate	6533
aligning	6533
nee	6533
nautilus	6533
radically	6533
terminating	6533
platter	6533
umm	6533
modding	6533
chamberlain	6533
steamboat	6533
inferred	6533
shaman	6533
croft	6533
ism	6533
uplifting	6533
extracellular	6533
penal	6533
exclusions	6533
pageant	6533
henley	6533
purchasers	6533
stockport	6533
plywood	6533
morbidity	6533
binders	6533
pitchers	6533
custodial	6533
integrator	6533
tracts	6533
sectoral	6533
trombone	6533
postsecondary	6533
morally	6533
hosiery	6533
ambulatory	6533
lookin	6533
reptile	6533
camouflage	6533
overdue	6533
dispensers	6532
firebird	6532
mohawk	6532
riots	6532
showbiz	6532
persuaded	6532
teasing	6532
rejecting	6532
emphasizing	6532
unbound	6532
sacrifices	6532
delinquent	6532
contrasting	6532
nestle	6532
correspondents	6532
boxers	6532
imperfect	6532
disguise	6532
eleventh	6532
embassies	6532
workouts	6532
lapse	6532
ini	6532
seamlessly	6532
wally	6532
girlfriends	6532
phenomenal	6532
songbook	6532
civilizations	6532
hepatic	6532
friendships	6532
marjorie	6532
shrub	6532
kindred	6532
reconsider	6532
sanctioned	6532
aquifer	6532
condemn	6532
renegade	6532
ldl	6532
awaits	6532
hue	6532
augmented	6532
amends	6532
fullest	6532
shafts	6532
finer	6531
stereotypes	6531
marlins	6531
burdens	6531
invocation	6531
shelly	6531
exiting	6531
brooch	6531
saginaw	6531
polyurethane	6531
motifs	6531
nineteen	6531
spraying	6531
hamburger	6531
reactivity	6531
invaders	6531
volunteered	6531
windchill	6531
swollen	6531
storefront	6531
grasses	6531
scatter	6531
steward	6531
cherished	6531
smack	6531
incidentally	6531
codeine	6531
cheerleading	6531
wellbeing	6531
sine	6531
pkwy	6531
depleted	6531
holiness	6531
divinity	6531
campaigning	6531
hairdryer	6531
tougher	6531
punitive	6531
comprehend	6531
cloak	6531
exon	6531
outsource	6531
captions	6531
pamphlet	6531
clipper	6531
umbrellas	6531
chromosomes	6531
priceless	6530
assassin	6530
emailing	6530
exploiting	6530
cynical	6530
toro	6530
manic	6530
etched	6530
bray	6530
choke	6530
transmitters	6530
underwent	6530
collaborating	6530
tuxedo	6530
comforts	6530
appoints	6530
bicycling	6530
keene	6530
swallowed	6530
blueberry	6530
imperialism	6530
mouths	6530
socioeconomic	6530
halter	6530
hamster	6530
ergonomics	6530
finalize	6530
lumens	6530
pumpkins	6530
sudanese	6530
iff	6530
shrinking	6530
roar	6530
novelist	6530
faceplate	6530
packer	6530
arroyo	6530
tipped	6530
amidst	6530
insurgents	6530
etching	6530
discouraged	6530
gall	6530
oblivion	6530
gravy	6530
inherit	6530
sprinkle	6529
stitching	6529
advisable	6529
meme	6529
referencing	6529
jugs	6529
congregations	6529
handing	6529
payer	6529
beforehand	6529
laborer	6529
militants	6529
resins	6529
watcher	6529
vibrations	6529
apes	6529
strawberries	6529
moods	6529
cougar	6529
surreal	6529
ives	6529
soaked	6529
irradiation	6529
redesigned	6529
raster	6529
abridged	6529
credential	6529
checklists	6529
quirky	6529
oscillator	6529
palate	6529
finalists	6529
encrypt	6529
sneakers	6529
incontinence	6529
pajamas	6529
masculine	6529
lubricant	6529
realizes	6529
kahn	6529
quests	6529
mgr	6529
petitioners	6529
outsourced	6529
constable	6529
jody	6529
sayings	6529
unconditional	6528
plasmid	6528
unbeatable	6528
progressively	6528
upstate	6528
lymphocytes	6528
topping	6528
repayments	6528
chilling	6528
translucent	6528
transsexuals	6528
fueled	6528
glaze	6528
newcomer	6528
branching	6528
unmarried	6528
pelvic	6528
monochrome	6528
activating	6528
antioxidants	6528
gynecology	6528
unexpectedly	6528
funniest	6528
bona	6528
probabilistic	6528
scorpion	6528
mirrored	6528
cooperating	6528
calibrated	6528
phased	6528
anatomical	6528
airbus	6528
simplex	6528
misdemeanor	6528
aerobics	6528
infra	6528
commemorative	6528
condor	6528
gated	6528
implicitly	6528
assurances	6528
bitrate	6528
comedian	6528
rascal	6528
amish	6528
duh	6528
hyperlinks	6528
dizzy	6527
clitoris	6527
outbreaks	6527
annuities	6527
slit	6527
cribs	6527
whitening	6527
occupying	6527
reliant	6527
subcontractor	6527
giveaways	6527
depicting	6527
ordnance	6527
psych	6527
hydrochloride	6527
verge	6527
ransom	6527
magnification	6527
nomad	6527
twelfth	6527
dagger	6527
thorn	6527
preamble	6527
proponents	6527
spins	6527
solicit	6527
provoking	6527
backpackers	6527
orchids	6527
buckets	6527
initialized	6527
spoil	6527
psychiatrist	6527
lauder	6527
soldering	6527
phono	6527
crd	6527
daryl	6527
blazing	6527
grantee	6527
enhancer	6527
anglers	6527
snapped	6527
alligator	6527
detectives	6527
nomenclature	6527
invade	6527
visualize	6526
psd	6526
regulates	6526
hoses	6526
rendezvous	6526
strives	6526
trapping	6526
gardeners	6526
turntable	6526
diminish	6526
screenings	6526
pivotal	6526
manifestations	6526
nix	6526
stitches	6526
promulgated	6526
mediocre	6526
provo	6526
passports	6526
checkins	6526
plating	6526
invent	6526
eagerly	6526
lycra	6526
reactors	6526
npc	6526
reformation	6526
hypocrisy	6526
fluoride	6526
parishes	6526
stacking	6526
sissy	6526
trooper	6526
bun	6526
calculates	6526
compendium	6526
thunderstorms	6526
disappears	6526
transcriptional	6526
hymns	6526
monotone	6526
finalized	6526
referees	6526
palsy	6526
deerfield	6526
propositions	6526
locomotive	6526
debating	6525
cuffs	6525
conservancy	6525
prosperous	6525
famine	6525
dielectric	6525
orally	6525
elliptical	6525
electrophoresis	6525
grabbing	6525
jogging	6525
sprinkler	6525
stipulated	6525
imbalance	6525
persuasive	6525
cine	6525
horrors	6525
bearer	6525
pastors	6525
acquainted	6525
dependents	6525
dizziness	6525
backcountry	6525
outboard	6525
brilliance	6525
originate	6525
pitches	6525
respectable	6525
raj	6525
prohibiting	6525
disappearance	6525
morals	6525
invaded	6525
unmatched	6525
scranton	6525
spoiled	6525
pinpoint	6525
pickle	6525
outta	6525
dieting	6525
quaker	6525
haunting	6525
manipulating	6525
tangent	6525
tempest	6525
appraisers	6525
xenon	6525
hybridization	6525
waving	6524
uneven	6524
danbury	6524
plata	6524
plurality	6524
warrington	6524
adventurous	6524
rockers	6524
palliative	6524
bayou	6524
cufflinks	6524
queues	6524
beep	6524
remanufactured	6524
confluence	6524
staffed	6524
blossoms	6524
succeeds	6524
orphans	6524
louder	6524
grilling	6524
boilers	6524
bps	6524
reunions	6524
camo	6524
toms	6524
yelling	6524
homeschool	6524
windsurfing	6524
trough	6524
leaned	6524
quadrant	6524
discrepancy	6524
slid	6524
relocated	6524
untreated	6524
mkdir	6524
divisional	6524
chihuahua	6524
tonic	6524
resell	6524
burnout	6524
designations	6524
harrow	6524
jig	6524
reckless	6524
microwaves	6524
raining	6523
peasant	6523
coliseum	6523
ephedra	6523
qua	6523
spawning	6523
endothelial	6523
figuring	6523
citrate	6523
crushing	6523
snowman	6523
ordained	6523
edmonds	6523
saucer	6523
chinook	6523
potty	6523
shooters	6523
passover	6523
bacillus	6523
byzantine	6523
triangles	6523
spooky	6523
curvature	6523
rites	6523
sideways	6523
devious	6523
belleville	6523
dreamer	6523
acknowledging	6523
estuary	6523
burglary	6523
pouches	6523
subpoena	6523
thrilling	6523
spectacle	6523
sentiments	6523
interpretive	6523
ditto	6523
bareback	6523
nana	6523
extender	6523
waiter	6523
glucosamine	6523
oddly	6523
typhoon	6523
referrer	6523
raft	6523
nutshell	6523
arrogant	6522
superhero	6522
induces	6522
tooling	6522
tomography	6522
thrift	6522
vocalist	6522
tidbits	6522
admired	6522
stunts	6522
cystic	6522
anniversaries	6522
infrastructures	6522
littleton	6522
youthful	6522
commenters	6522
cali	6522
fairway	6522
postdoctoral	6522
stumbled	6522
emitted	6522
spinner	6522
homeopathic	6522
ordinarily	6522
sufficiency	6522
tempered	6522
slipping	6522
solitude	6522
cylindrical	6522
destroyer	6522
braking	6522
fide	6522
undesirable	6522
platelet	6522
weakly	6522
parsley	6522
undue	6522
setback	6522
stunned	6522
smiths	6522
magyar	6522
installers	6522
hostility	6522
groves	6522
subcategory	6522
pursuits	6522
reflux	6522
tuple	6522
fibromyalgia	6521
adaptations	6521
jurisprudence	6521
culver	6521
invariably	6521
lecturers	6521
progressed	6521
brow	6521
elves	6521
kimball	6521
chant	6521
turnkey	6521
sprays	6521
renters	6521
gels	6521
tighten	6521
revolver	6521
mountaineering	6521
screwdriver	6521
hutch	6521
crowns	6521
intermediary	6521
matted	6521
apricot	6521
tufts	6521
homeschooling	6521
dealerships	6521
cuckold	6521
sakura	6521
unreliable	6521
rosewood	6521
parry	6521
existent	6521
phosphatase	6521
killings	6521
tongues	6521
dictator	6521
fanatics	6521
coeur	6521
perpendicular	6521
mantra	6521
sourced	6521
carousel	6521
fay	6521
hedgehog	6521
raves	6521
mamma	6521
entails	6520
folly	6520
thermostat	6520
wheeling	6520
sharpe	6520
infarction	6520
hawthorn	6520
mural	6520
bankrupt	6520
polypropylene	6520
mailboxes	6520
wager	6520
tundra	6520
vars	6520
farmland	6520
purge	6520
skater	6520
imho	6520
interpolation	6520
adjournment	6520
pitfalls	6520
disrupt	6520
stationed	6520
nightmares	6520
rampage	6520
aggravated	6520
fink	6520
jurassic	6520
deem	6520
cavern	6520
sumner	6520
descended	6520
disgusting	6520
flax	6520
weakened	6520
imposes	6520
withdrew	6520
aliasing	6520
comix	6520
tart	6520
guerrilla	6520
solves	6520
spoons	6520
persona	6520
oscars	6520
poser	6520
boosting	6520
tram	6520
distinctions	6519
powerhouse	6519
peabody	6519
deodorant	6519
alia	6519
compulsive	6519
iced	6519
perky	6519
reinforcing	6519
scarcely	6519
extensible	6519
excused	6519
fused	6519
catheter	6519
madeleine	6519
roaring	6519
practicum	6519
witchcraft	6519
stopper	6519
photocopy	6519
saharan	6519
crested	6519
timeframe	6519
stump	6519
scalp	6519
disarmament	6519
actin	6519
interviewer	6519
conductors	6519
criticisms	6519
syslog	6519
gastroenterology	6519
composting	6519
diplomat	6519
melon	6519
tablespoon	6519
manganese	6519
siren	6519
oceanography	6519
vastly	6519
clasp	6519
stardust	6519
olives	6519
radiological	6519
commando	6519
summons	6519
lucrative	6519
porous	6519
bathtub	6519
motorway	6518
bile	6518
hinduism	6518
elevations	6518
repositories	6518
freaky	6518
merlot	6518
thirst	6518
endeavors	6518
civ	6518
sportsman	6518
scratching	6518
iodine	6518
phoebe	6518
legged	6518
unilateral	6518
wipes	6518
fro	6518
krone	6518
urgently	6518
shri	6518
exposes	6518
aegis	6518
natures	6518
colloquium	6518
liberalism	6518
uhf	6518
fatalities	6518
supplementation	6518
derry	6518
embodied	6518
verbose	6518
heir	6518
successors	6518
eccentric	6518
transports	6518
sth	6518
amour	6518
iterator	6518
deterministic	6518
predictor	6518
salmonella	6518
nantucket	6518
viewable	6518
subnet	6518
illustrative	6518
prosecuted	6518
sailed	6518
isn	6517
chalets	6517
reimbursed	6517
craving	6517
advocating	6517
leaking	6517
watermark	6517
escaping	6517
totes	6517
possessing	6517
suicidal	6517
cruisers	6517
masonic	6517
forage	6517
dyslexia	6517
thugs	6517
loco	6517
hellenic	6517
organics	6517
feds	6517
yiddish	6517
dopamine	6517
multiplier	6517
payoff	6517
distinctly	6517
sonar	6517
assertions	6517
baba	6517
pebble	6517
flasher	6517
staffs	6517
subcontractors	6517
evangelism	6517
hoo	6517
denomination	6517
abortions	6517
patched	6517
patriotism	6517
battling	6517
lesion	6517
tickle	6517
bandit	6517
progesterone	6517
acquaintance	6517
ethyl	6517
lambs	6517
earthlink	6517
caramel	6517
immunodeficiency	6516
xtra	6516
capitalized	6516
ceos	6516
pancreas	6516
loom	6516
blouse	6516
octopus	6516
receptionist	6516
heightened	6516
chests	6516
ambitions	6516
tru	6516
feline	6516
zombies	6516
grub	6516
ulcer	6516
interagency	6516
slew	6516
synchronize	6516
tay	6516
hornets	6516
crossfire	6516
menstrual	6516
canals	6516
negatives	6516
threading	6516
duet	6516
intolerance	6516
ammonium	6516
spandex	6516
zephyr	6516
tamara	6516
tearing	6516
muffins	6516
handyman	6516
foothills	6516
ethic	6516
taxon	6516
indefinite	6516
cougars	6516
atrium	6516
thine	6516
superiority	6516
gestures	6516
ambience	6516
genet	6516
nemesis	6516
confessional	6516
cardigan	6515
neuronal	6515
taunton	6515
evaporation	6515
devise	6515
abolished	6515
checkers	6515
toying	6515
parma	6515
yuma	6515
spokeswoman	6515
baccalaureate	6515
tripods	6515
wreath	6515
plight	6515
opium	6515
logistic	6515
personalization	6515
enema	6515
easement	6515
goalie	6515
darkroom	6515
irrational	6515
hydrocarbons	6515
arches	6515
naturalist	6515
encompassing	6515
penetrating	6515
destroys	6515
lowers	6515
cookery	6515
uniqueness	6515
hfs	6515
cascading	6515
metros	6515
hangers	6515
policeman	6515
cartilage	6515
broadcaster	6515
turnpike	6515
migratory	6515
jurors	6515
mea	6515
enumerated	6515
sheltered	6515
degraded	6515
doctrines	6515
seams	6515
pleaded	6514
elasticity	6514
flashlights	6514
cel	6514
gutter	6514
ulcers	6514
affordability	6514
sloppy	6514
flannel	6514
volcanoes	6514
jailed	6514
ridden	6514
grapefruit	6514
contradictory	6514
motorbikes	6514
bonita	6514
misunderstood	6514
steamer	6514
barometer	6514
decorators	6514
exclaimed	6514
diem	6514
barge	6514
psoriasis	6514
spartan	6514
mavericks	6514
crystalline	6514
famed	6514
lessee	6514
respite	6514
utica	6514
overclocking	6514
shetland	6514
peacekeeping	6514
provocative	6514
interferon	6514
selectable	6514
intersections	6514
tasted	6514
licked	6514
capitalization	6514
banged	6514
responder	6514
thoracic	6514
phaser	6514
forensics	6514
hopeless	6514
infiltration	6514
safest	6514
daphne	6513
serine	6513
bing	6513
pollock	6513
meteor	6513
schemas	6513
orthogonal	6513
ohms	6513
boosts	6513
stabilized	6513
veneer	6513
anonymously	6513
manageable	6513
wordperfect	6513
msgs	6513
slant	6513
disciplined	6513
selenium	6513
grinders	6513
pollard	6513
chops	6513
broom	6513
plainly	6513
punches	6513
snare	6513
masturbate	6513
shank	6513
parachute	6513
uphold	6513
glider	6513
revising	6513
insignia	6513
nurture	6513
tong	6513
lotions	6513
leash	6513
hunts	6513
faber	6513
adrenal	6513
plantations	6513
sixties	6513
factions	6513
humility	6513
commentators	6513
impeachment	6513
acton	6513
booting	6513
engages	6513
carbide	6513
pullman	6512
kinder	6512
deems	6512
outsiders	6512
valuations	6512
dissolve	6512
deduct	6512
crawling	6512
postoperative	6512
modifier	6512
cytology	6512
nye	6512
biennial	6512
ifndef	6512
circuitry	6512
muck	6512
tweaks	6512
readership	6512
hoax	6512
cohesion	6512
reconnaissance	6512
groundbreaking	6512
antagonists	6512
transducer	6512
bachelors	6512
serotonin	6512
complements	6512
observes	6512
params	6512
radiators	6512
corporal	6512
beagle	6512
wary	6512
cadmium	6512
speedo	6512
locust	6512
detachable	6512
condenser	6512
articulation	6512
simplifies	6512
sleeveless	6512
motorists	6512
villain	6512
tbsp	6512
waivers	6512
oft	6512
secures	6512
impending	6512
rejoice	6512
pickering	6511
plumper	6511
poisson	6511
uterine	6511
bursts	6511
apartheid	6511
versailles	6511
morphological	6511
hurdles	6511
cdi	6511
geese	6511
condemnation	6511
candies	6511
polio	6511
sidewalks	6511
formidable	6511
pun	6511
mecca	6511
regatta	6511
rested	6511
chatroom	6511
paused	6511
polarity	6511
overrides	6511
abandonment	6511
riff	6511
widths	6511
dest	6511
attenuation	6511
nada	6511
broth	6511
martins	6511
telford	6511
seduction	6511
fertilizers	6511
grapevine	6511
contrasts	6511
daunting	6511
topples	6511
tae	6511
improperly	6511
futuristic	6511
nebula	6511
autofocus	6511
chai	6511
obsessive	6511
crows	6511
transplants	6511
referrers	6511
junkie	6511
admitting	6510
blooming	6510
mace	6510
seminole	6510
taper	6510
rotational	6510
withdrawals	6510
synagogue	6510
finalist	6510
pornographic	6510
sugars	6510
armageddon	6510
selectively	6510
albans	6510
fallout	6510
allure	6510
intestine	6510
ambassadors	6510
stalker	6510
reclaim	6510
kingdoms	6510
richness	6510
converge	6510
pianos	6510
workings	6510
sophistication	6510
extinct	6510
ponder	6510
wrt	6510
messed	6510
oceanside	6510
revue	6510
lunches	6510
taiwanese	6510
fooled	6510
helens	6510
smear	6510
rigging	6510
derives	6510
praises	6510
detachment	6510
combos	6510
cloned	6510
bestseller	6510
lids	6510
pore	6510
minidisc	6510
radiance	6510
downside	6510
reissue	6509
oily	6509
quitting	6509
striker	6509
memos	6509
grover	6509
screams	6509
masking	6509
tensor	6509
whitehead	6509
whoa	6509
patchwork	6509
nntp	6509
jaguars	6509
assures	6509
joys	6509
tracer	6509
involuntary	6509
allegation	6509
infinitely	6509
synthesizer	6509
ejaculating	6509
biodiesel	6509
dorchester	6509
serge	6509
morphine	6509
gymnasium	6509
microfilm	6509
lear	6509
subsidized	6509
chiefly	6509
conjecture	6509
optimizer	6509
restitution	6509
indicted	6509
blasting	6509
confronting	6509
pituitary	6509
sow	6509
repeater	6509
wiz	6509
autopsy	6509
mastered	6509
powders	6509
debtors	6509
grit	6509
itv	6509
slain	6509
horticultural	6509
hahaha	6508
spamming	6508
nearer	6508
ancestral	6508
wartime	6508
faithfully	6508
jain	6508
revolutions	6508
sei	6508
geriatric	6508
quail	6508
tanker	6508
mayan	6508
administrations	6508
futon	6508
grannies	6508
hairstyles	6508
sho	6508
rector	6508
nays	6508
ballast	6508
immature	6508
webspace	6508
taxing	6508
icing	6508
substituting	6508
mellitus	6508
multiples	6508
executes	6508
originality	6508
pinned	6508
cryptographic	6508
gables	6508
discontinue	6508
disparate	6508
bantam	6508
boardwalk	6508
ineligible	6508
homeopathy	6508
entrants	6508
rallies	6508
simplification	6508
insolvency	6508
zimmer	6508
earthly	6508
roleplaying	6508
affective	6508
histogram	6508
conceive	6508
wheelchairs	6508
usaf	6507
liberalization	6507
insensitive	6507
forfeiture	6507
genotype	6507
contaminant	6507
disastrous	6507
collaborators	6507
malvern	6507
proxies	6507
rewind	6507
gladiator	6507
poplar	6507
issuers	6507
sinh	6507
recourse	6507
martian	6507
equinox	6507
kerberos	6507
schoolgirls	6507
hinder	6507
hilo	6507
presume	6507
idx	6507
astronaut	6507
armchair	6507
constipation	6507
nashua	6507
strut	6507
oswego	6507
appropriateness	6507
koi	6507
sues	6507
tame	6507
solstice	6507
oats	6507
eudora	6507
candida	6507
sildenafil	6507
adjusts	6507
plume	6507
pickups	6507
calypso	6507
cheesecake	6507
pantry	6507
italics	6507
reversing	6507
murderer	6507
courteous	6507
wilt	6507
smoothing	6506
billet	6506
porting	6506
lubrication	6506
pretending	6506
hammock	6506
shootout	6506
receptions	6506
racine	6506
fragmented	6506
revoke	6506
intruder	6506
chevron	6506
reinsurance	6506
slated	6506
wagons	6506
tera	6506
energizer	6506
platte	6506
clarksville	6506
vandalism	6506
plank	6506
acetaminophen	6506
paddling	6506
wolfram	6506
contraceptive	6506
necrosis	6506
ting	6506
interrogation	6506
bonanza	6506
lumbar	6506
disparities	6506
longing	6506
irresistible	6506
pilgrims	6506
flamenco	6506
osprey	6506
disappearing	6506
enact	6506
flammable	6506
biometrics	6506
inertia	6506
misunderstanding	6506
softwares	6506
deity	6506
pruning	6506
alchemist	6506
hormonal	6506
mandolin	6506
swiftly	6506
claws	6505
brightly	6505
virgo	6505
manly	6505
emit	6505
shortened	6505
rink	6505
unrealistic	6505
fearful	6505
potency	6505
pings	6505
flawless	6505
peril	6505
teaser	6505
breaches	6505
resultant	6505
nestled	6505
hairs	6505
impairments	6505
drastic	6505
courageous	6505
rho	6505
promos	6505
transceiver	6505
iterative	6505
catered	6505
guarded	6505
neuron	6505
pulsar	6505
celery	6505
pedagogy	6505
reconcile	6505
bcc	6505
grammatical	6505
cinematic	6505
admiration	6505
ugh	6505
offend	6505
severance	6505
numeracy	6505
caviar	6505
popups	6505
sleepwear	6505
quads	6505
combating	6505
numb	6505
retina	6505
maids	6505
tempting	6505
bureaus	6505
voyages	6504
enforceable	6504
planters	6504
bouncy	6504
retinal	6504
sheath	6504
louie	6504
chaplain	6504
benefiting	6504
dubious	6504
sponsorships	6504
screenwriter	6504
occupies	6504
mammal	6504
shielded	6504
degeneration	6504
listens	6504
swirl	6504
emery	6504
twists	6504
allele	6504
purifiers	6504
scot	6504
commuting	6504
intrigue	6504
hiphop	6504
blanche	6504
eczema	6504
northland	6504
icu	6504
veg	6504
roadster	6504
dialect	6504
nominating	6504
fanatic	6504
pave	6504
confetti	6504
coverings	6504
raptors	6504
danced	6504
slightest	6504
bromley	6504
revive	6504
corolla	6504
veggie	6504
dharma	6504
chameleon	6504
hooper	6504
predominant	6504
abode	6504
savoy	6503
abrasive	6503
insecurity	6503
koruna	6503
ensembles	6503
backpacker	6503
trustworthy	6503
uniformity	6503
comfy	6503
assuring	6503
conquered	6503
alarming	6503
registries	6503
eradication	6503
amused	6503
horizontally	6503
knitted	6503
doh	6503
exploding	6503
narrowly	6503
campo	6503
quintet	6503
ambiance	6503
rampant	6503
suitcase	6503
bakeries	6503
polka	6503
embarrassment	6503
wiper	6503
wrappers	6503
spectators	6503
iterations	6503
namespaces	6503
mismatch	6503
fdic	6503
icd	6503
retaliation	6503
oxides	6503
qualifiers	6503
inquirer	6503
battered	6503
dreadful	6503
smokey	6503
metaphysics	6503
drifting	6503
vacuums	6503
attends	6503
nicer	6503
mellow	6503
boast	6503
gents	6502
respiration	6502
rapper	6502
absentee	6502
duplicates	6502
hooters	6502
calligraphy	6502
advantageous	6502
corollary	6502
tighter	6502
predetermined	6502
asparagus	6502
fearless	6502
airy	6502
pref	6502
progresses	6502
canister	6502
stiffness	6502
recessed	6502
thrifty	6502
canning	6502
workmanship	6502
palladium	6502
totaled	6502
complexities	6502
shipper	6502
darryl	6502
hobo	6502
wrinkles	6502
illustrating	6502
sly	6502
reductase	6502
harnesses	6502
multivariate	6502
perch	6502
craven	6502
divergence	6502
kitchenware	6502
homage	6502
atrocities	6502
lans	6502
immunoglobulin	6502
hops	6502
unitary	6502
chez	6502
admittedly	6502
hospitalization	6502
clubbing	6502
microelectronics	6502
observational	6502
crashers	6502
angst	6501
liturgy	6501
nativity	6501
surety	6501
deregulation	6501
tranquil	6501
carpentry	6501
disseminated	6501
staircase	6501
cutler	6501
sweetie	6501
cradles	6501
electorate	6501
mideast	6501
airs	6501
reconstructed	6501
resent	6501
hispanics	6501
podium	6501
opposes	6501
paranoia	6501
faceted	6501
distraction	6501
dominates	6501
gecko	6501
despatch	6501
fullscreen	6501
fugitive	6501
tucked	6501
interchangeable	6501
scp	6501
starship	6501
turmoil	6501
seeded	6501
unjust	6501
cyclists	6501
fey	6501
markedly	6501
fascinated	6501
disturb	6501
terminates	6501
exempted	6501
bounced	6501
rankin	6501
brightest	6501
nurturing	6501
saddles	6501
enzymology	6501
scotsman	6501
gushing	6501
picker	6500
distracted	6500
xls	6500
secluded	6500
criticize	6500
bog	6500
livelihood	6500
dialer	6500
minerva	6500
superseded	6500
iceberg	6500
christening	6500
jealousy	6500
syntactic	6500
plumber	6500
envision	6500
downey	6500
hagen	6500
codex	6500
squeezed	6500
userid	6500
cosmology	6500
dole	6500
wick	6500
communists	6500
noodle	6500
owes	6500
scents	6500
bangle	6500
bertha	6500
levied	6500
humping	6500
sag	6500
barns	6500
covenants	6500
peat	6500
donnie	6500
proprietor	6500
tofu	6500
lizzie	6500
raids	6500
intuit	6500
adoptive	6500
solos	6500
compartments	6500
minimized	6500
partnered	6500
twat	6500
filibuster	6500
glamorgan	6500
facet	6500
importation	6499
redneck	6499
synthesized	6499
encapsulation	6499
accordion	6499
mss	6499
planter	6499
minimally	6499
ici	6499
matchups	6499
immaculate	6499
mailings	6499
reindeer	6499
beachfront	6499
telegram	6499
shaken	6499
crosswords	6499
wares	6499
integrative	6499
rivalry	6499
verve	6499
charley	6499
carpenters	6499
spree	6499
embed	6499
gurus	6499
sunk	6499
bespoke	6499
inflicted	6499
abbreviated	6499
allotted	6499
drowned	6499
escorted	6499
watersheds	6499
brute	6499
trimester	6499
barracks	6499
clickable	6499
kidneys	6499
electricians	6499
warbler	6499
onward	6499
kidnapping	6499
inducing	6499
dipped	6499
lancet	6499
antelope	6499
terminus	6499
castings	6499
perm	6499
rte	6499
spectrometry	6498
snippet	6498
pellets	6498
permeability	6498
enclosing	6498
starred	6498
waukesha	6498
deacon	6498
sweeps	6498
butch	6498
normalization	6498
skillet	6498
bookcase	6498
neoprene	6498
vlc	6498
offeror	6498
assembling	6498
thermo	6498
diaphragm	6498
huber	6498
chores	6498
consignment	6498
yarns	6498
maintainers	6498
liv	6498
ginseng	6498
blackout	6498
detergent	6498
seedlings	6498
rosetta	6498
fortified	6498
reconsideration	6498
grenade	6498
profoundly	6498
karin	6498
fontana	6498
bartender	6498
mayfair	6498
jag	6498
maneuver	6498
ridder	6498
vanished	6498
crafting	6498
lair	6498
enclose	6498
mowers	6498
sinners	6498
policymakers	6498
lille	6498
sienna	6498
calves	6498
defer	6497
liars	6497
els	6497
sod	6497
lacy	6497
pharaoh	6497
advocated	6497
itching	6497
reimburse	6497
devotional	6497
taft	6497
modalities	6497
lighters	6497
comparatively	6497
shutting	6497
spartans	6497
endemic	6497
tourney	6497
reasoned	6497
lawton	6497
hydrologic	6497
saith	6497
astral	6497
huddersfield	6497
parallels	6497
yelled	6497
wren	6497
terence	6497
hamper	6497
balkan	6497
transduction	6497
blurred	6497
clarifying	6497
aortic	6497
smuggling	6497
martens	6497
instincts	6497
masquerade	6497
deans	6497
structuring	6497
duality	6497
sensational	6497
kites	6497
lipids	6497
jurisdictional	6497
smoother	6497
desi	6497
cellphones	6497
expulsion	6497
cordoba	6497
withhold	6497
grievances	6496
betrayed	6496
triggering	6496
dumps	6496
binocular	6496
buckles	6496
joyful	6496
generalization	6496
remortgages	6496
hanks	6496
pancakes	6496
dosing	6496
crave	6496
strobe	6496
focussed	6496
waffle	6496
detectable	6496
arrowhead	6496
ripple	6496
paycheck	6496
sweeper	6496
claimants	6496
freelancers	6496
consolidating	6496
goldsmith	6496
responders	6496
inclination	6496
keepsake	6496
birthdate	6496
gettin	6496
measles	6496
arcs	6496
upbeat	6496
ayes	6496
amenity	6496
donuts	6496
salty	6496
baptized	6496
expelled	6496
estradiol	6496
rupees	6496
betrayal	6496
prototyping	6496
flourish	6496
zeros	6496
heed	6496
sporty	6496
hawking	6496
pooled	6496
bora	6496
divides	6496
stabilize	6496
subwoofers	6495
composing	6495
handicrafts	6495
healed	6495
clueless	6495
boon	6495
valor	6495
pedestrians	6495
woodruff	6495
southport	6495
walkthroughs	6495
radiotherapy	6495
gathers	6495
pawn	6495
stitched	6495
ceases	6495
dorsal	6495
transfusion	6495
collie	6495
zend	6495
hereditary	6495
exaggerated	6495
buccaneers	6495
mcd	6495
newsflash	6495
spleen	6495
allotment	6495
recombination	6495
messing	6495
jeu	6495
multiplying	6495
empress	6495
orbits	6495
budgeted	6495
whence	6495
slogans	6495
flashback	6495
trusting	6495
photometry	6495
stigma	6495
abduction	6495
ingestion	6495
mindset	6495
attaches	6495
adulthood	6495
inject	6495
tartan	6495
prolog	6495
twisting	6495
tore	6495
dunk	6495
goofy	6494
mimic	6494
guilford	6494
shielding	6494
stormy	6494
raglan	6494
photonics	6494
heterosexual	6494
vulgar	6494
pathological	6494
mappings	6494
hodge	6494
snip	6494
fascism	6494
trimming	6494
audiovisual	6494
diagnosing	6494
serene	6494
neutrino	6494
obligatory	6494
codecs	6494
corrugated	6494
certifying	6494
forbid	6494
unhealthy	6494
felicity	6494
subj	6494
asymptotic	6494
ticks	6494
fascination	6494
isotope	6494
locales	6494
experimenting	6494
preventative	6494
splendor	6494
vigil	6494
robbed	6494
temperate	6494
crore	6494
rebirth	6494
progressing	6494
fragrant	6494
deserving	6494
diagnoses	6494
defeating	6494
cortical	6494
hotter	6494
itchy	6494
instantaneous	6494
operatives	6494
bulky	6494
exponent	6494
desperation	6493
glaucoma	6493
homosexuals	6493
wysiwyg	6493
oversees	6493
parlor	6493
setter	6493
diss	6493
monumental	6493
diamondbacks	6493
stirred	6493
subtype	6493
toughest	6493
facade	6493
monograph	6493
dmv	6493
literate	6493
booze	6493
widen	6493
bikers	6493
harcourt	6493
bubba	6493
mutt	6493
adjective	6493
disciple	6493
cipher	6493
arrears	6493
rhythmic	6493
unaffected	6493
bakeware	6493
starving	6493
vide	6493
cleanser	6493
hearty	6493
triton	6493
deus	6493
velocities	6493
renewals	6493
adore	6493
entertainer	6493
colds	6493
thicker	6493
weeping	6493
ephedrine	6493
longview	6493
closeup	6493
venous	6493
hereunder	6493
chandeliers	6493
moneys	6493
ouch	6493
infancy	6493
teflon	6492
cleans	6492
dips	6492
yachting	6492
cleanse	6492
chilly	6492
rosters	6492
herbicide	6492
digs	6492
bolivar	6492
womb	6492
irritating	6492
monarchy	6492
cheddar	6492
corset	6492
hinged	6492
regex	6492
attendants	6492
gopher	6492
distal	6492
cummins	6492
robins	6492
booming	6492
joss	6492
shortfall	6492
scandals	6492
screamed	6492
harmonica	6492
cramps	6492
enid	6492
geothermal	6492
atlases	6492
kohl	6492
digger	6492
lorazepam	6492
lewiston	6492
fluke	6492
khi	6492
espionage	6492
pups	6492
avenged	6492
caches	6492
stomp	6492
glade	6492
acidic	6492
doin	6492
pendulum	6492
gangster	6492
deliverables	6492
bounces	6492
censored	6492
fascist	6491
nehemiah	6491
lido	6491
matchbox	6491
thinner	6491
licks	6491
caste	6491
businessmen	6491
jus	6491
daft	6491
incubator	6491
experiential	6491
psyche	6491
eraser	6491
rudolf	6491
angling	6491
libra	6491
stubborn	6491
diplomats	6491
physicist	6491
coo	6491
requiem	6491
nonprofits	6491
bleu	6491
redeemed	6491
sighed	6491
lures	6491
ethylene	6491
slows	6491
inhibits	6491
devastation	6491
exploratory	6491
spectrometer	6491
heroine	6491
achilles	6491
outsole	6491
flaps	6491
inset	6491
indifferent	6491
polynomials	6491
cadence	6491
frosted	6491
manifested	6491
denominations	6491
interrupts	6491
openers	6491
rattle	6491
dob	6491
insults	6491
oatmeal	6491
distilled	6491
stricken	6491
sidekick	6491
rewriting	6490
unrest	6490
idl	6490
cascades	6490
druid	6490
outsider	6490
abstinence	6490
allocating	6490
newell	6490
juveniles	6490
nag	6490
poodle	6490
lcds	6490
sitter	6490
colder	6490
laborers	6490
hydrocarbon	6490
lobbyist	6490
kelvin	6490
whispers	6490
secondhand	6490
swarm	6490
mdl	6490
clientele	6490
ledge	6490
peasants	6490
nectar	6490
anecdotes	6490
bureaucratic	6490
gilt	6490
masterpieces	6490
cooperatives	6490
raceway	6490
sopranos	6490
symbolism	6490
monsoon	6490
hotties	6490
terrell	6490
closings	6490
registrars	6490
strlen	6490
drown	6490
strife	6490
esprit	6490
attaining	6490
consular	6490
tunneling	6490
treason	6490
reckon	6490
prosper	6490
methamphetamine	6490
supremacy	6490
murals	6489
capillary	6489
islington	6489
bangs	6489
knockout	6489
radon	6489
anchored	6489
vers	6489
mulberry	6489
sinful	6489
asl	6489
cheeses	6489
obi	6489
timelines	6489
mythical	6489
abyss	6489
autoimmune	6489
coder	6489
replicated	6489
pom	6489
timetables	6489
anorexia	6489
errno	6489
clipping	6489
workplaces	6489
niece	6489
irresponsible	6489
pleas	6489
softer	6489
paralysis	6489
heartburn	6489
devastated	6489
empathy	6489
motivating	6489
clockwise	6489
shutters	6489
flask	6489
arisen	6489
femmes	6489
relentless	6489
ribbed	6489
omnibus	6489
stables	6489
inhabited	6489
hereof	6489
untold	6489
observable	6489
mitzvah	6489
lanterns	6489
tulips	6489
bashing	6489
boosters	6489
vigorously	6488
interfering	6488
idols	6488
designating	6488
denominator	6488
nugget	6488
reminding	6488
gusts	6488
xviii	6488
magistrates	6488
freestanding	6488
resilient	6488
procession	6488
eyewitness	6488
spiritually	6488
hippo	6488
tenancy	6488
attentive	6488
rupture	6488
trad	6488
assimilation	6488
lyrical	6488
offsite	6488
angelica	6488
braided	6488
ticketing	6488
heterogeneity	6488
wooded	6488
bodied	6488
intensely	6488
dudes	6488
altos	6488
sleeved	6488
overs	6488
watercraft	6488
propelled	6488
artisans	6488
bastards	6488
aspiration	6488
appended	6488
cellulose	6488
cathode	6488
monographs	6488
slammed	6488
aviator	6488
implicated	6488
seriousness	6488
conformation	6488
intimidation	6488
paladin	6488
nests	6488
civilized	6488
marched	6488
digitized	6487
rotated	6487
greeley	6487
sighted	6487
agro	6487
hopping	6487
rosary	6487
scotty	6487
platoon	6487
taxa	6487
brunettes	6487
loneliness	6487
irl	6487
pulley	6487
alleging	6487
unhelpful	6487
synonymous	6487
confectionery	6487
regrets	6487
consciously	6487
microorganisms	6487
twister	6487
footprints	6487
krakow	6487
sequoia	6487
activator	6487
incredibles	6487
familial	6487
stimulates	6487
marquee	6487
darkest	6487
implying	6487
conducive	6487
resilience	6487
thermodynamics	6487
uncontrolled	6487
ballads	6487
seton	6487
subgroups	6487
catchy	6487
synaptic	6487
hugely	6487
bobcats	6487
hostages	6487
chicas	6487
nlp	6487
rosario	6487
enrolling	6487
fruitful	6487
franks	6487
commercialization	6487
indemnify	6487
satisfactorily	6486
thinker	6486
contestants	6486
cataloging	6486
snowboards	6486
influx	6486
convoy	6486
tesla	6486
sled	6486
elan	6486
pyramids	6486
depended	6486
unleaded	6486
conveyance	6486
mesquite	6486
kroner	6486
tortoise	6486
milo	6486
cultivate	6486
inhibitory	6486
phonics	6486
refs	6486
dialogues	6486
smh	6486
meningitis	6486
motivations	6486
asteroid	6486
donegal	6486
abolition	6486
coax	6486
padre	6486
endings	6486
lees	6486
unlisted	6486
conductive	6486
foresight	6486
microscopes	6486
kenmore	6486
peppermint	6486
reagent	6486
achievable	6486
remnants	6486
glamorous	6486
interacts	6486
nailed	6486
alum	6486
frantic	6486
comrades	6486
cocoon	6486
interleukin	6486
flashcards	6486
doth	6486
gladys	6486
interception	6485
voltages	6485
assignee	6485
kip	6485
bowers	6485
strengthens	6485
algarve	6485
qual	6485
dictatorship	6485
valance	6485
breezy	6485
plow	6485
pisces	6485
orc	6485
mundane	6485
rendition	6485
sourcebook	6485
hui	6485
matador	6485
smut	6485
dang	6485
bradenton	6485
foes	6485
meetups	6485
cloths	6485
deletes	6485
clowns	6485
adjudication	6485
barren	6485
autoconf	6485
plead	6485
bibliographies	6485
behaved	6485
embargo	6485
condensation	6485
unplugged	6485
vow	6485
currie	6485
blot	6485
commentator	6485
tailgate	6485
patterned	6485
sheen	6485
hollis	6485
specter	6485
imam	6485
overseeing	6485
escalation	6485
assent	6485
hove	6485
shading	6485
polymorphism	6485
semitism	6485
sevenfold	6484
colocation	6484
scrubbed	6484
warts	6484
epidemiological	6484
medic	6484
roundabout	6484
harmed	6484
paternity	6484
conceal	6484
grail	6484
starvation	6484
nostalgic	6484
appointing	6484
tabled	6484
farsi	6484
excelsior	6484
seine	6484
rial	6484
flowed	6484
sewn	6484
criminology	6484
barnet	6484
rift	6484
lapel	6484
dup	6484
permittee	6484
hangover	6484
capitalize	6484
turk	6484
motocross	6484
boomers	6484
cupboard	6484
mcdermott	6484
archipelago	6484
peep	6484
deceptive	6484
undertakings	6484
pecan	6484
tinted	6484
congratulate	6484
benzene	6484
topper	6484
constance	6484
manny	6484
osteoarthritis	6484
vanishing	6484
addictions	6484
legislator	6484
taxonomic	6484
judo	6484
notifying	6484
aches	6484
palmetto	6483
telco	6483
leaked	6483
microarray	6483
genera	6483
sparked	6483
idioms	6483
poisonous	6483
chime	6483
conner	6483
hospitalized	6483
mischief	6483
argent	6483
delinquency	6483
entitlements	6483
sentimental	6483
unsuitable	6483
mildly	6483
qmail	6483
soybeans	6483
forging	6483
pew	6483
electrostatic	6483
topological	6483
waitress	6483
coz	6483
oversize	6483
caribou	6483
expansive	6483
footing	6483
craftsmanship	6483
cic	6483
sligo	6483
cheetah	6483
remit	6483
bonnet	6483
competed	6483
stumble	6483
fridges	6483
undertook	6483
hatchery	6483
judgements	6483
promenade	6483
exhaustion	6483
unborn	6483
wendell	6483
hammers	6483
fingerprints	6483
coasts	6483
cheesy	6483
emitting	6483
concur	6483
exert	6483
winfield	6482
pinto	6482
worldly	6482
wedges	6482
corded	6482
heirloom	6482
pleasantly	6482
jana	6482
portray	6482
esoteric	6482
luxe	6482
messengers	6482
mays	6482
oboe	6482
landings	6482
graphically	6482
shameless	6482
communicates	6482
hematology	6482
bourgeois	6482
yeh	6482
napkins	6482
expressway	6482
unloading	6482
steelhead	6482
bakers	6482
selma	6482
pears	6482
heats	6482
ahh	6482
lucid	6482
turntables	6482
lobe	6482
facilitators	6482
shiva	6482
toners	6482
wynn	6482
oppressed	6482
infer	6482
prosecute	6482
motorbike	6482
niles	6482
thatcher	6482
zippo	6482
bret	6482
upfront	6482
hauling	6482
inconsistencies	6482
battlefront	6482
gosh	6482
indebtedness	6482
scramble	6482
adversary	6482
quaint	6482
addicting	6481
dipping	6481
revere	6481
troopers	6481
whitespace	6481
tektronix	6481
domaine	6481
olde	6481
solemn	6481
microfiber	6481
mdc	6481
eruption	6481
celeste	6481
deployments	6481
gentry	6481
insurgency	6481
perceptual	6481
enchanting	6481
preached	6481
midlothian	6481
mica	6481
cadets	6481
lads	6481
rambler	6481
drywall	6481
endured	6481
ensuite	6481
fermentation	6481
suzy	6481
sumo	6481
careless	6481
chemists	6481
fad	6481
dandy	6481
refurbishment	6481
grassland	6481
jeffery	6481
narcotic	6481
councilman	6481
moulin	6481
swaps	6481
unbranded	6481
astronauts	6481
lockers	6481
lookups	6481
incompetent	6481
attackers	6481
actuator	6481
sftp	6481
reinstall	6481
lander	6481
predecessors	6481
lancer	6481
sorcerer	6480
fishers	6480
invoking	6480
muffin	6480
motherhood	6480
wexford	6480
methanol	6480
miscellany	6480
simplifying	6480
slowdown	6480
dressings	6480
bridesmaid	6480
transistors	6480
partridge	6480
synod	6480
noticing	6480
lousy	6480
foreseeable	6480
nutritionists	6480
newmarket	6480
amigo	6480
discerning	6480
caddy	6480
resistors	6480
burrows	6480
furnaces	6480
blondie	6480
zee	6480
occupant	6480
juggling	6480
wildfire	6480
seductive	6480
tif	6480
pamphlets	6480
rambling	6480
bedside	6480
heuristic	6480
archivist	6480
legality	6480
gallup	6480
arbitrarily	6480
antimicrobial	6480
biologist	6480
homolog	6480
fruity	6480
regulars	6480
stratus	6480
mysticism	6480
urea	6480
bumpers	6480
accompanies	6480
summed	6480
torches	6480
dominating	6480
joiner	6479
wildcard	6479
explorations	6479
guaranty	6479
procure	6479
oxidative	6479
sunsets	6479
brits	6479
cropping	6479
pliers	6479
kayaks	6479
arrogance	6479
marxist	6479
diverted	6479
forgiven	6479
bleak	6479
diplomas	6479
fieldwork	6479
damping	6479
drudge	6479
tramp	6479
saliva	6479
bootleg	6479
intellectuals	6479
minis	6479
lessen	6479
syringe	6479
leftist	6479
diversions	6479
tequila	6479
admiralty	6479
powdered	6479
wildwood	6479
granger	6479
germantown	6479
prevailed	6479
glacial	6479
pulitzer	6479
tapered	6479
alleges	6479
toothbrush	6479
delegations	6479
plutonium	6479
shredded	6479
factsheet	6479
squarepants	6479
antiquity	6479
subsurface	6479
zeal	6479
blaming	6479
embark	6479
manned	6479
porte	6479
granular	6479
orkney	6478
bah	6478
underscore	6478
glutamine	6478
slutty	6478
oscillations	6478
herbicides	6478
inscribed	6478
chainsaw	6478
sphinx	6478
tablature	6478
fertilization	6478
glitch	6478
gearbox	6478
ceremonial	6478
sonnet	6478
constituencies	6478
sprung	6478
hedges	6478
tensile	6478
inflated	6478
intercom	6478
envisaged	6478
splice	6478
crooks	6478
splicing	6478
campfire	6478
prospecting	6478
hubby	6478
quilted	6478
walled	6478
graphing	6478
biologists	6478
improv	6478
hempstead	6478
immensely	6478
trafalgar	6478
relapse	6478
debuts	6478
diskette	6478
commend	6478
descend	6478
contender	6478
southland	6478
bolster	6478
globals	6478
diaspora	6478
moratorium	6478
safes	6478
goodnight	6478
alcoholics	6478
rocked	6478
rancid	6478
disparity	6478
malice	6477
asme	6477
swimmers	6477
syllable	6477
painfully	6477
sweating	6477
demolished	6477
wavelengths	6477
unclaimed	6477
racquet	6477
cytoplasmic	6477
catholicism	6477
trident	6477
lemonade	6477
absences	6477
andes	6477
ciudad	6477
steakhouse	6477
stubs	6477
solarium	6477
persists	6477
greenhouses	6477
propeller	6477
dents	6477
spotlights	6477
perks	6477
anarchist	6477
submerged	6477
entrusted	6477
calming	6477
intending	6477
lutz	6477
dissertations	6477
highlander	6477
solicitations	6477
capacitance	6477
birthstone	6477
primitives	6477
bong	6477
lingual	6477
unframed	6477
survives	6477
vibes	6477
funnel	6477
moons	6477
gent	6477
thirsty	6477
republication	6477
freshness	6477
zap	6477
lathe	6477
hippie	6477
acyclovir	6477
shabby	6477
punched	6476
petri	6476
organizes	6476
unaudited	6476
summertime	6476
marbles	6476
airbag	6476
cottonwood	6476
mildred	6476
deletions	6476
cleopatra	6476
undecided	6476
startling	6476
inductive	6476
inadvertently	6476
expansions	6476
correlate	6476
bursting	6476
wird	6476
bylaw	6476
trims	6476
epiphany	6476
halves	6476
moulding	6476
melancholy	6476
viewfinder	6476
observance	6476
leaps	6476
hind	6476
renaming	6476
galvanized	6476
hoy	6476
teapot	6476
conveys	6476
lends	6476
squire	6476
armagh	6476
ache	6476
bhp	6476
counterfeit	6476
pho	6476
waller	6476
pathogen	6476
overwrite	6476
revitalization	6476
yoke	6476
resonant	6476
outskirts	6476
postmodern	6476
expedite	6476
sweetness	6476
crook	6476
rearing	6476
tins	6476
typos	6475
deliberations	6475
glutamate	6475
indifference	6475
xix	6475
invading	6475
melton	6475
dives	6475
loot	6475
telephoto	6475
pooling	6475
coyotes	6475
stale	6475
cosmo	6475
tbs	6475
levers	6475
borderline	6475
surgeries	6475
lobbyists	6475
cog	6475
incarnation	6475
strained	6475
zionist	6475
putty	6475
reacted	6475
admissible	6475
sunless	6475
puzzled	6475
unexplained	6475
patsy	6475
thermometers	6475
fourteenth	6475
gaskets	6475
compounded	6475
photoblog	6475
eldest	6475
terrifying	6475
climbs	6475
uprising	6475
gasp	6475
nonstop	6475
corgi	6475
swans	6475
tories	6475
seasonally	6475
hap	6475
remnant	6475
immoral	6475
sacrificed	6475
unequal	6475
weaken	6475
psychosocial	6475
categorical	6475
butthole	6475
cupid	6475
cline	6474
backlog	6474
filmmaking	6474
stalking	6474
sturgeon	6474
townhomes	6474
piers	6474
ensuing	6474
mitigating	6474
tint	6474
dykes	6474
revived	6474
bayside	6474
haste	6474
flakes	6474
alfalfa	6474
corfu	6474
argyll	6474
joking	6474
congresses	6474
electrically	6474
ophthalmic	6474
rhetorical	6474
prong	6474
unreleased	6474
simmer	6474
vert	6474
smallpox	6474
histology	6474
overwhelmingly	6474
waterway	6474
klamath	6474
atrial	6474
migrated	6474
equalizer	6474
reacts	6474
complication	6474
vax	6474
adaptable	6474
yak	6474
silt	6474
endorses	6474
expos	6474
cherish	6474
undead	6474
berth	6474
critters	6474
uninterrupted	6474
lint	6474
blob	6474
crabs	6474
tuscan	6474
lingo	6474
ical	6474
fundamentalist	6473
subtraction	6473
budding	6473
superstars	6473
roam	6473
resemblance	6473
hackney	6473
chmod	6473
leveling	6473
piggy	6473
stadiums	6473
toto	6473
saber	6473
cataract	6473
playable	6473
sunos	6473
midday	6473
fait	6473
innate	6473
perf	6473
interconnected	6473
medallion	6473
prominently	6473
platt	6473
lexis	6473
virology	6473
nazareth	6473
glanced	6473
calais	6473
rapture	6473
sunbeam	6473
abruptly	6473
beetles	6473
impair	6473
stun	6473
shepherds	6473
subsystems	6473
johnstown	6473
beading	6473
robustness	6473
interplay	6473
mainline	6473
folic	6473
philosophies	6473
lager	6473
projecting	6473
goblin	6473
bluffs	6473
ratchet	6473
parrots	6473
anthems	6473
depiction	6473
tiered	6473
optima	6473
terrified	6473
nocturnal	6472
photons	6472
transactional	6472
emulate	6472
accuse	6472
doggy	6472
anodized	6472
hunted	6472
hurdle	6472
diminishing	6472
metastatic	6472
errata	6472
divas	6472
trey	6472
zipped	6472
intrepid	6472
babel	6472
clustered	6472
alerting	6472
insofar	6472
smileys	6472
primate	6472
surrogate	6472
breathable	6472
differed	6472
dickies	6472
gonzo	6472
eyebrows	6472
compromising	6472
programmatic	6472
willingly	6472
teammates	6472
harlequin	6472
ddd	6472
barracuda	6472
revisit	6472
appellants	6472
insulting	6472
prominence	6472
cuckoo	6472
inspires	6472
initiates	6472
acacia	6472
pwd	6472
aiwa	6472
whiting	6472
fang	6472
netting	6472
grizzlies	6472
methadone	6472
contemplating	6472
offsets	6472
tryin	6472
sop	6472
recalling	6472
hermitage	6471
starlight	6471
harrogate	6471
lotteries	6471
coauthor	6471
foyer	6471
palaces	6471
brood	6471
azure	6471
compel	6471
airflow	6471
contradictions	6471
festivities	6471
trenches	6471
sabine	6471
doorstep	6471
sniff	6471
dangling	6471
unattached	6471
negligent	6471
gliding	6471
honeymooners	6471
woe	6471
meditations	6471
dieter	6471
centerpiece	6471
tranquility	6471
unwind	6471
halted	6471
outings	6471
crotch	6471
wavelet	6471
drawback	6471
nothin	6471
smyrna	6471
pathogenesis	6471
diodes	6471
reinstatement	6471
botox	6471
hostess	6471
weep	6471
dipole	6471
cleo	6471
posse	6471
mosquitoes	6471
kata	6471
tangled	6471
giga	6471
walsall	6471
burnaby	6471
majorca	6471
weldon	6471
agribusiness	6471
validator	6471
frying	6471
hesitation	6470
imprinted	6470
pixie	6470
proofing	6470
clits	6470
keyring	6470
bereavement	6470
surrendered	6470
vehicular	6470
workbench	6470
landscaped	6470
westward	6470
impala	6470
commenter	6470
converged	6470
celsius	6470
flicks	6470
recognizable	6470
ludlow	6470
sprague	6470
prefixes	6470
racquetball	6470
embraces	6470
pundits	6470
unset	6470
waxing	6470
bariatric	6470
hitchhiker	6470
sinner	6470
isotopes	6470
auspices	6470
ergo	6470
dissenting	6470
melee	6470
conduction	6470
countess	6470
pleading	6470
grabber	6470
crafty	6470
llama	6470
peridot	6470
pacers	6470
troubling	6470
vowel	6470
reuben	6470
cob	6470
fearing	6470
coronation	6470
centerville	6470
mcl	6470
dermatitis	6470
roxio	6470
reluctance	6470
snowfall	6470
fundraisers	6470
inconsistency	6469
fecal	6469
apostolic	6469
validating	6469
newsstand	6469
summoned	6469
dossier	6469
treble	6469
galley	6469
shovel	6469
entail	6469
mashed	6469
songwriting	6469
pacing	6469
nighttime	6469
fluxes	6469
moan	6469
finders	6469
dictated	6469
darlene	6469
opec	6469
proximal	6469
unfolding	6469
deserts	6469
milking	6469
suitably	6469
enormously	6469
peroxide	6469
scribe	6469
erm	6469
nellie	6469
outages	6469
sleigh	6469
complemented	6469
formulae	6469
fen	6469
backlash	6469
gallo	6469
sank	6469
frontage	6469
blister	6469
biblio	6469
opacity	6469
ration	6469
humid	6469
portrayal	6469
veggies	6469
centenary	6469
guile	6469
lacquer	6469
unfold	6469
hammered	6469
pedagogical	6469
tutti	6469
mined	6469
caucasus	6469
intervening	6468
bale	6468
astronomers	6468
fishnet	6468
combinatorial	6468
thrills	6468
therefor	6468
unintended	6468
sores	6468
rochdale	6468
pastures	6468
smog	6468
unattended	6468
playwright	6468
mics	6468
kettering	6468
brookline	6468
selves	6468
naturalization	6468
whispering	6468
dissipation	6468
sprite	6468
keel	6468
fart	6468
oxidase	6468
atheism	6468
gripping	6468
cellars	6468
caterer	6468
pregnancies	6468
tainted	6468
dateline	6468
remission	6468
praxis	6468
affirmation	6468
stdout	6468
perturbation	6468
wandered	6468
unassigned	6468
reeds	6468
groupings	6468
angler	6468
midterm	6468
astounding	6468
cosy	6468
campsite	6468
dropdown	6468
marketer	6468
resend	6468
augment	6468
flares	6468
gelatin	6468
shedding	6468
adenosine	6468
funerals	6468
milliseconds	6467
swatch	6467
eucalyptus	6467
redefine	6467
conservatism	6467
backdoor	6467
envisioned	6467
bumped	6467
automating	6467
cursors	6467
cripple	6467
divert	6467
lofty	6467
phnom	6467
tbc	6467
proclaim	6467
kanji	6467
recreate	6467
smackdown	6467
dropout	6467
cropped	6467
lockout	6467
moron	6467
townhouses	6467
merton	6467
horrific	6467
ere	6467
abacus	6467
lifeline	6467
richly	6467
torquay	6467
conjugate	6467
dogma	6467
priori	6467
vaguely	6467
winch	6467
yam	6467
elektra	6467
melons	6467
seer	6467
evils	6467
spontaneously	6467
sabotage	6467
blueprints	6467
limos	6467
unavoidable	6467
suppressor	6467
dogpile	6467
ruthless	6467
almonds	6467
aptitude	6467
vial	6467
sharpening	6467
seniority	6467
jocks	6467
prompting	6467
objected	6466
equator	6466
unzip	6466
guilds	6466
blatant	6466
floss	6466
sarge	6466
endnote	6466
ridges	6466
oysters	6466
midwifery	6466
huff	6466
pornos	6466
primates	6466
gust	6466
cate	6466
receptacle	6466
tangerine	6466
amoxicillin	6466
puberty	6466
basingstoke	6466
crawler	6466
angled	6466
shorten	6466
longhorns	6466
doha	6466
shawl	6466
lynchburg	6466
overriding	6466
samaritan	6466
bends	6466
grimes	6466
unison	6466
tabular	6466
amir	6466
dormant	6466
nell	6466
restrained	6466
tropics	6466
concerted	6466
dongle	6466
ecumenical	6466
cdl	6466
refrigerated	6466
crouch	6466
pence	6466
formulating	6466
lamentations	6466
placid	6466
napkin	6466
contagious	6466
inaccessible	6466
administers	6466
gradients	6466
conspicuous	6466
barbarian	6466
retrieves	6465
soaking	6465
ferrous	6465
reforming	6465
gar	6465
intrusive	6465
thyme	6465
parasitic	6465
zillion	6465
chino	6465
abusing	6465
caveat	6465
receptive	6465
toiletries	6465
bedrock	6465
xvii	6465
zines	6465
multipart	6465
musk	6465
executions	6465
forklift	6465
refreshed	6465
guarding	6465
repurchase	6465
windmill	6465
orthopedics	6465
lice	6465
vnc	6465
badgers	6465
garter	6465
appetizer	6465
disbursement	6465
telemetry	6465
footed	6465
dedicate	6465
renewing	6465
consumable	6465
depressive	6465
stabilizer	6465
skim	6465
ovary	6465
rune	6465
welt	6465
accrual	6465
veal	6465
perpetrators	6465
creatively	6465
embarked	6465
quickest	6465
tremendously	6465
smashed	6465
oscillation	6465
interfaith	6465
cay	6465
automata	6465
thunderstorm	6465
payers	6464
gritty	6464
retrospect	6464
dewitt	6464
jog	6464
hailed	6464
miraculous	6464
hounds	6464
tightening	6464
draining	6464
rect	6464
paroles	6464
sensibility	6464
rags	6464
reborn	6464
punching	6464
distinguishes	6464
treadmills	6464
poi	6464
bebop	6464
streamlining	6464
dazzle	6464
trainings	6464
seeding	6464
ulysses	6464
industrialized	6464
dangle	6464
eaters	6464
botanic	6464
bronco	6464
exceedingly	6464
inauguration	6464
inquired	6464
repentance	6464
chased	6464
unprotected	6464
merle	6464
savory	6464
intermediaries	6464
rotations	6464
evacuated	6464
reclaimed	6464
prefecture	6464
accented	6464
murine	6464
entomology	6464
rodent	6464
paradigms	6464
racket	6464
putter	6464
recursion	6464
flops	6464
sickle	6464
violently	6464
attest	6464
untouched	6464
initiator	6463
comforting	6463
creeping	6463
kerosene	6463
appraised	6463
restorative	6463
sunscreen	6463
llvm	6463
peacefully	6463
antidepressants	6463
decentralized	6463
freaking	6463
elmira	6463
bassist	6463
stature	6463
skaters	6463
sentry	6463
assaults	6463
luminosity	6463
emulators	6463
vices	6463
keychains	6463
karat	6463
ginny	6463
tolls	6463
degrading	6463
posh	6463
bangles	6463
stereos	6463
submittal	6463
fireman	6463
mink	6463
simulators	6463
nagar	6463
maniac	6463
antics	6463
ealing	6463
ozark	6463
formative	6463
vickers	6463
interactivity	6463
constructors	6463
wrongly	6463
cree	6463
physicists	6463
malfunction	6463
falsely	6463
abbot	6463
magma	6463
officio	6463
consul	6463
plagued	6463
parkland	6463
pcbs	6463
aiding	6463
werewolf	6463
suckers	6462
midwestern	6462
swallows	6462
charisma	6462
suspensions	6462
patronage	6462
canoes	6462
fodder	6462
impetus	6462
peeled	6462
malnutrition	6462
inbred	6462
intercultural	6462
skateboards	6462
mainboard	6462
goshen	6462
whining	6462
functionally	6462
rabies	6462
catalysts	6462
arson	6462
readability	6462
cappuccino	6462
modulus	6462
cuisines	6462
tapestries	6462
transatlantic	6462
boosted	6462
sprayed	6462
gearing	6462
glutathione	6462
freeing	6462
redress	6462
adoptions	6462
settles	6462
tweaking	6462
angina	6462
geeky	6462
coupler	6462
seaman	6462
skulls	6462
cayenne	6462
minimizes	6462
balboa	6462
penh	6462
treatise	6462
defeats	6462
testimonies	6462
wainwright	6462
itch	6462
withdrawing	6462
solicited	6462
jai	6462
tadalafil	6462
everglades	6462
chipping	6462
montage	6462
brilliantly	6461
ionization	6461
deja	6461
biases	6461
dill	6461
sprawl	6461
reopen	6461
haunt	6461
hedging	6461
erased	6461
insulating	6461
resisting	6461
congregational	6461
waterfowl	6461
antiquities	6461
monsieur	6461
reacting	6461
inhaled	6461
fuses	6461
virtualization	6461
collide	6461
mankato	6461
segregated	6461
blinded	6461
avengers	6461
technologist	6461
madras	6461
sacrificing	6461
pigments	6461
faiths	6461
impacting	6461
aquariums	6461
tinker	6461
echoed	6461
rigs	6461
gazing	6461
arginine	6461
skepticism	6461
moot	6461
zane	6461
eighties	6461
televised	6461
simplistic	6461
amphibians	6461
freehold	6461
braid	6461
forester	6461
resisted	6461
encapsulated	6461
alp	6461
injector	6461
munro	6461
agar	6461
grained	6461
shiraz	6461
gmat	6461
announcer	6460
cyclobenzaprine	6460
polycarbonate	6460
dvm	6460
disgrace	6460
mediate	6460
rein	6460
irritable	6460
cunning	6460
fists	6460
divider	6460
associative	6460
rsync	6460
pennies	6460
minivan	6460
chimp	6460
giraffe	6460
hemorrhage	6460
awning	6460
ointment	6460
spilled	6460
stroud	6460
lefty	6460
tripping	6460
westside	6460
heres	6460
azimuth	6460
logistical	6460
occidental	6460
vigor	6460
chariot	6460
buoy	6460
matrimonial	6460
squads	6460
tween	6460
payback	6460
disclosing	6460
hydraulics	6460
endpoints	6460
masthead	6460
disbursements	6460
candidacy	6460
hypnotic	6460
adultery	6460
quantification	6460
coolant	6460
seventeenth	6460
temperament	6460
prostitutes	6460
parsed	6460
shamrock	6460
healer	6460
hive	6460
circulate	6460
warmers	6460
glued	6460
newt	6460
sycamore	6459
frontend	6459
alleles	6459
halftime	6459
wmf	6459
handwritten	6459
whsle	6459
shuts	6459
tenderness	6459
ocular	6459
sandman	6459
smelling	6459
dung	6459
scratched	6459
conclusive	6459
scoops	6459
truetype	6459
eigenvalues	6459
alder	6459
polluted	6459
undersigned	6459
lark	6459
airbrush	6459
comms	6459
restores	6459
lullaby	6459
beaverton	6459
trucker	6459
willamette	6459
chiropractors	6459
hoes	6459
lawns	6459
tyco	6459
mirroring	6459
choking	6459
castor	6459
plentiful	6459
massively	6459
stately	6459
aeronautical	6459
raced	6459
deuce	6459
hanford	6459
squirrels	6459
exhibitionism	6459
paddington	6459
riser	6459
redux	6459
drawbacks	6459
audiobook	6459
compensatory	6459
evoked	6459
dictates	6459
couplings	6459
studded	6459
cleric	6459
individuality	6459
spared	6458
anticipating	6458
brownie	6458
undressing	6458
macrophages	6458
computes	6458
quits	6458
ensign	6458
restraining	6458
charismatic	6458
teleconference	6458
blockade	6458
nearing	6458
ruff	6458
tux	6458
burglar	6458
asymmetry	6458
warped	6458
hamiltonian	6458
algebras	6458
quotient	6458
tributes	6458
freezes	6458
knoll	6458
wildcat	6458
thinning	6458
inlay	6458
reddy	6458
primrose	6458
peta	6458
parting	6458
humber	6458
corduroy	6458
avocado	6458
torpedo	6458
octets	6458
evaluator	6458
muffler	6458
jumpers	6458
troublesome	6458
manifolds	6458
eucharist	6458
variances	6458
objectivity	6458
massager	6458
incubated	6458
turnovers	6458
changers	6458
hereto	6458
magnetism	6458
inventive	6458
speculate	6458
clinician	6458
craze	6458
dispatches	6458
craftsmen	6458
rapporteur	6458
desiring	6457
texan	6457
safeguarding	6457
grated	6457
submarines	6457
chromosomal	6457
provoke	6457
romana	6457
salesperson	6457
superfamily	6457
accommodating	6457
calvary	6457
banded	6457
deportation	6457
zoos	6457
activates	6457
cuttings	6457
hibernate	6457
invests	6457
extremists	6457
sculptor	6457
commended	6457
roper	6457
narrowing	6457
cyclical	6457
mechanically	6457
cytokines	6457
improvisation	6457
profanity	6457
toured	6457
archiver	6457
playmate	6457
covariance	6457
scum	6457
bobble	6457
seasoning	6457
gulfport	6457
airfield	6457
flipping	6457
disrupted	6457
adjourn	6457
restocking	6457
widows	6457
conveying	6457
citrine	6457
neoplasm	6457
rethinking	6457
precincts	6457
orientations	6457
mediums	6457
calumet	6457
pellet	6457
discern	6457
bran	6457
doggie	6457
inflow	6457
lymphocyte	6457
fumes	6456
futile	6456
disqualified	6456
fenced	6456
whiteboard	6456
eel	6456
animate	6456
faro	6456
resembling	6456
invertebrates	6456
totem	6456
elliptic	6456
agonist	6456
experimentally	6456
drinkers	6456
harms	6456
rethink	6456
musculoskeletal	6456
asserting	6456
affluent	6456
ell	6456
truckers	6456
protesting	6456
dix	6456
lonesome	6456
liberated	6456
giro	6456
laserdisc	6456
unconventional	6456
amore	6456
determinant	6456
reckoning	6456
fabian	6456
concurrence	6456
closets	6456
morpheus	6456
ayers	6456
junkies	6456
carve	6456
metaphors	6456
jacquard	6456
assesses	6456
muster	6456
heartfelt	6456
pertain	6456
quantified	6456
distortions	6456
democracies	6456
subclasses	6456
mallory	6456
gauntlet	6456
condolences	6456
martyrs	6456
hitter	6456
livelihoods	6456
cots	6456
telluride	6456
apnea	6456
floodplain	6455
victorious	6455
sylvan	6455
crusader	6455
backlinks	6455
unnatural	6455
alphabetic	6455
tailoring	6455
swish	6455
shavers	6455
aborted	6455
blenders	6455
confessed	6455
symphonic	6455
asker	6455
drumming	6455
modernity	6455
patching	6455
fret	6455
booties	6455
abiding	6455
cancels	6455
gangsta	6455
luscious	6455
sighting	6455
relic	6455
foodservice	6455
newline	6455
slipper	6455
prioritize	6455
clashes	6455
bao	6455
ethos	6455
solenoid	6455
argyle	6455
cling	6455
underdog	6455
prophetic	6455
fredericton	6455
commune	6455
tut	6455
copywriting	6455
haut	6455
asteroids	6455
circumcision	6455
neutrality	6455
ovulation	6455
snoring	6455
quasar	6455
euthanasia	6455
trembling	6455
reproducing	6455
liters	6455
comets	6455
unitarian	6455
blacklist	6455
governs	6455
rooftop	6454
goldfish	6454
gums	6454
delaying	6454
slimline	6454
mainz	6454
reconstruct	6454
animator	6454
toned	6454
erred	6454
irreversible	6454
expiring	6454
encyclopedias	6454
whistles	6454
downtempo	6454
understandings	6454
dared	6454
nudge	6454
seeming	6454
campsites	6454
lighthouses	6454
rosebud	6454
alf	6454
hemoglobin	6454
tung	6454
andromeda	6454
postpartum	6454
sixteenth	6454
origination	6454
doves	6454
landowner	6454
preachers	6454
trampoline	6454
glib	6454
restricts	6454
brutality	6454
gees	6454
fictitious	6454
immortality	6454
intakes	6454
swearing	6454
saffron	6454
ragged	6454
peerless	6454
constitutions	6454
psychotic	6454
improbable	6454
pulsed	6454
ignite	6454
reiterated	6454
hornet	6454
jesuit	6454
atypical	6454
excessively	6454
contraceptives	6454
mounds	6454
slimming	6454
dispatcher	6454
devoid	6453
extraordinarily	6453
parted	6453
elites	6453
munster	6453
fifo	6453
correlates	6453
sufferers	6453
skunk	6453
interruptions	6453
placer	6453
casters	6453
lingering	6453
brooches	6453
heaps	6453
hydra	6453
anvil	6453
mandalay	6453
haircare	6453
climbers	6453
blinking	6453
sweetest	6453
dishonest	6453
stalk	6453
mailbag	6453
inert	6453
favorably	6453
vocation	6453
tribunals	6453
doping	6453
postwar	6453
thrombosis	6453
smarty	6453
witnessing	6453
eject	6453
windermere	6453
seventies	6453
dilemmas	6453
rayon	6453
cci	6453
gwynedd	6453
saunas	6453
foreigner	6453
policemen	6453
unfavorable	6453
undergrad	6453
mocha	6453
anomalous	6453
knockers	6453
jitter	6453
barter	6453
supernova	6453
loughborough	6453
modifies	6453
feminization	6453
frugal	6453
extremist	6453
starry	6453
thanking	6452
nouns	6452
medway	6452
hobbit	6452
consequent	6452
entrances	6452
multipurpose	6452
evasion	6452
cohesive	6452
filenames	6452
mayors	6452
tonne	6452
caster	6452
gospels	6452
wicket	6452
glycol	6452
manicure	6452
medial	6452
faxed	6452
bloomsbury	6452
vile	6452
misguided	6452
reunited	6452
colossal	6452
conversational	6452
karting	6452
inspirations	6452
brio	6452
blasted	6452
syndromes	6452
webinars	6452
triples	6452
boutiques	6452
shingles	6452
screener	6452
adsorption	6452
underwriters	6452
pima	6452
actuators	6452
cumbersome	6452
internationalization	6452
pixies	6452
immersed	6452
roasting	6452
pancake	6452
accrue	6452
transmembrane	6452
loire	6452
vented	6452
firth	6452
lunchtime	6452
consolation	6452
slams	6452
outlay	6452
dreaded	6452
airing	6452
looping	6452
crates	6452
undated	6451
ramadan	6451
lowercase	6451
alternately	6451
technologically	6451
gracefully	6451
intrigued	6451
anaerobic	6451
antagonist	6451
pioneered	6451
exalted	6451
cadre	6451
tabloid	6451
serb	6451
jaeger	6451
solubility	6451
troubleshoot	6451
overthrow	6451
patiently	6451
cabot	6451
controversies	6451
hatcher	6451
narrated	6451
coders	6451
squat	6451
insecticides	6451
electrolyte	6451
firestone	6451
letterhead	6451
polypeptide	6451
illuminating	6451
artificially	6451
velour	6451
bachelorette	6451
saucepan	6451
freshest	6451
martyr	6451
geospatial	6451
hacienda	6451
koran	6451
zoned	6451
pubic	6451
pizzeria	6451
bae	6451
nitrous	6451
tiara	6451
elegantly	6451
airspace	6451
temptations	6451
convertor	6451
genomes	6451
workable	6451
skinned	6451
irrigated	6451
hives	6451
ordinate	6451
groundwork	6451
seminal	6451
rodents	6450
kew	6450
precursors	6450
resentment	6450
relevancy	6450
koala	6450
discus	6450
glaciers	6450
giftware	6450
peri	6450
realistically	6450
loci	6450
nanotech	6450
subunits	6450
gaping	6450
infringe	6450
hula	6450
inferences	6450
toothpaste	6450
maxine	6450
mennonite	6450
subtitled	6450
maidstone	6450
abrupt	6450
fastener	6450
foxy	6450
sexiest	6450
gambler	6450
dissection	6450
categorization	6450
nightingale	6450
inclusions	6450
fosters	6450
landau	6450
contemplate	6450
fillers	6450
amigos	6450
symposia	6450
putt	6450
colonization	6450
coon	6450
crock	6450
ailments	6450
disagreed	6450
boldly	6450
narration	6450
hav	6450
typography	6450
unopened	6450
insisting	6450
yeas	6450
brushing	6450
resolves	6450
sacrament	6450
cram	6450
eliminator	6450
gazebo	6450
shortening	6450
preprint	6450
cocker	6449
cloves	6449
marketable	6449
presto	6449
retry	6449
broadening	6449
hens	6449
implantation	6449
telex	6449
humberside	6449
detoxification	6449
bowed	6449
whimsical	6449
harden	6449
molten	6449
aureus	6449
repaid	6449
beltway	6449
warmly	6449
hogs	6449
sporadic	6449
eyebrow	6449
zippered	6449
brownies	6449
lessor	6449
kinases	6449
panelists	6449
autistic	6449
unnecessarily	6449
equalization	6449
painless	6449
corvallis	6449
serbs	6449
reused	6449
annexation	6449
hydroxy	6449
dissatisfaction	6449
technologists	6449
applaud	6449
snd	6449
primo	6449
abolish	6449
climates	6449
speakerphone	6449
uneasy	6449
reissues	6449
shalom	6449
khmer	6449
busiest	6449
recordable	6449
dredging	6449
fray	6449
florian	6449
extrusion	6449
defamation	6449
clogs	6449
flank	6449
proteomics	6449
spawned	6448
cartel	6448
cep	6448
wiener	6448
theorems	6448
samplers	6448
numerically	6448
perforated	6448
intensified	6448
sexton	6448
postmaster	6448
washes	6448
shrugged	6448
electors	6448
departs	6448
crackdown	6448
lifespan	6448
mindful	6448
lurking	6448
hitherto	6448
cysteine	6448
responsibly	6448
slideshows	6448
looms	6448
downright	6448
geotechnical	6448
fantasia	6448
camisole	6448
refractory	6448
atoll	6448
counsellor	6448
shredders	6448
inexperienced	6448
outraged	6448
gags	6448
rips	6448
smother	6448
ironman	6448
ducts	6448
frosty	6448
marmot	6448
remand	6448
mules	6448
sash	6448
spoof	6448
moaning	6448
ponies	6448
spammer	6448
presets	6448
separations	6448
originates	6448
penicillin	6448
blight	6448
physique	6448
maturation	6448
internals	6448
bungalows	6448
refractive	6448
independents	6448
grader	6447
transducers	6447
contentious	6447
cheering	6447
intercollegiate	6447
emancipation	6447
duchess	6447
rainier	6447
commemorate	6447
newsfeeds	6447
spout	6447
perish	6447
snapper	6447
hefty	6447
hoist	6447
narrower	6447
captivity	6447
overloaded	6447
shorthand	6447
ceres	6447
bravery	6447
lizards	6447
sincerity	6447
calder	6447
hairless	6447
oar	6447
lactation	6447
flagged	6447
offbeat	6447
relics	6447
relish	6447
protons	6447
imagining	6447
machined	6447
belongings	6447
eviction	6447
lire	6447
dic	6447
legislatures	6447
unchecked	6447
knocks	6447
regionally	6447
showcasing	6447
contradict	6447
certifies	6447
scarcity	6447
primes	6447
fleeing	6447
lambeth	6447
filament	6447
abingdon	6447
theorists	6447
liturgical	6447
southwark	6447
easements	6447
disguised	6447
implanted	6447
exogenous	6447
sram	6447
thrash	6446
trolls	6446
flor	6446
antiquarian	6446
fluency	6446
uniting	6446
behaves	6446
slabs	6446
conceivable	6446
analyzers	6446
agate	6446
incline	6446
scorer	6446
swami	6446
oilers	6446
listers	6446
bai	6446
ordinated	6446
soliciting	6446
thoroughbred	6446
arlene	6446
oneness	6446
dividers	6446
climber	6446
recoverable	6446
gators	6446
commonplace	6446
intellectually	6446
intraday	6446
cruces	6446
lactose	6446
competitively	6446
rockstar	6446
downfall	6446
nahum	6446
bookcases	6446
strides	6446
raja	6446
vanish	6446
lofts	6446
feral	6446
ute	6446
neurosurgery	6446
transmits	6446
ringgit	6446
impatient	6446
aforesaid	6446
elbows	6446
truce	6446
bette	6446
parmesan	6446
kiosks	6446
stairway	6446
sou	6446
boar	6446
vertebrate	6446
hooking	6446
physiotherapy	6446
laird	6446
multiplicity	6445
objectively	6445
wrexham	6445
resigns	6445
billabong	6445
prepayment	6445
jonesboro	6445
anguish	6445
petal	6445
perfected	6445
bangers	6445
handgun	6445
odors	6445
mite	6445
clipped	6445
innovator	6445
mitochondria	6445
amicus	6445
redirecting	6445
cervix	6445
dries	6445
annoyance	6445
grating	6445
prostitute	6445
mina	6445
elixir	6445
sewerage	6445
guardianship	6445
gamblers	6445
mantis	6445
peeps	6445
alerted	6445
intron	6445
reverence	6445
remodel	6445
carpal	6445
outweigh	6445
condiments	6445
adventist	6445
eggplant	6445
gaylord	6445
bunting	6445
avenger	6445
spar	6445
undocumented	6445
waugh	6445
captivating	6445
vaccinations	6445
tiers	6445
centurion	6445
propagate	6445
prosecuting	6445
slavic	6445
photocopying	6445
nutritious	6445
marguerite	6445
pluck	6445
cautiously	6445
prick	6445
contingencies	6444
dressage	6444
phylogenetic	6444
coercion	6444
morbid	6444
refresher	6444
rubble	6444
scrambled	6444
cheeky	6444
agitation	6444
proponent	6444
truthful	6444
woodpecker	6444
herds	6444
corsica	6444
bioethics	6444
redo	6444
penetrated	6444
piranha	6444
uncompressed	6444
pseudomonas	6444
adder	6444
weakest	6444
weakening	6444
avionics	6444
minimization	6444
nome	6444
ascot	6444
linearly	6444
anticipates	6444
poignant	6444
germs	6444
grays	6444
frees	6444
punishable	6444
fractured	6444
psychiatrists	6444
waterman	6444
brat	6444
multiplex	6444
salient	6444
babysitting	6444
beehive	6444
censor	6444
aeon	6444
shorty	6444
injecting	6444
discontinuity	6444
semitic	6444
wits	6444
enquirer	6444
perverted	6444
downturn	6444
bordering	6444
fission	6444
modulator	6444
widowed	6444
tombstone	6444
worldview	6444
choreography	6443
nth	6443
begged	6443
buffering	6443
flushed	6443
scoping	6443
cautions	6443
lavish	6443
brighten	6443
vixen	6443
mammography	6443
whips	6443
marches	6443
nepalese	6443
xxi	6443
communicable	6443
enzymatic	6443
extravaganza	6443
anew	6443
commandment	6443
undetermined	6443
yah	6443
conceded	6443
circumference	6443
postpone	6443
rotherham	6443
underestimate	6443
disproportionate	6443
pheasant	6443
marrying	6443
carvings	6443
schaumburg	6443
exponentially	6443
complains	6443
bunnies	6443
choppers	6443
earphones	6443
outflow	6443
resided	6443
terriers	6443
scarab	6443
toasters	6443
skiers	6443
weasel	6443
raunchy	6443
biologically	6443
venerable	6443
riyadh	6443
pell	6443
toasted	6443
admirable	6443
illuminate	6443
fades	6443
octane	6443
bulge	6443
lucinda	6443
funders	6443
brittle	6443
environmentalists	6443
bandits	6443
politely	6442
soapbox	6442
watermelon	6442
ingenious	6442
carols	6442
pensioners	6442
elongation	6442
wanking	6442
dortmund	6442
obadiah	6442
mannheim	6442
boardroom	6442
taping	6442
somatic	6442
malloc	6442
fetched	6442
alderman	6442
slump	6442
nerds	6442
laude	6442
simulating	6442
coughing	6442
hiatus	6442
upholstered	6442
evangelist	6442
louvre	6442
spurious	6442
gloom	6442
severn	6442
aikido	6442
slo	6442
batches	6442
dap	6442
angelic	6442
astrological	6442
nobility	6442
shippers	6442
wildflowers	6442
polygons	6442
delimited	6442
noncompliance	6442
afternoons	6442
ramifications	6442
wakes	6442
ashore	6442
workman	6442
swimmer	6442
unload	6442
herts	6442
dlls	6442
loon	6442
babysitter	6442
marge	6442
mediators	6442
hone	6442
jockeys	6442
wanderers	6442
seater	6442
deliverable	6442
sips	6442
badness	6441
sanding	6441
undertakes	6441
miscarriage	6441
vulgate	6441
stoned	6441
buffered	6441
provoked	6441
indesign	6441
lakeshore	6441
fables	6441
crumbs	6441
wort	6441
ronin	6441
comps	6441
greco	6441
palisades	6441
edema	6441
confidently	6441
leaderboard	6441
commences	6441
dispense	6441
dangerously	6441
ori	6441
protested	6441
capitalists	6441
carotid	6441
accusing	6441
stink	6441
convent	6441
childish	6441
squish	6441
adhered	6441
priesthood	6441
jagged	6441
midwives	6441
nab	6441
netbeans	6441
cyclones	6441
dispersal	6441
overt	6441
snowflake	6441
verbally	6441
squeak	6441
sterilization	6441
assessors	6441
chenille	6441
dehydration	6441
haircut	6441
misconceptions	6441
constituting	6441
undeclared	6441
nuns	6441
songwriters	6441
tolerances	6441
incarceration	6441
pronounce	6441
scorpions	6441
hierarchies	6441
lactating	6441
incompleteness	6440
aquamarine	6440
dearly	6440
suggestive	6440
sedimentation	6440
optometry	6440
electrified	6440
mobilize	6440
attendee	6440
unbalanced	6440
dialogs	6440
gypsum	6440
slime	6440
baroness	6440
trajectories	6440
winnings	6440
imaginable	6440
bromide	6440
leapfrog	6440
thermoplastic	6440
crusaders	6440
summing	6440
lament	6440
terraces	6440
canyons	6440
predatory	6440
descendant	6440
disgust	6440
deterrent	6440
banked	6440
duplicating	6440
rationality	6440
screwing	6440
dismal	6440
ranches	6440
cochin	6440
tuba	6440
prologue	6440
encodes	6440
whaling	6440
cirrus	6440
kilometer	6440
patrols	6440
stumbling	6440
swung	6440
outlaws	6440
sinn	6440
waved	6440
modifiers	6440
hijack	6440
libel	6440
ellipse	6440
accorded	6440
alarmed	6440
fryer	6440
jest	6440
eskimo	6440
caesars	6440
dammit	6440
motorhome	6440
editable	6439
greats	6439
marcy	6439
boron	6439
strapped	6439
reluctantly	6439
phobia	6439
superfund	6439
woodwork	6439
vcc	6439
centrifugal	6439
authorship	6439
piercings	6439
riffs	6439
cavities	6439
buxton	6439
cravings	6439
decidedly	6439
apathy	6439
mercantile	6439
stalled	6439
infused	6439
peaked	6439
stronghold	6439
tetra	6439
freakin	6439
alb	6439
retrofit	6439
bearded	6439
cytokine	6439
stylesheets	6439
greasy	6439
coalitions	6439
tactile	6439
vowed	6439
cinematography	6439
wannabe	6439
carnage	6439
skier	6439
storyteller	6439
ingenuity	6439
ischemia	6439
mort	6439
infested	6439
wristbands	6439
creeks	6439
bessie	6439
hibiscus	6439
rheumatology	6439
rattan	6439
coroner	6439
cray	6439
irregularities	6439
tiled	6439
waterbury	6439
selectivity	6439
carlow	6439
elaboration	6439
hectic	6439
demonstrators	6439
raiser	6438
periphery	6438
predictors	6438
snuff	6438
convene	6438
woodwind	6438
calmly	6438
horribly	6438
repo	6438
burnley	6438
dilute	6438
rcd	6438
contemplation	6438
woodside	6438
gaseous	6438
megabytes	6438
backlight	6438
afflicted	6438
gloomy	6438
naturist	6438
airbags	6438
plethora	6438
cabriolet	6438
retiree	6438
anthropological	6438
orchards	6438
prophecies	6438
buckeye	6438
dollhouse	6438
stereotype	6438
escalade	6438
breakaway	6438
marques	6438
sealants	6438
septuagint	6438
dinghy	6438
pertains	6438
gnus	6438
feedbacks	6438
concurrency	6438
clothed	6438
flied	6438
talon	6438
repellent	6438
joliet	6438
blowers	6438
sorcery	6438
abstain	6438
elsie	6438
remodeled	6438
barring	6438
undermined	6438
situational	6438
bestowed	6438
chakra	6438
habeas	6438
inactivity	6438
crewe	6438
grassy	6438
aprons	6438
clumsy	6437
wetsuits	6437
columbian	6437
emulsion	6437
fielder	6437
sorta	6437
ayr	6437
courseware	6437
biosphere	6437
pounded	6437
ollie	6437
stint	6437
federalism	6437
sarcasm	6437
laminating	6437
accomplishing	6437
colitis	6437
unincorporated	6437
blogged	6437
cryogenic	6437
homologous	6437
overturned	6437
uphill	6437
hassles	6437
symptomatic	6437
warmed	6437
parable	6437
jolt	6437
affords	6437
bipartisan	6437
rhodium	6437
exchanger	6437
preseason	6437
bumble	6437
intimidating	6437
deadlock	6437
placenta	6437
brainstorming	6437
wea	6437
deriving	6437
sarcoma	6437
sniffer	6437
quadrangle	6437
elects	6437
liebe	6437
eradicate	6437
bioscience	6437
residuals	6437
likeness	6437
homie	6437
alpaca	6437
degrade	6437
flashpoint	6437
flemish	6437
cortland	6437
shred	6437
mailers	6437
tented	6437
steamed	6437
skew	6437
aroused	6437
hollands	6436
muni	6436
modernism	6436
remittance	6436
sieve	6436
alienation	6436
dunhill	6436
guidebooks	6436
reddish	6436
wye	6436
biosciences	6436
binge	6436
impulses	6436
pleads	6436
cyst	6436
hexadecimal	6436
scissor	6436
caprice	6436
hors	6436
horned	6436
jazzy	6436
headboard	6436
fowl	6436
janus	6436
benevolent	6436
superstition	6436
cations	6436
cohorts	6436
centos	6436
hysterectomy	6436
housings	6436
camilla	6436
pharmacokinetics	6436
morristown	6436
loopback	6436
torsion	6436
ultrastructure	6436
rarity	6436
limbo	6436
shove	6436
leftover	6436
anecdotal	6436
rheims	6436
integrators	6436
accusation	6436
arboretum	6436
flake	6436
ischemic	6436
illustrators	6436
hating	6436
pate	6436
sewers	6436
spores	6436
plugging	6436
vignette	6436
shears	6436
mucho	6436
altoona	6436
pheromone	6436
fireball	6436
flutes	6436
tabernacle	6435
decorator	6435
minced	6435
harmonious	6435
westerly	6435
despatched	6435
munitions	6435
muskegon	6435
symmetrical	6435
modality	6435
ornate	6435
midwife	6435
appellee	6435
granules	6435
uniformed	6435
multidimensional	6435
rollout	6435
snug	6435
homegrown	6435
reinforces	6435
coveted	6435
dirham	6435
prohibitions	6435
esophageal	6435
moulded	6435
deceived	6435
convict	6435
approximations	6435
intermediates	6435
kgs	6435
albumin	6435
grantees	6435
tossing	6435
loveland	6435
regularity	6435
sativa	6435
lawfully	6435
paramedic	6435
trademarked	6435
stressing	6435
potable	6435
intensities	6435
oncogene	6435
antidepressant	6435
jester	6435
notifies	6435
recount	6435
ballpark	6435
powys	6435
orca	6435
mascara	6435
proline	6435
dearest	6435
nook	6435
wipers	6435
snoopy	6435
informationen	6435
commensurate	6435
bowler	6435
unleash	6435
captioned	6434
wiser	6434
gallant	6434
summarizing	6434
disbelief	6434
baritone	6434
unqualified	6434
cautioned	6434
recollection	6434
chlamydia	6434
relativistic	6434
rotors	6434
bagels	6434
locomotives	6434
condemns	6434
fastening	6434
jeweler	6434
subliminal	6434
insecticide	6434
nuremberg	6434
ostrich	6434
maud	6434
spline	6434
undisclosed	6434
flirting	6434
letterman	6434
misplaced	6434
prosecutions	6434
wtb	6434
dido	6434
poisoned	6434
researches	6434
chou	6434
discriminating	6434
loo	6434
pallets	6434
uplink	6434
exclamation	6434
intercepted	6434
ascendant	6434
flung	6434
gateshead	6434
probationary	6434
abducted	6434
warlock	6434
breakup	6434
fiche	6434
juror	6434
goggle	6434
railing	6434
metabolites	6434
cremation	6434
brainstorm	6434
banter	6434
balconies	6434
awaken	6434
pigeons	6434
coffeehouse	6434
singularity	6434
scitech	6434
signify	6434
granddaughter	6434
trolling	6433
subdirectory	6433
progeny	6433
grads	6433
alters	6433
ccl	6433
gratefully	6433
divergent	6433
fleets	6433
dorian	6433
donut	6433
libido	6433
fuselage	6433
diabetics	6433
tackled	6433
ballerina	6433
shoals	6433
morgantown	6433
paseo	6433
tributary	6433
clique	6433
rosy	6433
ptsd	6433
redheads	6433
satanic	6433
torment	6433
mussels	6433
caitlin	6433
emigration	6433
conscientious	6433
howl	6433
hobs	6433
eft	6433
endometriosis	6433
cushioning	6433
hir	6433
ecclesiastical	6433
crippled	6433
belvedere	6433
hilltop	6433
tabor	6433
tenet	6433
acetyl	6433
boomer	6433
fifteenth	6433
chute	6433
perinatal	6433
idm	6433
multichannel	6433
bohemia	6433
daredevil	6433
mountainous	6433
fonds	6433
bowes	6433
ogre	6433
unforeseen	6433
pickles	6433
submissive	6433
curses	6433
mulch	6433
stampede	6433
marinas	6432
whine	6432
streptococcus	6432
landfills	6432
fatality	6432
baud	6432
looming	6432
undies	6432
prepay	6432
sped	6432
kodiak	6432
printout	6432
nonresident	6432
ankles	6432
soulful	6432
mosques	6432
fouls	6432
squeezing	6432
canes	6432
serendipity	6432
follower	6432
sequentially	6432
yogi	6432
landslide	6432
alumina	6432
degenerate	6432
spiked	6432
evolves	6432
cru	6432
misrepresentation	6432
duffel	6432
strung	6432
subfamily	6432
chanting	6432
wrestler	6432
perennials	6432
officiating	6432
hermit	6432
behaving	6432
matchmaker	6432
sagittarius	6432
locates	6432
dysfunctional	6432
bulletproof	6432
deepen	6432
stenosis	6432
pats	6432
abrasion	6432
mora	6432
reciprocity	6432
opportunistic	6432
analogs	6432
crease	6432
cantor	6432
wis	6432
econometric	6432
elkhart	6432
ringers	6432
diced	6432
fairgrounds	6432
cuyahoga	6432
perseverance	6431
cartons	6431
mustangs	6431
pharmacological	6431
headwear	6431
genitals	6431
telemedicine	6431
impede	6431
academically	6431
clasps	6431
tilted	6431
vicar	6431
confines	6431
prank	6431
repent	6431
agreeable	6431
centrum	6431
kinks	6431
riddles	6431
unisys	6431
preschools	6431
mcallen	6431
pulpit	6431
appreciates	6431
contoured	6431
icm	6431
schenectady	6431
marshes	6431
schematics	6431
bellies	6431
dojo	6431
corrosive	6431
ambush	6431
interfacing	6431
borrowings	6431
palazzo	6431
heparin	6431
figurative	6431
gait	6431
hardcopy	6431
connective	6431
bonfire	6431
aversion	6431
clonazepam	6431
gaithersburg	6431
biophysics	6431
chromatin	6431
stiles	6431
stewards	6431
refurb	6431
chauffeur	6431
wasteland	6431
elicit	6431
plotter	6431
findlay	6431
slapped	6431
bitten	6431
meek	6431
phonebook	6431
doodle	6431
arb	6431
dynamo	6431
chronologically	6430
stow	6430
summon	6430
skeletons	6430
shabbat	6430
parchment	6430
accommodates	6430
lingua	6430
cmi	6430
stacker	6430
distractions	6430
forfeit	6430
paddles	6430
unpopular	6430
republics	6430
touchdowns	6430
plasmas	6430
inspecting	6430
retainer	6430
hardening	6430
barbell	6430
loosen	6430
awk	6430
bibs	6430
beowulf	6430
sneaky	6430
undiscovered	6430
smarts	6430
imputed	6430
lightwave	6430
alignments	6430
cabs	6430
coached	6430
cheated	6430
framingham	6430
restroom	6430
videography	6430
spatially	6430
willows	6430
preprocessor	6430
hump	6430
delft	6430
marginally	6430
bak	6430
communicative	6430
grieving	6430
ddc	6430
grunge	6430
chastity	6430
invoicing	6430
carney	6430
flipped	6430
fright	6430
harbors	6430
adorned	6430
obnoxious	6430
diligently	6430
surfaced	6430
decays	6430
glam	6430
cowgirl	6430
mortimer	6430
nouvelle	6429
easing	6429
layoffs	6429
picket	6429
matures	6429
thrones	6429
eyre	6429
maturing	6429
margarine	6429
illogical	6429
awakened	6429
beet	6429
suing	6429
brine	6429
lorna	6429
sneaker	6429
waning	6429
glycoprotein	6429
armoire	6429
queued	6429
hydroxide	6429
piled	6429
cellulite	6429
twinkle	6429
lodgings	6429
fluff	6429
shifter	6429
cartography	6429
supple	6429
geld	6429
predicates	6429
unfit	6429
uttered	6429
zeitgeist	6429
nickelodeon	6429
tending	6429
shaggy	6429
elongated	6429
ordeal	6429
pegs	6429
astronomer	6429
hernia	6429
incompetence	6429
stabilizing	6429
flicker	6429
midsize	6429
relieving	6429
pullover	6429
towering	6429
operas	6429
slaughtered	6429
hoodwinked	6429
assaulted	6429
beastie	6429
rouse	6429
yucca	6429
harvester	6429
spiel	6429
shay	6429
impurities	6429
stemming	6429
inscriptions	6429
obstructive	6428
tentatively	6428
tragedies	6428
interlude	6428
retroactive	6428
briefed	6428
bebe	6428
dialects	6428
vas	6428
carcass	6428
kermit	6428
gizmo	6428
atherosclerosis	6428
casually	6428
scamp	6428
demography	6428
freedman	6428
migraines	6428
newborns	6428
restarted	6428
reprise	6428
meow	6428
kilograms	6428
zig	6428
packager	6428
populate	6428
lash	6428
ills	6428
arcane	6428
impractical	6428
decentralization	6428
honeymoons	6428
authoritarian	6428
tropicana	6428
cardholder	6428
peavey	6428
pebbles	6428
geocaching	6428
ident	6428
fluoxetine	6428
quicksilver	6428
sacked	6428
omen	6428
effortlessly	6428
failover	6428
forfeited	6428
cysts	6428
primetime	6428
kenosha	6428
kokomo	6428
stipend	6428
conceptions	6428
snorkel	6428
lii	6428
iridium	6428
conserving	6428
toppers	6428
amulet	6428
cfg	6428
informally	6428
alternator	6428
underwriter	6428
panhandle	6427
sarcastic	6427
joann	6427
indemnification	6427
borden	6427
bombed	6427
complexion	6427
daisies	6427
informant	6427
sorrows	6427
guaranteeing	6427
aegean	6427
boobies	6427
pacs	6427
sluggish	6427
helms	6427
brig	6427
sherpa	6427
tuff	6427
coy	6427
ligands	6427
smalltalk	6427
sorghum	6427
grouse	6427
nucleotides	6427
mmv	6427
pasted	6427
moths	6427
lmao	6427
enhancers	6427
collaborated	6427
evoke	6427
slotted	6427
decking	6427
dispositions	6427
accelerators	6427
nit	6427
amorphous	6427
tributaries	6427
townships	6427
hideaway	6427
coda	6427
cyanide	6427
marek	6427
interlibrary	6427
mousse	6427
provenance	6427
shameful	6427
chiffon	6427
fanfare	6427
mapper	6427
dystrophy	6427
archaic	6427
elevate	6427
deafness	6427
footballs	6427
laureate	6427
contemporaries	6427
syphilis	6427
vigilance	6427
appalling	6427
palmyra	6427
foxes	6426
davie	6426
affixed	6426
servlets	6426
ticking	6426
pantheon	6426
gully	6426
epithelium	6426
bitterness	6426
brill	6426
defy	6426
webbing	6426
consumes	6426
lovingly	6426
thrush	6426
bribery	6426
smokes	6426
untested	6426
ventilated	6426
overviews	6426
kettles	6426
ascend	6426
flinders	6426
verifies	6426
reverb	6426
commuters	6426
rcp	6426
nutmeg	6426
chained	6426
canceling	6426
magnify	6426
gauss	6426
precautionary	6426
artistry	6426
travail	6426
fiddler	6426
falkirk	6426
wholesome	6426
wrists	6426
severed	6426
mites	6426
kwon	6426
rubric	6426
headlamp	6426
operand	6426
puddle	6426
vegetative	6426
agora	6426
macho	6426
sob	6426
elaborated	6426
reeve	6426
embellishments	6426
willful	6426
grandeur	6426
plough	6426
staphylococcus	6426
mansions	6426
busting	6426
overheard	6426
persisted	6426
mdi	6426
whereabouts	6425
substring	6425
symphonies	6425
reclining	6425
smelly	6425
bounding	6425
hangar	6425
ephemera	6425
annexed	6425
atheists	6425
umpire	6425
testicular	6425
orthodoxy	6425
miramar	6425
kilt	6425
doubtless	6425
wearable	6425
carling	6425
buildup	6425
weaponry	6425
keyed	6425
esquire	6425
cryptic	6425
landline	6425
wherefore	6425
entrees	6425
corpora	6425
priv	6425
cholera	6425
antiviral	6425
midsummer	6425
profiler	6425
intoxicated	6425
minimalist	6425
jerks	6425
wolverines	6425
protagonist	6425
bullion	6425
deflection	6425
hateful	6425
rata	6425
propensity	6425
freephone	6425
journalistic	6425
essences	6425
kingfisher	6425
moline	6425
takers	6425
dispensed	6425
pragma	6425
winkler	6425
walleye	6425
lemons	6425
bagel	6425
asbury	6425
stratum	6425
vendetta	6425
wicklow	6425
restrain	6425
clutches	6425
lettings	6425
walkway	6425
cults	6425
whit	6424
coos	6424
amaze	6424
petrochemical	6424
easel	6424
chula	6424
carer	6424
humankind	6424
potion	6424
ovation	6424
paddock	6424
inverters	6424
numerals	6424
surpassed	6424
vino	6424
gable	6424
thirteenth	6424
laced	6424
faceplates	6424
motorhomes	6424
quill	6424
zucchini	6424
mares	6424
enthusiastically	6424
fetching	6424
chaps	6424
lanai	6424
tendon	6424
chiral	6424
fermi	6424
newsreader	6424
bellows	6424
multiculturalism	6424
cuddly	6424
deceit	6424
unmarked	6424
joyous	6424
venting	6424
pricey	6424
shekel	6424
infringing	6424
diocesan	6424
readout	6424
clarifies	6424
gunner	6424
dimes	6424
verso	6424
samoan	6424
absorbent	6424
revlon	6424
grossly	6424
cranky	6424
cleft	6424
paparazzi	6424
interceptor	6424
clog	6424
impoverished	6424
stabbed	6424
teaspoons	6424
banding	6424
nonstick	6424
origami	6424
yeti	6424
comedians	6423
awnings	6423
umbilical	6423
sill	6423
donates	6423
foursome	6423
bleaching	6423
startled	6423
mathematician	6423
untrue	6423
moisturizing	6423
hurried	6423
vir	6423
gatos	6423
disqualification	6423
angiotensin	6423
spitfire	6423
staggered	6423
vacated	6423
summation	6423
querying	6423
autonomic	6423
pathname	6423
ufos	6423
dura	6423
fingered	6423
manatee	6423
apprentices	6423
restructure	6423
larval	6423
resettlement	6423
mistakenly	6423
radiative	6423
drapes	6423
intimately	6423
groin	6423
greenway	6423
booted	6423
frat	6423
electrics	6423
sprouts	6423
bower	6423
stencils	6423
extremity	6423
reinventing	6423
orphaned	6423
requisites	6423
reqs	6423
latte	6423
prudence	6423
shopped	6423
hypnotherapy	6423
muppet	6423
gingerbread	6423
tasteful	6423
puritan	6423
checkpoints	6423
affirming	6423
derechos	6423
excavations	6423
forearm	6423
distract	6423
seaport	6423
flashed	6422
longs	6422
sideshow	6422
classifier	6422
repro	6422
moser	6422
buns	6422
deceive	6422
colonialism	6422
starved	6422
scorers	6422
sitcom	6422
pastries	6422
colosseum	6422
stipulation	6422
authorizations	6422
emptiness	6422
holsters	6422
neuropathy	6422
backorder	6422
shoemaker	6422
cushioned	6422
dada	6422
hastily	6422
invader	6422
patriarch	6422
conjugated	6422
consents	6422
lcc	6422
unethical	6422
nils	6422
swain	6422
alphanumeric	6422
grumpy	6422
lain	6422
holm	6422
sirens	6422
mourn	6422
abandoning	6422
oddities	6422
soften	6422
caters	6422
troupe	6422
blacksmith	6422
coagulation	6422
suicides	6422
girly	6422
powerfully	6422
archdiocese	6422
compromises	6422
orbiter	6422
thirdly	6422
classifying	6422
deepening	6422
keyless	6422
repatriation	6422
tortilla	6422
dissociation	6422
unfairly	6422
opticians	6422
connexions	6422
calico	6422
wrongs	6422
bottleneck	6421
pores	6421
regressions	6421
undermining	6421
burnside	6421
colossus	6421
buckeyes	6421
bodywork	6421
jewell	6421
frivolous	6421
indecent	6421
dishonesty	6421
redefined	6421
oiled	6421
microbes	6421
empowers	6421
sharpen	6421
tots	6421
goalkeeper	6421
phonetic	6421
blurb	6421
dominatrix	6421
compiles	6421
encoders	6421
oppressive	6421
coined	6421
boomerang	6421
structurally	6421
moray	6421
caveats	6421
onslaught	6421
homeownership	6421
birdie	6421
disseminating	6421
lanyard	6421
interlock	6421
noses	6421
pagers	6421
treasured	6421
sharpness	6421
esophagus	6421
corral	6421
jackpots	6421
optometrists	6421
fortnight	6421
hickey	6421
erode	6421
unlicensed	6421
plunged	6421
reals	6421
modulated	6421
defiant	6421
termite	6421
ibuprofen	6421
drugstore	6421
brisk	6421
audiology	6421
integrals	6421
lysine	6421
sizzling	6421
macroeconomics	6421
tors	6421
meath	6421
ponce	6420
perjury	6420
kaleidoscope	6420
busters	6420
generality	6420
absorber	6420
vigilant	6420
pronto	6420
vistas	6420
imager	6420
eerie	6420
sailboat	6420
hectare	6420
netball	6420
furl	6420
holographic	6420
stonewall	6420
wrestlers	6420
salaam	6420
jackass	6420
respirator	6420
countertop	6420
installments	6420
partying	6420
exited	6420
geometrical	6420
crispy	6420
priory	6420
coffees	6420
sequin	6420
epsom	6420
bandwagon	6420
corpses	6420
wiping	6420
mercenaries	6420
bronchitis	6420
myst	6420
polymerization	6420
whirlwind	6420
howling	6420
apprehension	6420
nozzles	6420
raisins	6420
turkeys	6420
unbelievably	6420
pasting	6420
hora	6420
butyl	6420
forested	6420
unrivaled	6420
bobbie	6420
roadways	6420
shale	6420
diligent	6420
varna	6420
maidenhead	6420
almanacs	6420
adversity	6420
randomness	6420
muon	6420
caliper	6420
innovators	6420
anode	6420
microprocessors	6420
torts	6419
siting	6419
misinformation	6419
aneurysm	6419
closeups	6419
egress	6419
eroded	6419
tris	6419
adjectives	6419
crepe	6419
lonnie	6419
dum	6419
hartlepool	6419
sheepskin	6419
concave	6419
heresy	6419
armory	6419
colognes	6419
contestant	6419
snell	6419
prescreened	6419
believable	6419
anesthesiology	6419
forthwith	6419
avert	6419
oat	6419
guise	6419
elmhurst	6419
curiously	6419
fullness	6419
culminating	6419
melatonin	6419
vomit	6419
bongo	6419
compounding	6419
afar	6419
ebb	6419
shaky	6419
bloke	6419
brutally	6419
cess	6419
pennant	6419
electrochemical	6419
nicest	6419
slalom	6419
necks	6419
calif	6419
aquatics	6419
levee	6419
lurker	6419
chews	6419
hoodies	6419
phony	6419
vila	6419
powerless	6419
populace	6419
grasslands	6419
deliberation	6419
soles	6419
monolithic	6419
jetty	6419
luster	6419
subcontract	6419
overrun	6419
undone	6418
prophylaxis	6418
cotswold	6418
unstructured	6418
habitual	6418
boop	6418
hitman	6418
uplift	6418
causeway	6418
murderers	6418
restated	6418
nukes	6418
duplicator	6418
reopened	6418
macomb	6418
fundamentalism	6418
guid	6418
inhabit	6418
conglomerate	6418
rerun	6418
segmented	6418
cranberries	6418
fastened	6418
leas	6418
pleated	6418
handshake	6418
extradition	6418
digests	6418
innovate	6418
perils	6418
jerky	6418
dismantling	6418
proportionate	6418
algo	6418
snowmobiling	6418
boroughs	6418
fora	6418
deliverance	6418
resists	6418
dlc	6418
discourses	6418
subdued	6418
adhering	6418
codon	6418
suspicions	6418
hampered	6418
pylori	6418
acidity	6418
formaldehyde	6418
detriment	6418
welder	6418
switcher	6418
prejudices	6418
purported	6418
mockingbird	6418
mangrove	6418
gab	6418
fawn	6418
juicer	6418
lloyds	6418
echelon	6418
arranger	6418
scaffolding	6418
narrows	6417
metallurgy	6417
sensed	6417
baa	6417
queuing	6417
insuring	6417
boasting	6417
shiite	6417
valuing	6417
argon	6417
hooray	6417
carefree	6417
biotin	6417
salter	6417
testicles	6417
ascertained	6417
morph	6417
econometrics	6417
fluctuation	6417
jeannie	6417
expatriate	6417
twenties	6417
tantra	6417
codified	6417
overlays	6417
thingy	6417
monstrous	6417
comforters	6417
conservatories	6417
ruskin	6417
stetson	6417
accuses	6417
calibre	6417
nobles	6417
germination	6417
lipoprotein	6417
planetarium	6417
fumble	6417
discos	6417
attrition	6417
eastbourne	6417
dxf	6417
homebuyers	6417
proverb	6417
mercenary	6417
clams	6417
reis	6417
tightened	6417
levies	6417
speck	6417
groton	6417
billboards	6417
searcher	6417
gutters	6417
bioterrorism	6417
tourmaline	6417
murderous	6417
rudder	6417
microns	6417
unifying	6417
amusements	6417
scares	6417
intranets	6417
escalating	6417
bluebird	6416
mahjong	6416
deformed	6416
wretched	6416
interstellar	6416
decadent	6416
underestimated	6416
incarcerated	6416
unsurpassed	6416
surpass	6416
loudspeakers	6416
flexi	6416
annihilation	6416
junctions	6416
transferase	6416
stoppers	6416
snowshoeing	6416
memoranda	6416
steaming	6416
magnifying	6416
uppercase	6416
cirrhosis	6416
metrology	6416
hideous	6416
abreast	6416
intuitively	6416
connexion	6416
stoneware	6416
pathogenic	6416
riverfront	6416
humanist	6416
extremities	6416
pompano	6416
tyrant	6416
skewed	6416
decency	6416
papal	6416
sequenced	6416
sprang	6416
obscured	6416
teaming	6416
aromas	6416
duets	6416
positional	6416
glycine	6416
breakthroughs	6416
mountaineers	6416
throwback	6416
gestation	6416
powering	6416
logins	6416
sadism	6416
muncie	6416
butchers	6416
panoramas	6416
plenum	6416
geologist	6416
piccadilly	6416
hydrolysis	6416
axioms	6416
labia	6416
immunizations	6416
existential	6416
sweaty	6416
mogul	6416
fiercely	6415
varnish	6415
hysteria	6415
breached	6415
rounder	6415
rectum	6415
perched	6415
videoconferencing	6415
cytoplasm	6415
insistence	6415
aer	6415
sedimentary	6415
clockwork	6415
chlorophyll	6415
shipyard	6415
centering	6415
sunroof	6415
etch	6415
answerer	6415
briefcases	6415
intelligently	6415
gwent	6415
vials	6415
bogart	6415
imputation	6415
densely	6415
untranslated	6415
droit	6415
odin	6415
raffles	6415
reconnect	6415
teeny	6415
distrust	6415
assassins	6415
fraternal	6415
benthic	6415
infotech	6415
carlin	6415
lithograph	6415
refinements	6415
stoner	6415
repost	6415
iras	6415
resurfacing	6415
eloquent	6415
cwt	6415
wondrous	6415
decrees	6415
hyperbolic	6415
bisque	6415
touchstone	6415
standoff	6415
kailua	6415
acoustical	6415
photovoltaic	6415
orchestras	6415
redline	6415
grieve	6415
reigns	6415
pleasurable	6415
reggaeton	6415
olin	6415
bustling	6415
wank	6415
flue	6414
solvers	6414
canadiens	6414
fiasco	6414
emir	6414
rockabilly	6414
deacons	6414
loudspeaker	6414
handicapping	6414
slings	6414
dwarfs	6414
excretion	6414
breakage	6414
horsham	6414
apportionment	6414
notations	6414
reins	6414
midgets	6414
homemaker	6414
neverwinter	6414
broadest	6414
scrambling	6414
misfortune	6414
drenched	6414
categorize	6414
loa	6414
foreskin	6414
reflexology	6414
astonished	6414
subconscious	6414
incandescent	6414
foundries	6414
registrants	6414
disappoint	6414
sweats	6414
atvs	6414
capstone	6414
sensei	6414
publicized	6414
mobs	6414
federalist	6414
rehearsals	6414
portrays	6414
hidalgo	6414
prosthetic	6414
firewood	6414
serenade	6414
microfiche	6414
watergate	6414
setbacks	6414
weathered	6414
truffles	6414
aural	6414
gatekeeper	6414
decommissioning	6414
lawless	6414
thermodynamic	6414
profiled	6414
gout	6414
coincides	6414
disambiguation	6414
mmmm	6414
bittersweet	6414
inhuman	6414
gentiles	6414
rubs	6413
isolating	6413
mycobacterium	6413
irritated	6413
despise	6413
cultivars	6413
floated	6413
margo	6413
fresco	6413
rundown	6413
auteur	6413
custard	6413
carbondale	6413
gizmos	6413
branched	6413
shipbuilding	6413
mildew	6413
tombs	6413
frown	6413
accords	6413
steels	6413
privy	6413
caretaker	6413
mystique	6413
feeble	6413
gentile	6413
contractions	6413
loaders	6413
trouser	6413
combatants	6413
annuals	6413
sepia	6413
differentials	6413
valence	6413
deteriorated	6413
dancehall	6413
droits	6413
brava	6413
disobedience	6413
underscores	6413
roadshow	6413
gat	6413
unpack	6413
divination	6413
haw	6413
nationalities	6413
cultivating	6413
nephrology	6413
squamous	6413
malden	6413
triumphant	6413
superbly	6413
chianti	6413
hombres	6413
domestically	6413
constrain	6413
brandi	6413
solihull	6413
magicians	6413
contended	6413
nazarene	6413
refineries	6413
swimsuits	6413
automates	6413
whomever	6412
shiloh	6412
damper	6412
sidelines	6412
toolbars	6412
preservatives	6412
bobs	6412
forgiving	6412
unplanned	6412
yahweh	6412
mip	6412
madman	6412
peering	6412
slumber	6412
shimmering	6412
rigidity	6412
bane	6412
inventing	6412
chipped	6412
pelvis	6412
potluck	6412
creamer	6412
forts	6412
tumbling	6412
gfs	6412
columbine	6412
portables	6412
interprets	6412
fledged	6412
aquinas	6412
hourglass	6412
dormitory	6412
confiscated	6412
discharging	6412
gunmen	6412
disables	6412
antiretroviral	6412
lockport	6412
pollack	6412
arousal	6412
unnoticed	6412
ridicule	6412
thaw	6412
vandals	6412
inhibiting	6412
reinstated	6412
unpacking	6412
intersect	6412
mammary	6412
trampolines	6412
hillman	6412
garnish	6412
designates	6412
trimmers	6412
peeling	6412
blindly	6412
unintentional	6412
repertory	6412
boi	6412
conveyancing	6412
disagreements	6412
echinacea	6412
phish	6412
gatt	6412
oxo	6412
bene	6411
hah	6411
halibut	6411
fifties	6411
silverware	6411
goody	6411
ideologies	6411
feminists	6411
sculpted	6411
dugout	6411
battleship	6411
rollin	6411
contraindications	6411
talisman	6411
eels	6411
rebuttal	6411
shun	6411
underside	6411
alumnus	6411
archeology	6411
ontologies	6411
fenders	6411
frisbee	6411
hmmmm	6411
giggle	6411
hyperactivity	6411
seagull	6411
nanotubes	6411
polos	6411
bonaire	6411
hehehe	6411
spinners	6411
deforestation	6411
annealing	6411
maximizes	6411
streaks	6411
roderick	6411
perverse	6411
glittering	6411
jails	6411
casket	6411
dickey	6411
detour	6411
carpeting	6411
eukaryotic	6411
sions	6411
husbandry	6411
frustrations	6411
visibly	6411
defunct	6411
resection	6411
dioxin	6411
islamist	6411
unveil	6411
circulars	6411
brant	6411
touchscreen	6411
layoff	6411
facelift	6411
decoded	6411
dodger	6411
merciful	6411
tun	6411
tipperary	6411
kinship	6411
springtime	6411
euphoria	6410
acuity	6410
popper	6410
lockdown	6410
transmittal	6410
blouses	6410
heatsink	6410
equilibria	6410
requester	6410
hemlock	6410
sniffing	6410
serialized	6410
uncanny	6410
stringer	6410
milligrams	6410
jab	6410
stork	6410
strathclyde	6410
intramural	6410
concede	6410
curated	6410
combustible	6410
fallacy	6410
cdd	6410
nicknames	6410
hardstyle	6410
waistband	6410
noxious	6410
fibroblasts	6410
tunic	6410
farce	6410
drowsiness	6410
metastasis	6410
greenbelt	6410
chants	6410
rhone	6410
lunatic	6410
reachable	6410
pyrenees	6410
radioactivity	6410
auctioneer	6410
recovers	6410
howdy	6410
haggard	6410
reorder	6410
aerosols	6410
manger	6410
archeological	6410
logarithmic	6410
robby	6410
completions	6410
yearning	6410
transporters	6410
sandalwood	6410
megs	6410
chills	6410
whack	6410
drone	6410
breezes	6410
esteemed	6410
godly	6410
spire	6410
distillation	6410
edging	6410
mathematicians	6410
decontamination	6409
euclidean	6409
cymbals	6409
antidote	6409
emblems	6409
caricature	6409
formalism	6409
shroud	6409
aching	6409
libexec	6409
stead	6409
recoil	6409
eyepiece	6409
reconciled	6409
daze	6409
raisin	6409
bobcat	6409
freehand	6409
killeen	6409
amounting	6409
jamming	6409
applicator	6409
mezzanine	6409
poisons	6409
nameless	6409
trot	6409
zed	6409
humidifier	6409
collapses	6409
musically	6409
yung	6409
intensify	6409
voltaire	6409
harmonies	6409
mainstay	6409
accumulating	6409
indebted	6409
breathed	6409
mucosa	6409
dachshund	6409
syringes	6409
misled	6409
breakpoint	6409
mani	6409
stoney	6409
culprit	6409
transact	6409
regimens	6409
wok	6409
canola	6409
slicing	6409
reproducible	6409
spiced	6409
skydiving	6409
bogota	6409
datagram	6409
videographers	6409
nicks	6409
puncture	6409
platelets	6409
trannies	6409
lighten	6409
pamper	6409
canteen	6409
fein	6409
nineties	6408
bracknell	6408
hysterical	6408
disinfection	6408
perfusion	6408
darkened	6408
requisition	6408
postseason	6408
shrug	6408
boils	6408
enchantment	6408
smoothie	6408
greta	6408
covey	6408
punisher	6408
tabbed	6408
auctioneers	6408
loathing	6408
dials	6408
iata	6408
roadrunner	6408
woof	6408
ominous	6408
misfits	6408
hammocks	6408
quieter	6408
sqlite	6408
poking	6408
buyout	6408
replays	6408
adrenergic	6408
bottling	6408
caldera	6408
baseman	6408
botanicals	6408
techie	6408
tallest	6408
wrestle	6408
entrenched	6408
rectify	6408
virtuous	6408
lewisville	6408
aster	6408
transparencies	6408
davy	6408
snails	6408
decipher	6408
incapacity	6408
mittens	6408
overkill	6408
nlrb	6408
ferns	6408
curls	6408
effortless	6408
hydroelectric	6408
ens	6408
cranial	6408
hindsight	6408
wrecked	6408
wince	6408
orientated	6408
friendliness	6408
abrasives	6408
invincible	6408
healthiest	6408
prometheus	6408
rushes	6407
deities	6407
thunderbirds	6407
wot	6407
melts	6407
trickle	6407
disapprove	6407
erratic	6407
familiarize	6407
cashing	6407
spousal	6407
insufficiency	6407
abusers	6407
drifted	6407
copley	6407
mallard	6407
airman	6407
propagated	6407
configurator	6407
clc	6407
hardships	6407
neurobiology	6407
sabres	6407
foraging	6407
corsets	6407
wasps	6407
bureaucrats	6407
wham	6407
cyclin	6407
fairytale	6407
barm	6407
amplitudes	6407
microcontroller	6407
premiered	6407
mitre	6407
institutionalized	6407
gyno	6407
tonnage	6407
corals	6407
circulatory	6407
centerline	6407
chairmen	6407
mille	6407
pedo	6407
continuance	6407
histone	6407
opioid	6407
unrecognized	6407
premieres	6407
affectionate	6407
translational	6407
unimportant	6407
greener	6407
endowments	6407
grudge	6407
interstitial	6407
zoological	6407
tanzanite	6407
helical	6407
fondue	6407
norse	6407
windscreen	6407
wetting	6407
supersonic	6407
pocatello	6407
bosom	6407
maniacs	6406
sysadmin	6406
foothill	6406
earmarked	6406
uncheck	6406
bales	6406
blackbird	6406
causation	6406
rapes	6406
persecuted	6406
deciduous	6406
photosynthesis	6406
straighten	6406
remotes	6406
convocation	6406
mcm	6406
precaution	6406
playmates	6406
empirically	6406
deteriorating	6406
fascia	6406
philanthropic	6406
fryers	6406
layering	6406
geriatrics	6406
maneuvers	6406
stratified	6406
picky	6406
critter	6406
begs	6406
lvm	6406
mooring	6406
expats	6406
friendster	6406
busts	6406
endoscopy	6406
buzzwords	6406
cutaneous	6406
lumen	6406
airwaves	6406
porters	6406
jagger	6406
forgery	6406
setups	6406
pereira	6406
drawstring	6406
infrequent	6406
midrange	6406
mull	6406
superpower	6406
recliner	6406
incision	6406
grimsby	6406
urs	6406
adjuster	6406
jumble	6406
impeccable	6406
shari	6406
marketplaces	6406
cognac	6406
wading	6406
tefl	6406
sudo	6406
characterizing	6406
gawker	6406
gagging	6406
imitate	6405
grasping	6405
cyclist	6405
borneo	6405
generics	6405
mortuary	6405
magneto	6405
crunchy	6405
teletext	6405
crabtree	6405
objc	6405
bode	6405
sealant	6405
thorns	6405
timberwolves	6405
rightful	6405
harriers	6405
executables	6405
scarecrow	6405
concertos	6405
extracurricular	6405
haverhill	6405
mosaics	6405
squirters	6405
pious	6405
utterance	6405
undeveloped	6405
basalt	6405
undisputed	6405
distracting	6405
tonal	6405
urns	6405
unfolds	6405
brocade	6405
ashtray	6405
seaweed	6405
gpu	6405
psychoanalysis	6405
hesitant	6405
poco	6405
prevails	6405
rcmp	6405
microchip	6405
candlelight	6405
votive	6405
wafers	6405
susquehanna	6405
modulo	6405
antler	6405
tarts	6405
nance	6405
spankings	6405
babble	6405
chatrooms	6405
pretreatment	6405
pessimistic	6405
niches	6405
winnebago	6405
quid	6405
notecards	6405
tix	6405
shortwave	6405
overlooks	6405
diversify	6405
quaternary	6405
subtracted	6405
hugging	6404
postman	6404
hikers	6404
overboard	6404
goddesses	6404
cuties	6404
faithless	6404
regained	6404
preheat	6404
rookies	6404
foggy	6404
shone	6404
potpourri	6404
criticizing	6404
leafy	6404
passionately	6404
stroking	6404
sigs	6404
jarhead	6404
signatory	6404
cim	6404
energized	6404
matured	6404
minimums	6404
needlepoint	6404
oems	6404
dolor	6404
firefighting	6404
disallow	6404
procured	6404
brixton	6404
excellency	6404
camels	6404
kilo	6404
justifying	6404
moisturizer	6404
remanded	6404
shoebox	6404
disagrees	6404
lowdown	6404
trove	6404
eased	6404
slay	6404
deprive	6404
kremlin	6404
filer	6404
apologetics	6404
lusty	6404
threonine	6404
encephalitis	6404
virtuoso	6404
buzzing	6404
dauphin	6404
arias	6404
steed	6404
paraffin	6404
kenner	6404
unites	6404
stimulant	6404
anamorphic	6404
subspace	6404
cleats	6404
millet	6404
invert	6404
pressured	6404
clarifications	6404
zionism	6404
vermilion	6403
grinned	6403
disjoint	6403
thelma	6403
carats	6403
hijacked	6403
checkbook	6403
enlightening	6403
endlessly	6403
coworkers	6403
hasty	6403
karla	6403
dexterity	6403
cus	6403
puzzling	6403
nods	6403
haifa	6403
reincarnation	6403
heuristics	6403
hologram	6403
macular	6403
scrape	6403
kendrick	6403
refinishing	6403
chia	6403
prized	6403
leyland	6403
arresting	6403
bewitched	6403
reloading	6403
hombre	6403
munch	6403
basf	6403
resumption	6403
irma	6403
intimidated	6403
bidirectional	6403
traitor	6403
ahhh	6403
clove	6403
chica	6403
illiterate	6403
starfish	6403
widened	6403
heartbreak	6403
preps	6403
bordered	6403
mallet	6403
leech	6403
mylar	6403
giver	6403
discontent	6403
congestive	6403
dmd	6403
schilling	6403
battleground	6403
tectonic	6403
equate	6403
inflatables	6403
punishing	6403
seedling	6403
naacp	6403
pathologist	6403
dwellers	6403
mouthpiece	6403
memoriam	6403
underserved	6402
elmwood	6402
parr	6402
nymph	6402
reassuring	6402
vrml	6402
predictability	6402
pajama	6402
paddlesports	6402
adenocarcinoma	6402
myles	6402
toning	6402
gestational	6402
snowball	6402
travelogues	6402
ecotourism	6402
prematurely	6402
fueling	6402
frail	6402
adventurer	6402
crayons	6402
tikes	6402
revamped	6402
irradiated	6402
awfully	6402
mayflower	6402
arched	6402
curfew	6402
enlist	6402
exemplified	6402
stylistic	6402
corneal	6402
profane	6402
beckman	6402
crusher	6402
prefs	6402
macaroni	6402
electing	6402
dictation	6402
marshfield	6402
swank	6402
robber	6402
evacuate	6402
matisse	6402
conveniences	6402
proactively	6402
roving	6402
drinker	6402
softened	6402
modeler	6402
peking	6402
progressives	6402
linger	6402
fillet	6402
creationism	6402
churn	6402
dork	6402
nimbus	6402
nog	6402
psychosis	6402
smartest	6402
firsthand	6402
madre	6402
impart	6402
muted	6402
feats	6402
turbidity	6402
mountable	6401
concomitant	6401
avondale	6401
oceanographic	6401
zzz	6401
scaffold	6401
oui	6401
millie	6401
nonzero	6401
leisurely	6401
dislikes	6401
mayonnaise	6401
scavenger	6401
touted	6401
kava	6401
adjuvant	6401
tyneside	6401
limitless	6401
sari	6401
preventable	6401
hangman	6401
bumpy	6401
aleph	6401
mastermind	6401
vaccinated	6401
sloping	6401
mitt	6401
acceptability	6401
constitutionally	6401
disapproval	6401
surcharges	6401
crucified	6401
noticeboard	6401
masons	6401
permutation	6401
surges	6401
literatures	6401
mulligan	6401
unlucky	6401
yawn	6401
distort	6401
ketchup	6401
alimony	6401
viscous	6401
cmm	6401
unambiguous	6401
loosing	6401
canopies	6401
handicraft	6401
emphysema	6401
epistemology	6401
piling	6401
toolkits	6401
soloist	6401
rejuvenation	6401
anaconda	6401
basilica	6401
amine	6401
robbers	6401
leveraged	6401
burley	6401
plasmids	6401
woofer	6401
hinckley	6401
millimeter	6401
rollercoaster	6401
lowland	6401
sausages	6400
spake	6400
feud	6400
subordinated	6400
roundups	6400
awoke	6400
parka	6400
unheard	6400
prune	6400
endanger	6400
cairn	6400
nomadic	6400
ffs	6400
decompression	6400
disgusted	6400
galena	6400
inactivation	6400
lymphatic	6400
ofc	6400
olfactory	6400
berks	6400
wirral	6400
prolong	6400
boxset	6400
knits	6400
kroon	6400
builtin	6400
thinly	6400
rollback	6400
bobo	6400
crockpot	6400
weaning	6400
snowshoe	6400
arable	6400
backside	6400
parallelism	6400
brut	6400
vernacular	6400
latitudes	6400
alkali	6400
mowing	6400
painkiller	6400
nutty	6400
foreseen	6400
restrooms	6400
sever	6400
myeloma	6400
expend	6400
stahl	6400
gist	6400
auntie	6400
afghans	6400
scallops	6400
blames	6400
subdivided	6400
osteopathic	6400
vividly	6400
happiest	6400
countermeasures	6400
wildflower	6400
stackable	6400
greensburg	6400
barebones	6400
merino	6400
reserving	6400
stooges	6400
jello	6400
indented	6399
barium	6399
toric	6399
looting	6399
humming	6399
disclaim	6399
shearer	6399
hydrophobic	6399
diameters	6399
exerted	6399
justifies	6399
returnable	6399
ohs	6399
resuscitation	6399
cancelling	6399
stratification	6399
regenerate	6399
webdav	6399
tumbler	6399
adagio	6399
sunburst	6399
improvised	6399
startups	6399
flocks	6399
ranting	6399
bothering	6399
garnered	6399
erupted	6399
meltdown	6399
fling	6399
rainwater	6399
comrade	6399
ascended	6399
redefining	6399
vesicles	6399
piccolo	6399
resizing	6399
porcupine	6399
showrooms	6399
verifiable	6399
chopping	6399
lobo	6399
enacting	6399
havens	6399
bacterium	6399
sideline	6399
stabbing	6399
metamorphosis	6399
bushing	6399
ligament	6399
penpals	6399
translocation	6399
serialization	6399
playgrounds	6399
wanderer	6399
flattened	6399
zips	6399
spitting	6399
eigenvalue	6399
inconvenient	6399
seacoast	6399
conductance	6399
imperfections	6399
lewes	6399
chancery	6399
raving	6399
explodes	6399
coimbatore	6399
panzer	6398
keri	6398
soviets	6398
tweeter	6398
executor	6398
poncho	6398
anglesey	6398
choirs	6398
sids	6398
faerie	6398
oooh	6398
wakeboarding	6398
stinger	6398
chipsets	6398
wreaths	6398
collapsing	6398
tasteless	6398
tomahawk	6398
tact	6398
instructive	6398
absorbs	6398
susannah	6398
mathematically	6398
drier	6398
duplicators	6398
bothers	6398
parades	6398
cubicle	6398
shoved	6398
invokes	6398
papaya	6398
cannons	6398
auger	6398
macclesfield	6398
mongoose	6398
crossfade	6398
instrumentals	6398
iconic	6398
sulfide	6398
dawg	6398
chromatic	6398
rife	6398
rallying	6398
gambit	6398
enoch	6398
carriages	6398
dales	6398
uxbridge	6398
polled	6398
agnostic	6398
emptied	6398
denounced	6398
delusion	6398
fredrick	6398
jogger	6398
occlusion	6398
verity	6398
covent	6398
turret	6398
reinvestment	6398
chatterbox	6398
neutrons	6398
precede	6398
silo	6398
huts	6398
polystyrene	6398
jodhpur	6398
betts	6397
intelligencer	6397
molokai	6397
pluralism	6397
domes	6397
tetanus	6397
bcd	6397
neuromuscular	6397
caribe	6397
multifamily	6397
eras	6397
execs	6397
hiker	6397
strategist	6397
wildest	6397
outlays	6397
zloty	6397
foodstuffs	6397
osmosis	6397
priming	6397
vowels	6397
sulphate	6397
soothe	6397
mariposa	6397
advancements	6397
bock	6397
clandestine	6397
migrations	6397
hovering	6397
slurry	6397
tamper	6397
soulmates	6397
beretta	6397
punishments	6397
chiropractor	6397
vibrational	6397
heathen	6397
obsidian	6397
unduly	6397
dressers	6397
winger	6397
rigged	6397
domicile	6397
chargeable	6397
fanning	6397
spurred	6397
logics	6397
wha	6397
osage	6397
coeds	6397
peregrine	6397
subdirectories	6397
crumb	6397
fostered	6397
culmination	6397
revolves	6397
guilder	6397
comparator	6397
mend	6397
theoretic	6397
sealer	6397
sleazy	6397
softening	6397
onstage	6397
waterproofing	6397
glimpses	6397
riel	6397
pinky	6397
hattie	6396
lewisham	6396
mints	6396
invertebrate	6396
brea	6396
rebellious	6396
tastefully	6396
capo	6396
pairings	6396
guesthouses	6396
yikes	6396
grate	6396
exorcism	6396
grilles	6396
mim	6396
cultivar	6396
orson	6396
teammate	6396
diseased	6396
sequencer	6396
grandparent	6396
demonic	6396
socialists	6396
deduced	6396
collaboratively	6396
buttocks	6396
unmanned	6396
rainbows	6396
mums	6396
burials	6396
bountiful	6396
lossless	6396
imbalances	6396
superconducting	6396
spectroscopic	6396
armpit	6396
ratify	6396
mew	6396
worsening	6396
metalworking	6396
groundhog	6396
ginkgo	6396
fiend	6396
drapery	6396
deported	6396
decedent	6396
dimethyl	6396
muzzle	6396
entrant	6396
schoolhouse	6396
telescopic	6396
vespa	6396
phasing	6396
lactate	6396
monorail	6396
retribution	6396
bookworm	6396
sabbatical	6396
skeptic	6396
backlit	6396
slander	6396
basing	6396
baits	6396
fireside	6396
onshore	6396
florals	6396
millimeters	6396
disposing	6396
wicks	6395
pathologists	6395
suffrage	6395
toxics	6395
triumphs	6395
fortifying	6395
sleepless	6395
kinesiology	6395
potions	6395
tern	6395
squirts	6395
storybook	6395
watered	6395
lass	6395
grenades	6395
fleas	6395
contrasted	6395
opting	6395
hauled	6395
taupe	6395
ventured	6395
hookup	6395
recite	6395
myron	6395
keepsakes	6395
seawater	6395
contenders	6395
kneeling	6395
negation	6395
conveyors	6395
dismay	6395
fulfills	6395
rota	6395
smelled	6395
jute	6395
printmaking	6395
heals	6395
prim	6395
reconstructive	6395
bookshelves	6395
trespass	6395
conciliation	6395
supermodels	6395
glycerol	6395
wiseman	6395
compasses	6395
groomed	6395
leaping	6395
impunity	6395
sunken	6395
sliders	6395
inaugurated	6395
encountering	6395
itemized	6395
infernal	6395
defamatory	6395
eir	6395
pang	6395
swag	6395
renminbi	6395
reared	6395
pampered	6395
yap	6395
mangas	6395
bottlenecks	6395
pyrex	6395
inquiring	6395
sculpting	6395
numero	6394
sedans	6394
praising	6394
momentary	6394
launchers	6394
finishers	6394
commemoration	6394
psychologically	6394
holstein	6394
interdependence	6394
serpentine	6394
droplets	6394
inducted	6394
hangings	6394
uninitialized	6394
sundry	6394
repercussions	6394
protestants	6394
therefrom	6394
woking	6394
longmont	6394
hydrological	6394
runes	6394
wrecking	6394
pique	6394
ents	6394
breweries	6394
forecaster	6394
quickie	6394
swore	6394
parabolic	6394
boreal	6394
bankroll	6394
bioassay	6394
martinsville	6394
interventional	6394
tabulation	6394
journeyman	6394
enlighten	6394
trier	6394
arbitrage	6394
flashy	6394
prowess	6394
abstractions	6394
enriching	6394
dogwood	6394
trampling	6394
signet	6394
convergent	6394
digested	6394
trumpets	6394
majoring	6394
glitches	6394
embodies	6394
qwerty	6394
equivalency	6394
sedation	6394
manhood	6394
cannibal	6394
nephews	6394
oblivious	6394
icao	6394
atmospheres	6394
stricter	6394
harmonics	6394
centimeters	6394
memes	6394
lavatory	6394
roughness	6393
destructor	6393
accelerates	6393
opts	6393
ancients	6393
relocations	6393
wilco	6393
beckley	6393
snapping	6393
cauliflower	6393
anova	6393
midfielder	6393
feudal	6393
tornadoes	6393
unbearable	6393
docklands	6393
perpetrated	6393
megastore	6393
basses	6393
boarded	6393
eon	6393
olympian	6393
syllabi	6393
elif	6393
sheri	6393
wikis	6393
mozzarella	6393
interferes	6393
devotions	6393
myra	6393
devotees	6393
acquaintances	6393
sectarian	6393
fathom	6393
republish	6393
cools	6393
endoscopic	6393
appreciative	6393
innumerable	6393
parramatta	6393
disproportionately	6393
noticeably	6393
furs	6393
taskbar	6393
synchrotron	6393
memorize	6393
muppets	6393
volumetric	6393
atonement	6393
extant	6393
unmask	6393
umpires	6393
shuttles	6393
jumpstart	6393
chisel	6393
hyperplasia	6393
mysteriously	6393
parodies	6393
wayward	6393
legit	6393
redness	6393
dreamland	6393
scrapped	6393
wands	6393
orphanage	6393
illustrious	6393
disruptions	6393
erasure	6393
fishy	6393
preamp	6392
pauses	6392
intoxication	6392
freelancer	6392
glimmer	6392
radars	6392
dmg	6392
materiel	6392
blooded	6392
slamming	6392
syllables	6392
staffers	6392
daw	6392
whim	6392
teddies	6392
upsilon	6392
sizable	6392
coenzyme	6392
filmy	6392
timid	6392
afterlife	6392
cml	6392
tampering	6392
counterpoint	6392
weavers	6392
magically	6392
pied	6392
thyself	6392
wristband	6392
chiller	6392
rooting	6392
pretended	6392
nigh	6392
therewith	6392
interment	6392
ales	6392
worthing	6392
partitioned	6392
sump	6392
breadcrumb	6392
sucrose	6392
populous	6392
renewables	6392
modesty	6392
mbas	6392
cortisol	6392
banshee	6392
supersedes	6392
veils	6392
bullseye	6392
cajon	6392
zest	6392
downloader	6392
sumptuous	6392
chronically	6392
preschoolers	6392
vcl	6392
unenforceable	6392
rotc	6392
fisheye	6392
wayside	6392
spotless	6392
gerontology	6392
predation	6392
exacerbated	6392
infestation	6392
linearity	6392
aerials	6392
summits	6392
stylist	6391
porosity	6391
sprayer	6391
tirol	6391
gliders	6391
corby	6391
barbed	6391
prognostic	6391
unregulated	6391
legions	6391
bbl	6391
sunflowers	6391
lobos	6391
ecstatic	6391
reportable	6391
carotene	6391
blasphemy	6391
wisp	6391
filesystems	6391
enrollees	6391
countenance	6391
skinning	6391
compaction	6391
juicers	6391
methionine	6391
sift	6391
holyoke	6391
ooze	6391
delimiter	6391
forsaken	6391
richfield	6391
recounts	6391
hangout	6391
striptease	6391
burgeoning	6391
adventurers	6391
unicast	6391
amnesia	6391
bigotry	6391
leaky	6391
contradicts	6391
cherie	6391
menswear	6391
pagans	6391
wrenches	6391
actuate	6391
dinars	6391
capote	6391
cvd	6391
molar	6391
databank	6391
fume	6391
sunglass	6391
afloat	6391
bruised	6391
flattering	6391
followings	6391
shipley	6391
brigades	6391
engrossed	6391
accretion	6391
dashes	6391
impeach	6391
atrophy	6391
bullpen	6391
mamas	6391
brag	6391
dysplasia	6391
earls	6390
utopian	6390
confers	6390
totality	6390
circumvent	6390
dil	6390
hyped	6390
epidermal	6390
boulders	6390
autopilot	6390
decrypt	6390
batik	6390
negotiator	6390
fermanagh	6390
muff	6390
interoperable	6390
snag	6390
fringes	6390
excavated	6390
plex	6390
smoothed	6390
replaceable	6390
forint	6390
nudism	6390
formulary	6390
affirms	6390
hounslow	6390
gulch	6390
striping	6390
excavating	6390
recoveries	6390
mainstreaming	6390
irrevocable	6390
hola	6390
hoody	6390
dci	6390
moaned	6390
axles	6390
geri	6390
graciously	6390
seasonings	6390
clamping	6390
whiplash	6390
radiated	6390
takeoff	6390
wiggle	6390
henna	6390
cartesian	6390
bribe	6390
propel	6390
yank	6390
outspoken	6390
shag	6390
asymmetrical	6390
trolleys	6390
interlocking	6390
verily	6390
doped	6390
headband	6390
ardent	6390
outperform	6390
harmonization	6390
forcibly	6390
differentiating	6390
hitters	6390
wickets	6390
restarting	6390
presided	6390
shimmer	6390
stevenage	6389
tremor	6389
moorhead	6389
restructured	6389
aerodynamic	6389
hopewell	6389
evaluative	6389
loaned	6389
violins	6389
extravagant	6389
astute	6389
subtracting	6389
kuna	6389
logbook	6389
xor	6389
louth	6389
pict	6389
inflict	6389
rotates	6389
invalidate	6389
ridiculously	6389
leanne	6389
legible	6389
towed	6389
rescues	6389
disregarded	6389
salted	6389
causality	6389
tiling	6389
ethnographic	6389
attractiveness	6389
waffles	6389
doubly	6389
calamity	6389
fandango	6389
powermac	6389
catalysis	6389
brewed	6389
aristocrats	6389
annexes	6389
lisle	6389
sprawling	6389
vulture	6389
mislead	6389
wrongdoing	6389
ventral	6389
retard	6389
platters	6389
canto	6389
commandos	6389
germanic	6389
abcd	6389
harassed	6389
repeatable	6389
discriminated	6389
weekender	6389
welders	6389
sponges	6389
semifinals	6389
cavendish	6389
quantization	6389
surfacing	6389
receptacles	6389
vegetarians	6389
revered	6389
polyclonal	6389
transponder	6389
harassing	6389
dislocation	6389
shingle	6389
timbers	6388
undergoes	6388
iguana	6388
glaring	6388
choker	6388
tilting	6388
ecologically	6388
scoreboards	6388
conquering	6388
spaceship	6388
harass	6388
meditate	6388
tunica	6388
hues	6388
aorta	6388
unconfirmed	6388
denominated	6388
degenerative	6388
delve	6388
ostensibly	6388
beloit	6388
nir	6388
crimp	6388
lumps	6388
facie	6388
cretaceous	6388
mousepad	6388
fished	6388
oregano	6388
drizzle	6388
boaters	6388
bracing	6388
handlebars	6388
blackmail	6388
interconnects	6388
playtime	6388
enrollments	6388
criticality	6388
geoscience	6388
golive	6388
meh	6388
remorse	6388
clout	6388
spacers	6388
jours	6388
deferral	6388
wag	6388
feces	6388
fella	6388
mountaineer	6388
pondering	6388
activewear	6388
transcriptions	6388
metered	6388
cami	6388
quintessential	6388
gardena	6388
stockpile	6388
psychics	6388
hetero	6388
meteorite	6388
purposely	6388
worshipped	6388
extruded	6388
unholy	6388
lakh	6388
phage	6388
spectacles	6388
dulce	6388
muttered	6387
lags	6387
hajj	6387
longstanding	6387
knitwear	6387
spat	6387
apocalyptic	6387
fatties	6387
henceforth	6387
fillings	6387
argo	6387
inflows	6387
estuarine	6387
strapping	6387
socialization	6387
expedient	6387
unconditionally	6387
caving	6387
ices	6387
secreted	6387
alkyl	6387
artichoke	6387
leasehold	6387
ubiquitin	6387
livery	6387
recapture	6387
chevalier	6387
hairdressing	6387
incompatibility	6387
anchoring	6387
navigable	6387
biomechanics	6387
microcomputer	6387
personas	6387
milieu	6387
discipleship	6387
hella	6387
magnifier	6387
injure	6387
knuckles	6387
esters	6387
intermission	6387
ablation	6387
nutcracker	6387
amazement	6387
medusa	6387
pagoda	6387
manifests	6387
dosages	6387
primed	6387
keg	6387
recited	6387
multiplexing	6387
indentation	6387
hazmat	6387
reformers	6387
ensued	6387
ahem	6387
justly	6387
throats	6387
retardant	6387
barrage	6387
overheads	6387
pis	6387
pari	6387
buoyancy	6387
curled	6387
peeping	6387
dermal	6387
aftershave	6387
paces	6386
heaviest	6386
earners	6386
tenderloin	6386
hamburgers	6386
walnuts	6386
broadened	6386
lashes	6386
esplanade	6386
francophone	6386
xoxo	6386
prairies	6386
coord	6386
conical	6386
mocking	6386
tricked	6386
etymology	6386
raccoon	6386
shrinkage	6386
cheaply	6386
allege	6386
draped	6386
hamsters	6386
thrashers	6386
subtly	6386
manslaughter	6386
calibrate	6386
consort	6386
shad	6386
cleburne	6386
niacin	6386
oxycontin	6386
bibliographical	6386
fleeting	6386
glyph	6386
marinated	6386
genotypes	6386
evacuees	6386
urbanization	6386
unwired	6386
skyscraper	6386
plumb	6386
needlework	6386
tooled	6386
submersible	6386
condensate	6386
matchup	6386
caballero	6386
undefeated	6386
annoyances	6386
kino	6386
bacchus	6386
chuckle	6386
photographing	6386
unfolded	6386
trackers	6386
unify	6386
dissident	6386
iframe	6386
briar	6386
xterm	6386
wavy	6386
swapped	6386
stent	6386
vermillion	6386
moulds	6386
angiography	6386
brockton	6386
hindered	6386
livonia	6386
bloated	6385
pranks	6385
plasticity	6385
mantel	6385
crux	6385
armband	6385
leamington	6385
disordered	6385
belated	6385
stemmed	6385
appleby	6385
grayscale	6385
lek	6385
cartoonist	6385
flotation	6385
winder	6385
paralyzed	6385
deterrence	6385
junta	6385
shrunk	6385
crammed	6385
aardvark	6385
cosmological	6385
dothan	6385
isotopic	6385
hatchet	6385
unsuspecting	6385
understated	6385
obit	6385
amphetamine	6385
grout	6385
dismissing	6385
reba	6385
cetera	6385
windfall	6385
filaments	6385
pastels	6385
companionship	6385
stallions	6385
creeper	6385
paramedics	6385
epidemics	6385
illegitimate	6385
curie	6385
bootable	6385
slag	6385
skit	6385
undisturbed	6385
decimals	6385
transcendental	6385
countertops	6385
farmed	6385
hocking	6385
prerelease	6385
femoral	6385
visceral	6385
fructose	6385
complicate	6385
zooming	6385
indistinguishable	6385
extinguisher	6385
subpoenas	6385
donny	6385
fledgling	6385
traversal	6385
skillful	6385
kcal	6385
midfield	6385
hypersensitivity	6385
redshift	6385
compensating	6384
prosthesis	6384
overrated	6384
reasonableness	6384
nuances	6384
knuckle	6384
kelp	6384
taker	6384
placeholder	6384
bastion	6384
massages	6384
scraping	6384
tupelo	6384
gypsies	6384
concurring	6384
batt	6384
dbms	6384
videotapes	6384
assemblage	6384
backseat	6384
manipulations	6384
watery	6384
aylesbury	6384
submenu	6384
coiled	6384
sipping	6384
chondroitin	6384
sandpiper	6384
vamp	6384
cheerfully	6384
overarching	6384
selectors	6384
internationals	6384
estuaries	6384
paleontology	6384
sledge	6384
stepper	6384
gilded	6384
reykjavik	6384
murdering	6384
waterskiing	6384
dijon	6384
unbroken	6384
superheroes	6384
sages	6384
tropic	6384
marg	6384
leftovers	6384
condemning	6384
urethane	6384
entourage	6384
sprinklers	6384
travers	6384
familia	6384
iota	6384
realist	6384
midsole	6384
geochemistry	6384
reflectivity	6384
suppressing	6384
scorn	6384
crusades	6384
whirl	6384
apprenticeships	6384
pervert	6384
asymptomatic	6384
retails	6384
humiliating	6384
circled	6384
withers	6384
sprout	6383
elicited	6383
swirling	6383
minot	6383
campos	6383
evidentiary	6383
clinging	6383
bunches	6383
bagged	6383
synthesize	6383
negotiators	6383
deviate	6383
laparoscopic	6383
overridden	6383
blackened	6383
hinds	6383
whereupon	6383
racially	6383
stinky	6383
expertly	6383
hostilities	6383
atelier	6383
colloidal	6383
guarantor	6383
imperialist	6383
veneers	6383
reaffirmed	6383
tibia	6383
penned	6383
kiddie	6383
conte	6383
sundries	6383
cheered	6383
linebacker	6383
beanies	6383
irreducible	6383
ridgeway	6383
bled	6383
verifier	6383
throbbing	6383
sleepers	6383
eurasian	6383
solace	6383
pesky	6383
underwire	6383
havre	6383
moles	6383
salvia	6383
unloaded	6383
projectile	6383
transplanted	6383
bandages	6383
duma	6383
handcuffs	6383
scripted	6383
beacons	6383
mutagenesis	6383
stucco	6383
posada	6383
vocalists	6383
intrinsically	6383
geiger	6383
obits	6383
impervious	6383
spoofing	6383
reauthorization	6383
poolside	6383
shams	6383
shawls	6383
xiamen	6383
flourishing	6383
precedes	6382
pita	6382
bruises	6382
skeptics	6382
instructs	6382
palatine	6382
motorist	6382
peritoneal	6382
freebie	6382
tunbridge	6382
carnation	6382
publicize	6382
kangaroos	6382
bulimia	6382
intros	6382
ladybug	6382
slum	6382
ruffle	6382
algorithmic	6382
rectifier	6382
banknotes	6382
bassoon	6382
knack	6382
rivet	6382
scrapbooks	6382
hydropower	6382
clearances	6382
denominational	6382
grunt	6382
talmud	6382
spreader	6382
grammars	6382
otolaryngology	6382
overalls	6382
snowmobiles	6382
doubted	6382
ravaged	6382
whistling	6382
upholding	6382
ailing	6382
obeyed	6382
eases	6382
tattooed	6382
ghostly	6382
hippocampus	6382
repeaters	6382
mutiny	6382
delusions	6382
foresee	6382
rations	6382
bitterly	6382
reimbursements	6382
encodings	6382
windmills	6382
perpetrator	6382
actionable	6382
cornea	6382
overfull	6382
cleverly	6382
minibar	6382
kitchenette	6382
misunderstandings	6382
hth	6382
repairers	6382
counsellors	6382
numerology	6382
brac	6382
barware	6382
normalize	6382
sisterhood	6382
lightening	6381
buffs	6381
tamoxifen	6381
overturn	6381
phenotypes	6381
doit	6381
kinross	6381
thoughtfully	6381
mortem	6381
triplet	6381
geosciences	6381
rencontre	6381
sonics	6381
risking	6381
lotta	6381
proprietors	6381
archaeologists	6381
ingress	6381
tentacle	6381
barbers	6381
prednisone	6381
salespeople	6381
motility	6381
retires	6381
dengue	6381
commotion	6381
incineration	6381
shanks	6381
bissell	6381
organza	6381
deduce	6381
unbreakable	6381
supersized	6381
depictions	6381
bolted	6381
materialism	6381
eternally	6381
senseless	6381
rabid	6381
aww	6381
reassure	6381
recollections	6381
probed	6381
separators	6381
resetting	6381
funnies	6381
cumin	6381
pox	6381
keystrokes	6381
hamlets	6381
setters	6381
inertial	6381
unwritten	6381
pec	6381
payee	6381
cinematographer	6381
preorder	6381
ventilator	6381
jammed	6381
micrograms	6381
moveable	6381
housekeeper	6381
pediatrician	6381
cymbal	6381
convective	6381
agrarian	6381
nosed	6381
shogun	6381
rescheduled	6381
sidestep	6381
preemption	6381
microbiological	6380
corticosteroids	6380
lovable	6380
pseudoephedrine	6380
stockholder	6380
quanta	6380
synapse	6380
cwd	6380
airplay	6380
sawmill	6380
uppers	6380
sib	6380
pitman	6380
consented	6380
leathers	6380
styx	6380
embossing	6380
redirects	6380
congested	6380
banished	6380
fuzz	6380
meticulous	6380
terraced	6380
multiplexer	6380
buttermilk	6380
laces	6380
dendritic	6380
minima	6380
toil	6380
naproxen	6380
operands	6380
hugged	6380
conceptually	6380
flurry	6380
warmest	6380
hardwoods	6380
capping	6380
humanism	6380
hipster	6380
horrified	6380
annualized	6380
basildon	6380
testis	6380
cada	6380
unusable	6380
tigger	6380
perturbations	6380
approximated	6380
adversaries	6380
consulates	6380
versioning	6380
aunts	6380
vapors	6380
breakdowns	6380
skylight	6380
periodontal	6380
uncredited	6380
rupiah	6380
bullish	6380
hippy	6380
northerner	6380
mackintosh	6380
fabricators	6380
mutated	6380
moonstone	6380
scilly	6380
monarchs	6380
strep	6380
unsolved	6380
strenuous	6380
roost	6380
unreasonably	6379
synergies	6379
shuffling	6379
fundamentalists	6379
ludicrous	6379
amyloid	6379
understandably	6379
icarus	6379
tenets	6379
dialed	6379
garb	6379
steadfast	6379
intermodal	6379
reckoned	6379
promissory	6379
overflows	6379
mitts	6379
nappy	6379
fuchsia	6379
chowhound	6379
muscat	6379
queried	6379
ffff	6379
handover	6379
squarely	6379
softness	6379
crayon	6379
hialeah	6379
rotting	6379
salamander	6379
driveways	6379
ummm	6379
exhilarating	6379
cavan	6379
excepted	6379
skippy	6379
marginalized	6379
maritimes	6379
marque	6379
texaco	6379
bookmakers	6379
ditches	6379
millionaires	6379
evade	6379
coverages	6379
bap	6379
specialities	6379
pars	6379
systematics	6379
renderer	6379
rework	6379
rosh	6379
scourge	6379
twig	6379
cleansers	6379
lapis	6379
bandage	6379
detach	6379
footbed	6379
virginity	6379
apogee	6379
allergens	6379
doctrinal	6379
worsen	6379
mlc	6379
tankers	6379
adaptability	6379
cramped	6379
whopping	6379
wept	6379
racking	6379
corrects	6378
shunt	6378
scrollbar	6378
vanishes	6378
synch	6378
patten	6378
obedient	6378
allis	6378
estimators	6378
sects	6378
functionalities	6378
evidences	6378
modo	6378
fetishes	6378
outrigger	6378
enclave	6378
anxiously	6378
fibrillation	6378
ascribed	6378
licorice	6378
strikers	6378
statically	6378
goldmine	6378
developmentally	6378
optimist	6378
ingles	6378
senders	6378
gratification	6378
seashore	6378
automaton	6378
unskilled	6378
steamy	6378
marinade	6378
brigadier	6378
extinguishers	6378
stratosphere	6378
updater	6378
consonant	6378
acetic	6378
nicaraguan	6378
unarmed	6378
dyeing	6378
intolerable	6378
republished	6378
tawny	6378
sconces	6378
insulator	6378
endometrial	6378
absinthe	6378
hegemony	6378
focussing	6378
tryptophan	6378
hygienic	6378
checkin	6378
extensibility	6378
sufferings	6378
thang	6378
propagating	6378
sacraments	6378
layman	6378
consortia	6378
bungee	6378
vellum	6378
alternates	6378
emperors	6378
configures	6378
multilevel	6378
ferro	6378
stalks	6378
stanza	6378
mucus	6378
suspenders	6378
morons	6377
dismantle	6377
terminations	6377
novices	6377
grasped	6377
pharos	6377
bequest	6377
beggars	6377
reimplemented	6377
eavesdropping	6377
redeemer	6377
orgs	6377
numerator	6377
florin	6377
resurgence	6377
chaise	6377
paternal	6377
metastases	6377
rained	6377
timings	6377
carburetor	6377
merges	6377
indigent	6377
trellis	6377
jeopardize	6377
bds	6377
screenwriting	6377
hydrolase	6377
koa	6377
mobilized	6377
mythic	6377
crystallization	6377
someplace	6377
marries	6377
echoing	6377
antibacterial	6377
extremism	6377
edgy	6377
fluctuate	6377
tasked	6377
flips	6377
recitation	6377
macrophage	6377
aptly	6377
alleviation	6377
liege	6377
remittances	6377
palmas	6377
useable	6377
romances	6377
nieces	6377
characterizes	6377
councilor	6377
jellyfish	6377
reissued	6377
papyrus	6377
wiggles	6377
synths	6377
fop	6377
rubbermaid	6377
candlestick	6377
ayer	6377
incumbents	6377
vern	6377
writable	6377
reflectance	6377
circling	6377
sheik	6377
pints	6377
uint	6377
coliform	6377
realignment	6376
girdle	6376
siamese	6376
undermines	6376
veiled	6376
defibrillators	6376
blotting	6376
certs	6376
intimates	6376
supercomputer	6376
eruptions	6376
javelin	6376
bouncer	6376
phenol	6376
jigs	6376
lifetimes	6376
grundy	6376
stares	6376
eastward	6376
histamine	6376
byline	6376
bedlam	6376
yon	6376
entree	6376
synergistic	6376
desist	6376
grasshopper	6376
rheumatic	6376
maplewood	6376
autobiographical	6376
piety	6376
embody	6376
petites	6376
gris	6376
crawled	6376
handball	6376
stylized	6376
folate	6376
manitou	6376
soiled	6376
goofs	6376
froze	6376
ripon	6376
superfluous	6376
plexus	6376
systolic	6376
unreachable	6376
tian	6376
disarm	6376
sot	6376
tacit	6376
modernist	6376
waring	6376
chansons	6376
parenthesis	6376
reorganized	6376
daybreak	6376
rallied	6376
quakers	6376
pentecost	6376
weathering	6376
totalitarian	6376
putters	6376
waypoint	6376
interrelated	6376
beulah	6376
delray	6376
southbound	6376
unveiling	6376
burg	6376
astray	6376
blisters	6376
patios	6375
infirmary	6375
firebox	6375
synopses	6375
hinted	6375
sanctity	6375
tuples	6375
gad	6375
modus	6375
pedantic	6375
sonatas	6375
barbecues	6375
grandes	6375
bullies	6375
notoriously	6375
deadwood	6375
commonsense	6375
caustic	6375
rook	6375
emporia	6375
gleaming	6375
dominoes	6375
violators	6375
phrasebook	6375
reconfiguration	6375
tua	6375
parochial	6375
sledding	6375
lakefront	6375
excision	6375
traceability	6375
lemony	6375
recursively	6375
auctioned	6375
basset	6375
limiter	6375
precedents	6375
dah	6375
exiled	6375
blueberries	6375
pall	6375
mustered	6375
pretext	6375
notting	6375
comprehensively	6375
whisk	6375
flared	6375
deference	6375
limelight	6375
artful	6375
cdx	6375
eld	6375
hoosiers	6375
criss	6375
audacity	6375
margate	6375
unmet	6375
competes	6375
judson	6375
compositional	6375
trig	6375
catawba	6375
mbytes	6375
downwards	6375
ordinal	6375
moat	6375
inasmuch	6375
plotters	6375
caress	6375
hails	6375
gila	6375
swam	6375
magnitudes	6374
downed	6374
mauve	6374
hazy	6374
twitch	6374
polluting	6374
glorified	6374
combed	6374
reclaiming	6374
pedicure	6374
duplexes	6374
backplane	6374
transceivers	6374
disrupting	6374
biodegradable	6374
spore	6374
baptists	6374
unrealized	6374
paraphrase	6374
flounder	6374
crept	6374
fibrous	6374
swamps	6374
epilogue	6374
hoof	6374
epistle	6374
acetone	6374
alanine	6374
exiles	6374
clapping	6374
finesse	6374
blitzkrieg	6374
nickels	6374
infrequently	6374
favoring	6374
converging	6374
choctaw	6374
issaquah	6374
interactively	6374
fredrik	6374
mufflers	6374
quarks	6374
inquisition	6374
refactoring	6374
reputed	6374
walkways	6374
seduce	6374
bearers	6374
kimono	6374
guesses	6374
oxidized	6374
sharif	6374
bloodstream	6374
underpinning	6374
resistivity	6374
impossibility	6374
conformal	6374
racquets	6374
courant	6374
sherri	6374
invasions	6374
eminence	6374
canna	6374
potters	6374
detergents	6374
cheri	6374
liberate	6374
bombardier	6374
cytotoxic	6374
frag	6374
colophon	6374
hanged	6374
flatter	6374
acquitted	6373
unforgiven	6373
thesauri	6373
dimmer	6373
sola	6373
cauldron	6373
dredge	6373
tingling	6373
preferring	6373
allocates	6373
cordial	6373
reassurance	6373
punks	6373
superintendents	6373
unannotated	6373
endian	6373
nervousness	6373
delineated	6373
imaginations	6373
patchy	6373
haters	6373
mutex	6373
quarrel	6373
bess	6373
millennia	6373
pathophysiology	6373
frith	6373
aryan	6373
tendering	6373
transitive	6373
remixed	6373
furthering	6373
connoisseur	6373
idealism	6373
hypoxia	6373
penile	6373
separable	6373
positron	6373
metallurgical	6373
ordinating	6373
caregiving	6373
molybdenum	6373
liqueur	6373
spokes	6373
pastime	6373
pursues	6373
hexagonal	6373
throated	6373
contravention	6373
bugle	6373
healers	6373
disperse	6373
biosafety	6373
binomial	6373
incoherent	6373
fours	6373
mullet	6373
canfield	6373
hardball	6373
orem	6373
renovate	6373
devout	6373
metformin	6373
actuary	6373
unfurnished	6373
blinding	6373
latches	6373
ardmore	6373
cosmetology	6373
emitter	6373
yom	6373
ralston	6373
inaction	6372
formatter	6372
rhinestones	6372
shootings	6372
splitters	6372
pizzas	6372
northward	6372
trotter	6372
subversive	6372
winders	6372
impediments	6372
walkie	6372
uucp	6372
breathless	6372
intertwined	6372
postmarked	6372
steen	6372
devolution	6372
corkscrew	6372
reunification	6372
moderating	6372
trop	6372
gadsden	6372
affections	6372
inherits	6372
mortals	6372
purgatory	6372
vise	6372
comer	6372
unsaturated	6372
tillage	6372
nonexistent	6372
discloses	6372
liquidated	6372
decoders	6372
validates	6372
easterly	6372
lagged	6372
biophysical	6372
lasagna	6372
landers	6372
tapas	6372
hawker	6372
calla	6372
curriculums	6372
supermodel	6372
vertebrates	6372
rezoning	6372
toughness	6372
disrespect	6372
exclusivity	6372
motivates	6372
debuted	6372
lifeguard	6372
lagging	6372
uncovering	6372
kei	6372
indeterminate	6372
kilmarnock	6372
refreshment	6372
momentarily	6372
festa	6372
lute	6372
hendersonville	6372
rosette	6372
sequels	6372
licensor	6372
changeable	6372
tragically	6372
headteacher	6372
coexistence	6372
leona	6372
brownfield	6372
clapham	6371
supervises	6371
trumps	6371
redistricting	6371
justifiable	6371
pram	6371
twofold	6371
anesthetic	6371
paperless	6371
anisotropy	6371
unearned	6371
thwart	6371
potted	6371
chanson	6371
redox	6371
cladding	6371
hotlist	6371
incurring	6371
retransmission	6371
luau	6371
gracias	6371
overlaps	6371
meticulously	6371
convalescent	6371
sitka	6371
mackerel	6371
goings	6371
brim	6371
clinch	6371
provident	6371
leprosy	6371
chum	6371
cometh	6371
interceptions	6371
fitter	6371
appt	6371
nonviolent	6371
glut	6371
fasten	6371
evangelicals	6371
goddamn	6371
locksmith	6371
interrupting	6371
epping	6371
bimbo	6371
daggers	6371
pleases	6371
jamboree	6371
multicolor	6371
moors	6371
geranium	6371
kendal	6371
tritium	6371
revolve	6371
choc	6371
leaching	6371
isomorphism	6371
lsat	6371
waged	6371
invariants	6371
waxed	6371
concourse	6371
confine	6371
jaded	6371
mingle	6371
yardage	6371
enviro	6371
bodybuilders	6371
ranchers	6371
bremerton	6371
purify	6371
radii	6371
desolate	6371
withdraws	6370
choked	6370
expander	6370
whereof	6370
electrolysis	6370
signatories	6370
gruesome	6370
wetsuit	6370
peroxidase	6370
pleadings	6370
folkestone	6370
defying	6370
sacs	6370
perished	6370
tentacles	6370
britons	6370
outcast	6370
neurologic	6370
faraday	6370
cmv	6370
oblong	6370
macabre	6370
ophelia	6370
wearer	6370
excerpted	6370
spotter	6370
hmos	6370
recycler	6370
propriety	6370
declarative	6370
semaphore	6370
attainable	6370
hearsay	6370
tristate	6370
standardize	6370
recyclable	6370
knickers	6370
roomy	6370
overloading	6370
angioplasty	6370
fanboy	6370
obscurity	6370
colonists	6370
matting	6370
overflowing	6370
capers	6370
androgen	6370
entice	6370
kilogram	6370
pacemaker	6370
evaluators	6370
tarball	6370
nears	6370
lasso	6370
soot	6370
yonder	6370
virulence	6370
standout	6370
lll	6370
heretic	6370
comparability	6370
industrialization	6370
cabana	6370
draught	6370
comical	6370
generalizations	6370
waiters	6370
gasped	6370
skokie	6370
catwalk	6370
geologists	6370
caverns	6370
homesite	6370
boarder	6369
blurry	6369
minibus	6369
bumping	6369
unfunded	6369
greets	6369
ova	6369
disbursed	6369
waxes	6369
ballooning	6369
amplify	6369
shitting	6369
whiz	6369
bevel	6369
straining	6369
congressmen	6369
strapless	6369
seduced	6369
qualitatively	6369
whitefish	6369
flourished	6369
ejection	6369
cosplay	6369
dodgy	6369
parasitology	6369
thymus	6369
handlebar	6369
lesbianism	6369
angrily	6369
locators	6369
croquet	6369
vacate	6369
phytoplankton	6369
wireline	6369
neath	6369
soundness	6369
casseroles	6369
generational	6369
marquise	6369
burrito	6369
coriander	6369
bonjour	6369
xxiii	6369
protracted	6369
streamflow	6369
affaires	6369
manipulative	6369
hypnotize	6369
eyelid	6369
liaisons	6369
backers	6369
evocative	6369
undeniable	6369
taming	6369
centerfold	6369
precluded	6369
warlord	6369
repressed	6369
perforce	6369
snider	6369
barons	6369
sensitivities	6369
offshoring	6369
boundless	6369
hopelessly	6369
amphibian	6369
grandchild	6369
substation	6369
optically	6369
sucre	6369
ceasefire	6369
nanoparticles	6369
affine	6369
valuables	6368
woot	6368
obo	6368
indignation	6368
sprinkled	6368
menstruation	6368
stuffs	6368
hijacking	6368
blurbs	6368
antichrist	6368
emptying	6368
downsizing	6368
subcutaneous	6368
creatinine	6368
factorization	6368
reiterate	6368
reliever	6368
ender	6368
indenture	6368
trailblazer	6368
coney	6368
shocker	6368
barnstable	6368
monopolies	6368
sowing	6368
ioctl	6368
refrigerant	6368
frills	6368
wad	6368
shearing	6368
datacenter	6368
presidio	6368
ruining	6368
transfection	6368
pinion	6368
yew	6368
roux	6368
windward	6368
hermosa	6368
haunts	6368
rectangles	6368
caseload	6368
brawl	6368
delirium	6368
wget	6368
collaborator	6368
unfounded	6368
heroism	6368
reflectors	6368
endorsing	6368
barrister	6368
replicator	6368
neglecting	6368
assertive	6368
aldershot	6368
weirdness	6368
oblast	6368
saxony	6368
glycogen	6368
vane	6368
detainee	6368
alienated	6368
hoosier	6368
tum	6368
balearic	6368
synagogues	6368
toluene	6368
tubal	6368
longford	6368
photocopies	6368
photonic	6368
hijackers	6368
entangled	6368
mane	6367
liberating	6367
ultrasonography	6367
embarking	6367
possum	6367
tonneau	6367
cynicism	6367
rosacea	6367
transgendered	6367
bayonet	6367
considerate	6367
toxicological	6367
extraneous	6367
janitor	6367
environs	6367
ristorante	6367
dvc	6367
platypus	6367
breakbeat	6367
thereunder	6367
kink	6367
winton	6367
holla	6367
reverses	6367
multilayer	6367
strcpy	6367
reunite	6367
mohair	6367
chore	6367
steers	6367
crockery	6367
juries	6367
preemptive	6367
legacies	6367
subcontracting	6367
counterterrorism	6367
communicators	6367
embodiments	6367
theologians	6367
pertussis	6367
concentrator	6367
astrophysical	6367
pairwise	6367
enticing	6367
embankment	6367
quadruple	6367
crazed	6367
xxii	6367
filmstrip	6367
shortcake	6367
equipping	6367
fondly	6367
whither	6367
counteract	6367
sighs	6367
tetracycline	6367
discouraging	6367
paramilitary	6367
flipper	6367
eyeball	6367
outfitter	6367
flasks	6367
immunological	6367
phenyl	6367
telefax	6367
preservative	6367
famously	6367
hattiesburg	6367
telematics	6367
tribulation	6367
bossier	6367
franchisees	6367
bridesmaids	6367
rhea	6367
raided	6366
controllable	6366
surfactant	6366
telecommuting	6366
culvert	6366
prescriptive	6366
salaried	6366
spanner	6366
firehouse	6366
intolerant	6366
rarities	6366
puri	6366
factsheets	6366
battled	6366
karts	6366
orthodontic	6366
visors	6366
obstructions	6366
lithography	6366
bonobo	6366
proofreading	6366
discredit	6366
evokes	6366
grotesque	6366
artistes	6366
dehydrated	6366
initializing	6366
waveguide	6366
permaculture	6366
spoils	6366
suburbia	6366
kamal	6366
optimally	6366
monasteries	6366
crucible	6366
generalize	6366
hasta	6366
polymorphisms	6366
sexist	6366
mdm	6366
embryology	6366
styrene	6366
pronouns	6366
alumnae	6366
inducible	6366
misconception	6366
rudimentary	6366
riesling	6366
triage	6366
sown	6366
protege	6366
beak	6366
settler	6366
silencer	6366
rabble	6366
rung	6366
foreclosed	6366
allergen	6366
piped	6366
orpheus	6366
insurgent	6366
crystallography	6366
frosting	6366
rightfully	6366
gallbladder	6366
nightwear	6366
sconce	6366
medici	6366
marshals	6366
vgc	6366
drivetrain	6366
ovaries	6366
daddies	6366
crumbling	6366
impressionist	6365
relegated	6365
allotments	6365
stagnant	6365
follies	6365
fairways	6365
watercolors	6365
dells	6365
lactic	6365
cleanly	6365
unclean	6365
seizing	6365
molasses	6365
katana	6365
tablecloth	6365
boson	6365
milled	6365
purifying	6365
delineation	6365
schooner	6365
analgesic	6365
dignified	6365
numbness	6365
geez	6365
crocheted	6365
machinist	6365
anima	6365
acetylcholine	6365
apologized	6365
meshes	6365
firsts	6365
ferrets	6365
grotto	6365
twas	6365
agonists	6365
loam	6365
photometric	6365
carnations	6365
buzzer	6365
rivets	6365
hatching	6365
leveled	6365
graces	6365
trams	6365
vickie	6365
tinnitus	6365
adheres	6365
collusion	6365
libertarians	6365
rawhide	6365
downers	6365
kevlar	6365
sequestration	6365
inositol	6365
praia	6365
follicle	6365
knotted	6365
agitated	6365
inspectorate	6365
sorter	6365
ultralight	6365
misused	6365
saudis	6365
octal	6365
relieves	6365
debilitating	6365
linguist	6365
keypress	6365
rigorously	6365
erroneously	6365
centrifuge	6365
especial	6365
betray	6365
curators	6365
multipoint	6364
marla	6364
suspending	6364
mormons	6364
caffe	6364
davids	6364
projective	6364
fandom	6364
debacle	6364
argh	6364
tts	6364
plantings	6364
landmines	6364
proclaiming	6364
purposeful	6364
undress	6364
arbitrators	6364
procrastination	6364
gauze	6364
precepts	6364
bronchial	6364
constellations	6364
gazed	6364
nanoscale	6364
skips	6364
brownfields	6364
forceful	6364
unilaterally	6364
hypoglycemia	6364
sodomy	6364
rut	6364
revaluation	6364
conditionally	6364
tenured	6364
debentures	6364
acyl	6364
lmc	6364
subterranean	6364
rumored	6364
lmi	6364
amuse	6364
villager	6364
fixer	6364
sealy	6364
condensing	6364
emanating	6364
evesham	6364
assassinated	6364
untimely	6364
baguette	6364
haves	6364
erections	6364
associating	6364
romp	6364
overpriced	6364
grantor	6364
sux	6364
orbiting	6364
idiom	6364
tangle	6364
legitimately	6364
resubmit	6364
congratulated	6364
couriers	6364
rah	6364
saggy	6364
unwelcome	6364
subtypes	6364
concurred	6364
merch	6364
uplinked	6364
upsets	6364
northbound	6364
cardigans	6364
ket	6363
rasa	6363
confederacy	6363
taglines	6363
usernames	6363
matinee	6363
snatched	6363
plunder	6363
midweek	6363
impromptu	6363
rialto	6363
durations	6363
bustle	6363
trawl	6363
shredding	6363
risers	6363
searchers	6363
taekwondo	6363
gamut	6363
czar	6363
unedited	6363
putney	6363
shattering	6363
inhaler	6363
refute	6363
granularity	6363
albatross	6363
formalized	6363
retraining	6363
nervosa	6363
certificated	6363
amphibious	6363
spicer	6363
mush	6363
shudder	6363
surfboard	6363
eyesight	6363
parson	6363
infidelity	6363
firemen	6363
handguns	6363
ideograph	6363
contrived	6363
papillon	6363
exhausts	6363
opposites	6363
dreamers	6363
citywide	6363
stingray	6363
franchisee	6363
puente	6363
foal	6363
slinky	6363
hesitated	6363
cubase	6363
weatherproof	6363
precarious	6363
pease	6363
testifying	6363
pthread	6363
postmenopausal	6363
topographical	6363
mixtape	6363
instructing	6363
dreary	6363
tuxedos	6363
fujian	6363
batters	6363
minivans	6363
duffle	6363
horrid	6363
scraper	6363
dryness	6363
wreckage	6363
decl	6363
paras	6362
gophers	6362
multifunctional	6362
noes	6362
transfected	6362
dockers	6362
captives	6362
screwdrivers	6362
despised	6362
guitarists	6362
conqueror	6362
innocents	6362
manta	6362
unprepared	6362
dost	6362
surfboards	6362
deteriorate	6362
treacherous	6362
filet	6362
roos	6362
infidel	6362
volley	6362
carnal	6362
larceny	6362
midpoint	6362
versed	6362
confronts	6362
polymorphic	6362
phenomenology	6362
substantiated	6362
phong	6362
lorry	6362
recaps	6362
parliaments	6362
mitigated	6362
resolver	6362
youngster	6362
enigmatic	6362
anthropologist	6362
opcode	6362
bridle	6362
revamp	6362
herbarium	6362
stretcher	6362
readonly	6362
unknowns	6362
coq	6362
chamomile	6362
mobilizing	6362
methylation	6362
effecting	6362
hallucinations	6362
unravel	6362
prostatic	6362
smugglers	6362
intimidate	6362
android	6362
primaries	6362
frenchman	6362
converges	6362
anisotropic	6362
tiller	6362
ambrosia	6362
springboard	6362
orifice	6362
rubella	6362
constitutive	6362
bragging	6362
hordes	6362
sapphic	6362
xem	6362
showcased	6362
beryl	6362
cooperatively	6362
forerunner	6362
grinning	6361
targa	6361
triplets	6361
billionaire	6361
leucine	6361
jobless	6361
slingshot	6361
cutout	6361
disgruntled	6361
slashed	6361
watchful	6361
crosslinks	6361
resurrected	6361
appalled	6361
skyscrapers	6361
silenced	6361
noob	6361
vanities	6361
evaporated	6361
democratization	6361
affliction	6361
zag	6361
biostatistics	6361
intestines	6361
cilantro	6361
terracotta	6361
dartford	6361
idyllic	6361
certiorari	6361
satchel	6361
contributory	6361
peruse	6361
giggles	6361
revel	6361
alleys	6361
crucifixion	6361
suture	6361
madly	6361
stiller	6361
experimented	6361
calipers	6361
penalized	6361
pyruvate	6361
loggers	6361
steeped	6361
whew	6361
orchestrated	6361
gripe	6361
summa	6361
eyelids	6361
conformational	6361
choreographer	6361
impressionism	6361
thereupon	6361
archers	6361
steamers	6361
bubbling	6361
forbids	6361
disdain	6361
exhausting	6361
absurdity	6361
magnified	6361
subdomain	6361
horsemen	6361
alabaster	6361
reigning	6361
abnormality	6361
varicose	6361
newtonian	6361
bribes	6361
kidnap	6361
coercive	6361
romanticism	6361
federations	6361
urination	6361
cautionary	6360
escalate	6360
spotters	6360
sider	6360
reinstate	6360
mitral	6360
dafa	6360
verdes	6360
unthinkable	6360
lowly	6360
antisocial	6360
gangsters	6360
daemons	6360
outburst	6360
foundational	6360
scant	6360
probs	6360
mattered	6360
raspberries	6360
sorely	6360
elven	6360
pail	6360
isotropic	6360
enlaces	6360
obtainable	6360
flier	6360
mastiff	6360
drummers	6360
carcinogenic	6360
micr	6360
reformer	6360
mercado	6360
solemnly	6360
supercharged	6360
liberally	6360
dahlia	6360
primavera	6360
timescale	6360
concentric	6360
loin	6360
overwritten	6360
edina	6360
unwarranted	6360
marmalade	6360
terminally	6360
kochi	6360
pirated	6360
applauded	6360
leavers	6360
ravine	6360
aquifers	6360
rescuers	6360
exponents	6360
revitalize	6360
brice	6360
procuring	6360
permeable	6360
pours	6360
napalm	6360
leer	6360
nave	6360
racetrack	6360
atenolol	6360
arranges	6360
riveting	6360
cbbc	6360
absorbers	6360
biweekly	6360
adoration	6360
hows	6360
derailed	6360
amity	6360
superiors	6360
decanter	6360
starve	6360
leek	6359
shortness	6359
fid	6359
monologues	6359
subroutines	6359
subspecies	6359
fronted	6359
lightest	6359
banquets	6359
picnics	6359
compulsion	6359
prerogative	6359
broiler	6359
lickers	6359
abscess	6359
paraphernalia	6359
heretofore	6359
skimpy	6359
memento	6359
reflexive	6359
tumbled	6359
masterful	6359
insoluble	6359
drool	6359
exchangers	6359
sepsis	6359
oscillators	6359
choline	6359
trikes	6359
removers	6359
harwich	6359
diffuser	6359
rouble	6359
postnatal	6359
repressive	6359
sweeter	6359
spilling	6359
tallied	6359
lorain	6359
saucers	6359
keying	6359
ballpoint	6359
lupin	6359
gondola	6359
elizabethan	6359
jeffersonville	6359
willfully	6359
orienteering	6359
spines	6359
puss	6359
podiatry	6359
truffle	6359
stupendous	6359
flutter	6359
acumen	6359
blockage	6359
hallo	6359
recv	6359
shiver	6359
shatter	6359
pickled	6359
cliche	6359
chlorinated	6359
hades	6359
hypothesized	6359
superimposed	6359
upbringing	6359
burdened	6359
zonal	6359
unsustainable	6359
ghostbusters	6359
interdependent	6359
civics	6359
literals	6359
unanticipated	6359
seminoles	6358
plist	6358
tabulated	6358
dandelion	6358
workloads	6358
chemo	6358
nuance	6358
pretrial	6358
rotator	6358
myosin	6358
classmate	6358
catechism	6358
carpool	6358
honky	6358
driftwood	6358
armpits	6358
joysticks	6358
visualized	6358
clitoral	6358
riverwalk	6358
anointed	6358
mythological	6358
convertibles	6358
interspersed	6358
horseman	6358
oscilloscope	6358
nervously	6358
intruders	6358
dictators	6358
levees	6358
chaparral	6358
decaying	6358
slacker	6358
muses	6358
bandana	6358
padlock	6358
oars	6358
classed	6358
informer	6358
pentecostal	6358
freer	6358
extrapolation	6358
fennel	6358
telemark	6358
dismantled	6358
overcame	6358
exertion	6358
smit	6358
solidly	6358
flywheel	6358
affidavits	6358
weaves	6358
chimera	6358
handkerchief	6358
futons	6358
interviewees	6358
foaming	6358
tailors	6358
barbarians	6358
maryville	6358
sheriffs	6358
quarkxpress	6358
tassel	6358
admiring	6358
nondiscrimination	6358
harmonized	6358
icici	6358
leans	6358
fixings	6358
kickboxing	6358
baffled	6358
deactivated	6358
wasteful	6358
oligonucleotide	6358
channeling	6358
stopwatch	6358
subscript	6357
refraction	6357
substandard	6357
penzance	6357
fillets	6357
phoned	6357
consults	6357
convener	6357
dailies	6357
foils	6357
retract	6357
cardinality	6357
inaudible	6357
nurtured	6357
frantically	6357
buoys	6357
insurances	6357
tinting	6357
bushings	6357
radionuclide	6357
typeface	6357
disintegration	6357
changeover	6357
termites	6357
theologian	6357
decryption	6357
aquitaine	6357
cxx	6357
individualism	6357
starboard	6357
precludes	6357
burdensome	6357
protestors	6357
signings	6357
renown	6357
murky	6357
truthfully	6357
tongs	6357
perpetuate	6357
cyborg	6357
yanks	6357
hematopoietic	6357
clot	6357
imprints	6357
cabal	6357
inflationary	6357
interwoven	6357
beggar	6357
cuddle	6357
pard	6357
workbooks	6357
fallback	6357
permutations	6357
extinguished	6357
downer	6357
abelian	6357
silhouettes	6357
transferee	6357
quantitatively	6357
abundantly	6357
declination	6357
sheepdog	6357
cameraman	6357
replicating	6357
excesses	6357
mucous	6357
poked	6357
slashes	6357
renovating	6357
dwarves	6357
cakewalk	6357
pyro	6357
stinks	6357
caricatures	6357
artiste	6357
glycemic	6356
slicer	6356
repose	6356
hasten	6356
tendered	6356
temperance	6356
operable	6356
resembled	6356
guerrillas	6356
helpfulness	6356
omitting	6356
earthy	6356
rabbis	6356
adored	6356
embellished	6356
feathered	6356
aggrieved	6356
investigational	6356
photojournalism	6356
aggravating	6356
centaur	6356
rapist	6356
insulted	6356
climatology	6356
prioritization	6356
pinhole	6356
bioengineering	6356
fugitives	6356
alveolar	6356
soya	6356
anecdote	6356
exorcist	6356
biofeedback	6356
partake	6356
pseudonym	6356
douche	6356
altitudes	6356
rsh	6356
resistive	6356
snooper	6356
strikingly	6356
firepower	6356
mangalore	6356
laois	6356
unmodified	6356
keystroke	6356
rancher	6356
grocers	6356
simulates	6356
flathead	6356
vesting	6356
misspelled	6356
headcount	6356
panache	6356
hallelujah	6356
joes	6356
morn	6356
cayuga	6356
nob	6356
bodyguard	6356
gnats	6356
gubernatorial	6356
solon	6356
bauhaus	6356
detract	6356
sparky	6356
portraying	6356
wirelessly	6356
sysop	6356
factored	6356
pitted	6356
enlarging	6356
wrecks	6356
ohh	6356
polymeric	6356
bombardment	6356
salivary	6355
dares	6355
async	6355
dnd	6355
circadian	6355
analgesics	6355
siesta	6355
satirical	6355
phenotypic	6355
pelagic	6355
agronomy	6355
cynic	6355
weightlifting	6355
amenable	6355
audiophile	6355
runways	6355
frowned	6355
motorcycling	6355
testbed	6355
pediatricians	6355
sass	6355
fingerprinting	6355
tasking	6355
rout	6355
emulated	6355
pus	6355
tweaked	6355
rubies	6355
checkered	6355
phonological	6355
hatched	6355
sketching	6355
aprs	6355
snappy	6355
hypocritical	6355
trample	6355
colonic	6355
courtship	6355
zircon	6355
cupboards	6355
ploy	6355
tolerable	6355
spellings	6355
magi	6355
alonzo	6355
attenuated	6355
wattage	6355
puke	6355
inefficiency	6355
expeditionary	6355
amortized	6355
humanistic	6355
travelogue	6355
triglycerides	6355
merci	6355
shotguns	6355
discounting	6355
booms	6355
thirties	6355
swipe	6355
demented	6355
upkeep	6355
truncation	6355
bausch	6355
musketeers	6355
harrods	6355
twickenham	6355
glee	6355
downgrade	6355
biliary	6355
dumpster	6355
universalist	6355
ywca	6355
resized	6355
japonica	6355
megabyte	6355
forgets	6355
grapple	6354
lowlands	6354
inseam	6354
stimulants	6354
csh	6354
pressurized	6354
faves	6354
massagers	6354
greenery	6354
proverbial	6354
timesheet	6354
anniston	6354
histological	6354
clays	6354
pcx	6354
honeycomb	6354
tranquillity	6354
numa	6354
denier	6354
etcetera	6354
reopening	6354
monastic	6354
uncles	6354
soared	6354
quantifying	6354
qigong	6354
householders	6354
fumbles	6354
jobseekers	6354
nitrite	6354
catchers	6354
mouser	6354
impediment	6354
pesto	6354
anarchists	6354
ilm	6354
ponderosa	6354
transitioning	6354
whoops	6354
perilous	6354
catamaran	6354
preoperative	6354
violets	6354
nether	6354
helios	6354
wheelbase	6354
monomer	6354
nomads	6354
refueling	6354
ilife	6354
biennium	6354
coho	6354
ramble	6354
quartile	6354
hexagon	6354
geodetic	6354
ambulances	6354
hams	6354
lubes	6354
consensual	6354
altimeter	6354
idiotic	6354
sharpener	6354
parti	6354
ascorbic	6354
bering	6354
dichotomy	6354
formosa	6354
covalent	6354
erg	6354
tarpon	6354
bough	6354
hoot	6354
herewith	6354
radix	6354
borealis	6354
workmen	6353
nerf	6353
grist	6353
policyholders	6353
racecourse	6353
extraterrestrial	6353
servicemen	6353
duster	6353
pronoun	6353
phylogeny	6353
signer	6353
plankton	6353
sloth	6353
steely	6353
pulleys	6353
sublets	6353
fates	6353
unthreaded	6353
stews	6353
cleanups	6353
fitchburg	6353
flowchart	6353
tacky	6353
nourishment	6353
supercomputing	6353
gravitation	6353
antiwar	6353
loophole	6353
drags	6353
menopausal	6353
workgroups	6353
retrograde	6353
relive	6353
exaggeration	6353
shadowy	6353
liquors	6353
reproducibility	6353
archangel	6353
abalone	6353
creases	6353
primordial	6353
nourish	6353
geometries	6353
edie	6353
uplifted	6353
quirks	6353
acceptor	6353
precondition	6353
gingham	6353
indica	6353
batterie	6353
gossamer	6353
teasers	6353
beveled	6353
hairdresser	6353
consumerism	6353
plover	6353
yeovil	6353
mow	6353
boneless	6353
disliked	6353
impurity	6353
intracranial	6353
solute	6353
worshipping	6353
mumps	6353
chasm	6353
haggis	6353
electromechanical	6353
styli	6353
fpm	6353
greenish	6353
regiments	6353
adel	6353
exhibitionist	6353
selfishness	6353
reactionary	6353
toolset	6352
ejected	6352
grappling	6352
hammering	6352
masculinity	6352
mingling	6352
earnestly	6352
lightfoot	6352
capitalizing	6352
scribes	6352
monologue	6352
amphitheater	6352
browsed	6352
vive	6352
bundling	6352
mcat	6352
signaled	6352
dagenham	6352
codename	6352
clem	6352
littered	6352
acutely	6352
profess	6352
razors	6352
masse	6352
rearrange	6352
warfarin	6352
legumes	6352
stdin	6352
speculated	6352
overheating	6352
inflate	6352
worded	6352
quant	6352
fleshy	6352
copywriter	6352
desirability	6352
bodybuilder	6352
poss	6352
sundown	6352
rasta	6352
ravel	6352
flycatcher	6352
persistently	6352
gbps	6352
decoy	6352
balsam	6352
bombshell	6352
subdomains	6352
kale	6352
verdicts	6352
horrendous	6352
complainants	6352
addy	6352
fabricating	6352
outcry	6352
eyeglass	6352
cyberpunk	6352
waterside	6352
pecans	6352
grime	6352
whitehorse	6352
extortion	6352
juke	6352
schnauzer	6352
hairdressers	6352
cordon	6352
prioritized	6352
rainforests	6352
colorless	6352
idealistic	6352
workday	6352
eared	6352
earphone	6352
passaic	6352
hypermedia	6352
cutlass	6351
jinx	6351
illiteracy	6351
rigor	6351
carcinogens	6351
greyhounds	6351
addressee	6351
amalgamation	6351
informants	6351
tics	6351
sublimation	6351
preponderance	6351
cowardly	6351
harnessing	6351
pretentious	6351
extenders	6351
tsk	6351
wielding	6351
gusto	6351
maidens	6351
weimar	6351
messianic	6351
generalist	6351
humbly	6351
gastronomy	6351
huckleberry	6351
langue	6351
unworthy	6351
expectant	6351
lightsaber	6351
catheters	6351
footy	6351
joinery	6351
octagon	6351
equates	6351
azalea	6351
fruition	6351
tacos	6351
dwelt	6351
misspellings	6351
oberon	6351
kingsville	6351
magnetics	6351
halide	6351
enslaved	6351
vil	6351
cathay	6351
metabolite	6351
genders	6351
headgear	6351
jura	6351
harming	6351
insole	6351
kano	6351
cardstock	6351
journaling	6351
correspondingly	6351
principled	6351
legalized	6351
predicament	6351
hilly	6351
aisles	6351
slacks	6351
trusty	6351
subtropical	6351
sager	6351
gratuitous	6351
fatally	6351
caged	6351
subcommittees	6351
ephemeral	6351
radium	6351
dissimilar	6351
mutilation	6351
prawn	6351
phylum	6351
waveforms	6351
algal	6351
waging	6350
infringed	6350
gimmicks	6350
reparations	6350
overwhelm	6350
injectable	6350
cognizant	6350
phenix	6350
rowdy	6350
popes	6350
tcpdump	6350
bravely	6350
sportsmen	6350
ethically	6350
nmh	6350
puffin	6350
shaper	6350
locksmiths	6350
stumbles	6350
lichfield	6350
cheater	6350
clematis	6350
slashing	6350
bootcamp	6350
torus	6350
cotta	6350
incomprehensible	6350
clogged	6350
vignettes	6350
fluctuating	6350
demeanor	6350
raping	6350
shipboard	6350
leashes	6350
babydoll	6350
paganism	6350
fido	6350
sounder	6350
practicality	6350
winer	6350
thon	6350
pancreatitis	6350
filigree	6350
stench	6350
forecasted	6350
bypassing	6350
chock	6350
cursing	6350
messier	6350
wickedness	6350
crouching	6350
clarksburg	6350
emits	6350
trigonometry	6350
flanges	6350
bowlers	6350
culminated	6350
thefts	6350
harlingen	6350
keypads	6350
campanile	6350
auld	6350
regress	6350
spanned	6350
closeness	6350
pmt	6350
minutemen	6350
redeeming	6350
polity	6350
celiac	6350
hough	6350
ingested	6350
hypothyroidism	6350
boyfriends	6350
scriptural	6350
cybernetics	6350
rappers	6350
discontinuation	6349
obscenity	6349
cumulus	6349
gaul	6349
heartache	6349
reigned	6349
entitles	6349
klan	6349
exacting	6349
offsetting	6349
wanton	6349
airmen	6349
ionizing	6349
enforces	6349
bookmaker	6349
curio	6349
hookers	6349
amalgam	6349
necessitate	6349
locket	6349
aver	6349
commemorating	6349
notional	6349
reconciling	6349
desolation	6349
gander	6349
bastille	6349
magnetometer	6349
populist	6349
traceable	6349
chautauqua	6349
voila	6349
mnemonic	6349
interviewers	6349
invariance	6349
aspartate	6349
savor	6349
darkly	6349
faithfulness	6349
resourceful	6349
pleural	6349
mediating	6349
heraldry	6349
incomparable	6349
resonator	6349
dilated	6349
angered	6349
surpluses	6349
condone	6349
finisher	6349
mademoiselle	6349
quartets	6349
anthropogenic	6349
constitutionality	6349
thermos	6349
macroscopic	6349
viscount	6349
gillingham	6349
preliminaries	6349
geopolitical	6349
devolved	6349
liquefied	6349
varietal	6349
streamed	6349
gorillas	6349
resorting	6349
garters	6349
adamant	6349
pontoon	6349
epidural	6349
teardrop	6349
tableau	6349
anion	6349
numeral	6349
mdx	6349
orthodontics	6349
vernal	6349
tabby	6348
therm	6348
myeloid	6348
napoleonic	6348
pugs	6348
rubicon	6348
sprocket	6348
sima	6348
disorderly	6348
chairmans	6348
workflows	6348
tala	6348
destroyers	6348
analogies	6348
regionals	6348
frigate	6348
fanfic	6348
nikkei	6348
lynnwood	6348
dazed	6348
bicentennial	6348
radiologic	6348
mineralogy	6348
corsicana	6348
harrier	6348
adjusters	6348
sentient	6348
olympiad	6348
ldc	6348
sited	6348
entrust	6348
strainer	6348
paragliding	6348
whitetail	6348
pagemaker	6348
tripled	6348
puffs	6348
overpayment	6348
faeroe	6348
burying	6348
blatantly	6348
dispatching	6348
chicano	6348
chongqing	6348
corporates	6348
applicators	6348
erasing	6348
fleer	6348
deuces	6348
dalian	6348
cyclops	6348
gunfire	6348
veritable	6348
posterity	6348
percutaneous	6348
cols	6348
keenly	6348
healthful	6348
nem	6348
leann	6348
repealing	6348
pixmaps	6348
gourd	6348
metronome	6348
groaned	6348
ferocious	6348
voicing	6348
fliers	6348
mons	6348
grouper	6348
negate	6348
sacrificial	6348
defies	6348
intrastate	6348
abnormally	6348
moped	6348
resuming	6348
appointees	6348
bruising	6347
bunkers	6347
refrigerate	6347
ligase	6347
flogging	6347
religiously	6347
warlords	6347
symlink	6347
encroachment	6347
cochlear	6347
seaboard	6347
alphabets	6347
foldable	6347
hydroponics	6347
precast	6347
purest	6347
southerly	6347
humiliated	6347
unearthed	6347
cataracts	6347
westerners	6347
camarillo	6347
volunteerism	6347
subordinates	6347
radiographic	6347
kinematics	6347
vagabond	6347
isobaric	6347
consecrated	6347
oscillating	6347
patenting	6347
reciprocating	6347
jib	6347
bodice	6347
foray	6347
opiate	6347
janesville	6347
unmistakable	6347
caritas	6347
filly	6347
rhubarb	6347
milt	6347
silencing	6347
ragtime	6347
adopters	6347
synthesizers	6347
vulva	6347
arapahoe	6347
posey	6347
minuteman	6347
diminishes	6347
zinfandel	6347
mayoral	6347
fortis	6347
tidings	6347
sneaking	6347
honeys	6347
interlink	6347
unassisted	6347
greening	6347
insidious	6347
dike	6347
immutable	6347
silvery	6347
croton	6347
depots	6347
nodding	6347
automakers	6347
misrepresented	6347
overtake	6347
amici	6347
semicolon	6347
bubbly	6347
substantiate	6347
homebuyer	6347
nodal	6347
templar	6347
unbeaten	6347
cedars	6346
fortitude	6346
aloft	6346
sheeting	6346
hallways	6346
mated	6346
wart	6346
snooze	6346
hollander	6346
kestrel	6346
prawns	6346
nonpartisan	6346
naps	6346
ruffled	6346
armament	6346
plums	6346
revisiting	6346
fairer	6346
hoppers	6346
onscreen	6346
distillers	6346
enterprising	6346
uploader	6346
hypertensive	6346
chinchilla	6346
transformational	6346
sailboats	6346
prides	6346
exemplifies	6346
arrhythmia	6346
astrometric	6346
workwear	6346
grafting	6346
smoothness	6346
trinket	6346
transpose	6346
neutralize	6346
microeconomics	6346
telly	6346
grandstand	6346
slurp	6346
playwrights	6346
wishful	6346
allocator	6346
instantiated	6346
trailed	6346
habitation	6346
rogues	6346
speechless	6346
expanse	6346
stylists	6346
blackwater	6346
vivi	6346
hippies	6346
preside	6346
pul	6346
larkspur	6346
arles	6346
kea	6346
colette	6346
delightfully	6346
oeuvres	6346
cappella	6346
neocon	6346
mussel	6346
concealment	6346
docomo	6346
unruly	6346
accrediting	6346
stapler	6346
pheromones	6346
imm	6346
bisexuals	6346
oic	6346
cutest	6346
uncompromising	6346
obstruct	6346
unbounded	6346
coincided	6345
yolo	6345
encased	6345
undertaker	6345
printouts	6345
flickering	6345
tempt	6345
credentialing	6345
scalloped	6345
etudes	6345
gurney	6345
gush	6345
saddened	6345
geochemical	6345
digitizing	6345
organically	6345
bathe	6345
lomb	6345
scarred	6345
ignited	6345
crowding	6345
patna	6345
spearhead	6345
sunnis	6345
reticulum	6345
dulcimer	6345
coronal	6345
transparently	6345
freeform	6345
tantric	6345
gladiators	6345
lifter	6345
ogle	6345
sayin	6345
cpas	6345
videographer	6345
scrooge	6345
pula	6345
buss	6345
nagging	6345
fatherhood	6345
reflexes	6345
contemporaneous	6345
kingsport	6345
precipitated	6345
hiss	6345
outlawed	6345
injuring	6345
bellow	6345
magnetization	6345
girth	6345
millers	6345
clerics	6345
poppies	6345
inlaid	6345
busses	6345
notched	6345
underpin	6345
baldness	6345
didactic	6345
delicately	6345
yip	6345
irritability	6345
pullout	6345
dmi	6345
provocation	6345
lustrous	6345
reeling	6345
birdhouse	6345
chillicothe	6345
peacekeepers	6345
desertification	6345
rimming	6345
crests	6345
solent	6345
propylene	6345
loafers	6345
zsh	6345
biohazard	6344
slapping	6344
horrifying	6344
toffee	6344
squires	6344
insures	6344
slaying	6344
mahatma	6344
pippin	6344
frauds	6344
eire	6344
parliamentarians	6344
inadvertent	6344
lobes	6344
rofl	6344
homophobia	6344
winches	6344
eschaton	6344
hoaxes	6344
hairspray	6344
thundering	6344
remus	6344
antisense	6344
coals	6344
succulent	6344
heartily	6344
shader	6344
yellowish	6344
grafts	6344
unsuccessfully	6344
hillbilly	6344
intifada	6344
moderne	6344
carina	6344
externalities	6344
lobsters	6344
balsamic	6344
classically	6344
eventful	6344
calorimeter	6344
necked	6344
idiopathic	6344
feasts	6344
stiletto	6344
unidirectional	6344
westbound	6344
teacup	6344
cabinetry	6344
stipulates	6344
secession	6344
optimizes	6344
serializable	6344
countered	6344
toques	6344
instinctively	6344
dropouts	6344
gamecocks	6344
conspiracies	6344
chapels	6344
sinusitis	6344
rusk	6344
fractals	6344
depressants	6344
tryouts	6344
shel	6344
minions	6344
adapts	6344
emac	6344
brunt	6344
infraction	6344
gory	6344
glens	6344
strangest	6344
stagnation	6344
displace	6344
countrymen	6344
endnotes	6344
dissidents	6344
iterate	6344
ember	6343
neolithic	6343
perishable	6343
vetoed	6343
libxml	6343
proteus	6343
simian	6343
denoting	6343
apiece	6343
jeanie	6343
gammon	6343
multimode	6343
girardeau	6343
storming	6343
islet	6343
universes	6343
ganglia	6343
conduits	6343
cinco	6343
headway	6343
resonances	6343
friars	6343
subjectivity	6343
maples	6343
alluring	6343
microarrays	6343
cobble	6343
berea	6343
buzzard	6343
bony	6343
plunger	6343
halting	6343
bookends	6343
cranks	6343
lowery	6343
headwaters	6343
histograms	6343
reviving	6343
moll	6343
burrow	6343
universality	6343
veranda	6343
cytosol	6343
disposals	6343
underrated	6343
chordata	6343
crafters	6343
hyphen	6343
glycoproteins	6343
insatiable	6343
exquisitely	6343
unsorted	6343
unfriendly	6343
hatches	6343
christened	6343
grampian	6343
actuality	6343
teased	6343
detain	6343
eyelets	6343
swordfish	6343
legals	6343
flatten	6343
homogeneity	6343
savant	6343
appreciating	6343
recreated	6343
leaded	6343
supersonics	6343
stinging	6343
amstrad	6343
gulls	6343
vinaigrette	6343
prescribes	6343
dvx	6343
sultry	6343
sinned	6343
globular	6343
asiatic	6343
unreadable	6342
balsa	6342
depositing	6342
brasserie	6342
engravings	6342
showering	6342
enduro	6342
peepshow	6342
fanatical	6342
caper	6342
givens	6342
pecuniary	6342
vintages	6342
predicated	6342
mucosal	6342
prehistory	6342
lentils	6342
histidine	6342
quack	6342
drape	6342
tectonics	6342
distributive	6342
sharps	6342
bruges	6342
grooms	6342
doomsday	6342
otters	6342
mews	6342
ousted	6342
scarring	6342
daydream	6342
gooding	6342
bicarbonate	6342
cask	6342
grocer	6342
dietitian	6342
speedily	6342
auberge	6342
negroes	6342
paprika	6342
chases	6342
intervened	6342
disallowed	6342
resourcing	6342
methuen	6342
mezzo	6342
incarnate	6342
chimneys	6342
novella	6342
preoccupied	6342
brie	6342
hither	6342
diggers	6342
glances	6342
silos	6342
tyrants	6342
shortstop	6342
giddy	6342
denounce	6342
entertainments	6342
dordrecht	6342
permissive	6342
disposables	6342
oaths	6342
estrogens	6342
furness	6342
ripples	6342
haz	6342
bloodshed	6342
maw	6342
odometer	6342
tooltip	6342
upsetting	6342
druids	6342
aggregators	6342
arvada	6342
oxen	6342
griddle	6342
nascent	6342
conroe	6341
multipliers	6341
reinforcements	6341
precept	6341
kitesurfing	6341
pavements	6341
couplers	6341
aftershaves	6341
murmured	6341
rehabilitate	6341
patina	6341
propellers	6341
violinist	6341
phonology	6341
plasmodium	6341
gibbon	6341
gratifying	6341
bums	6341
undersea	6341
delirious	6341
excepting	6341
unlawfully	6341
vanadium	6341
riverboat	6341
urchin	6341
jiu	6341
polygamy	6341
gynecologic	6341
unstoppable	6341
pedometer	6341
utterances	6341
devising	6341
shortfalls	6341
bookmarking	6341
sustains	6341
barbershop	6341
woodman	6341
gravely	6341
idiosyncratic	6341
errands	6341
hells	6341
floppies	6341
kilowatt	6341
impulsive	6341
varian	6341
spasms	6341
mops	6341
commutative	6341
rationally	6341
uproar	6341
savages	6341
craters	6341
angiogenesis	6341
nematode	6341
administratively	6341
mockery	6341
railings	6341
northerly	6341
leverages	6341
tenths	6341
cancerous	6341
quench	6341
passer	6341
secretory	6341
mmx	6341
encompassed	6341
reassessment	6341
broil	6341
hurrah	6341
chillers	6341
modestly	6341
epitaph	6341
insurrection	6341
periodicity	6341
emigrated	6341
trypsin	6341
bursary	6341
dependability	6341
overdraft	6341
mycoplasma	6340
barges	6340
aro	6340
nota	6340
cacti	6340
bugaboo	6340
aeration	6340
antennae	6340
fermented	6340
uscg	6340
chowder	6340
expatriates	6340
centerpieces	6340
freaked	6340
headmaster	6340
curbs	6340
walrus	6340
triphosphate	6340
secretive	6340
grievous	6340
prostaglandin	6340
generative	6340
repetitions	6340
pensioner	6340
stuttering	6340
forcefully	6340
depo	6340
edinburg	6340
spellbound	6340
kwanzaa	6340
mascots	6340
harrisonburg	6340
conundrum	6340
comedic	6340
fend	6340
apical	6340
synoptic	6340
sapphires	6340
beryllium	6340
disinfectant	6340
compressing	6340
jokers	6340
piglet	6340
wildcards	6340
intoxicating	6340
crumble	6340
sketchbook	6340
resorted	6340
bbd	6340
lecturing	6340
retreated	6340
eccles	6340
magdalene	6340
spatula	6340
intergenerational	6340
cates	6340
gotcha	6340
drifter	6340
veer	6340
netted	6340
stardom	6340
glenview	6340
brantford	6340
dispel	6340
toastmasters	6340
warships	6340
exotics	6340
articulating	6340
jiffy	6340
woodbine	6340
straightening	6340
immerse	6340
envious	6340
regretted	6340
colic	6340
adolph	6340
rebounding	6340
farthest	6340
hirsute	6340
iniquity	6340
prelim	6339
prepress	6339
fooling	6339
militias	6339
commodores	6339
dbf	6339
goldsboro	6339
roslyn	6339
coolio	6339
vaulted	6339
warms	6339
formalities	6339
vertebral	6339
ectopic	6339
abcs	6339
resounding	6339
coulomb	6339
restatement	6339
wakeboard	6339
unscheduled	6339
saucy	6339
blistering	6339
illuminates	6339
thermocouple	6339
masala	6339
masque	6339
shillings	6339
gleaned	6339
decomposed	6339
flowery	6339
scandalous	6339
maki	6339
eagan	6339
sunburn	6339
nips	6339
canisters	6339
menacing	6339
elector	6339
lili	6339
solvency	6339
neurotic	6339
fielded	6339
bituminous	6339
askew	6339
blowfish	6339
groan	6339
workin	6339
dusting	6339
topologies	6339
touts	6339
uncontrollable	6339
lora	6339
undelete	6339
shackles	6339
shrines	6339
bridged	6339
unjustified	6339
consenting	6339
torturing	6339
toile	6339
sitcoms	6339
analogues	6339
ukulele	6339
relentlessly	6339
paperboard	6339
bracken	6339
couches	6339
offaly	6339
decadence	6339
girlie	6339
antes	6339
nourishing	6339
reconsidered	6339
callbacks	6339
cdv	6339
arduous	6339
replicates	6339
sidewinder	6339
queueing	6339
slugger	6338
humidifiers	6338
assimilated	6338
watermarks	6338
creeps	6338
streetcar	6338
stoker	6338
fulcrum	6338
sadistic	6338
cassiopeia	6338
gripped	6338
martingale	6338
criticizes	6338
unscrupulous	6338
baytown	6338
synchronizing	6338
reclassification	6338
nymphs	6338
woohoo	6338
caithness	6338
takeaway	6338
unsettled	6338
timeouts	6338
inseparable	6338
jurist	6338
ducky	6338
vestal	6338
bola	6338
multimodal	6338
dismisses	6338
variously	6338
recenter	6338
hematite	6338
multinationals	6338
arran	6338
unintentionally	6338
debs	6338
sprites	6338
playin	6338
mcalester	6338
dashing	6338
shipman	6338
tiring	6338
incinerator	6338
abate	6338
convening	6338
unorthodox	6338
fibroblast	6338
piloting	6338
immersive	6338
glob	6338
cisplatin	6338
voids	6338
reinvent	6338
bellied	6338
oilfield	6338
ream	6338
roundtrip	6338
decreed	6338
mossy	6338
ores	6338
droid	6338
addenda	6338
restorations	6338
boll	6338
worksite	6338
typename	6338
doctype	6338
balinese	6338
sportster	6338
keyhole	6338
usages	6338
bursaries	6338
cardiopulmonary	6338
biologic	6338
bowels	6338
shiatsu	6338
homewares	6338
cornet	6338
schizophrenic	6338
reversion	6337
unplug	6337
pressroom	6337
sanctuaries	6337
basra	6337
greenbrier	6337
superoxide	6337
porcine	6337
convicts	6337
shim	6337
understatement	6337
tormented	6337
whistleblower	6337
hopi	6337
idd	6337
bayswater	6337
kennewick	6337
subtree	6337
lodger	6337
inshore	6337
clots	6337
reducer	6337
naturists	6337
lvd	6337
thunderbolt	6337
spina	6337
meatballs	6337
underrepresented	6337
tremors	6337
brane	6337
apropos	6337
tightness	6337
pitiful	6337
concatenation	6337
suffixes	6337
seascape	6337
linings	6337
horseradish	6337
sparrows	6337
bleached	6337
cortina	6337
ides	6337
arbiter	6337
hazelnut	6337
chaco	6337
reintegration	6337
locomotion	6337
pampering	6337
antimony	6337
hater	6337
buoyant	6337
airtime	6337
surrealism	6337
expel	6337
imi	6337
clamshell	6337
tonk	6337
luminance	6337
gryphon	6337
combatant	6337
suresh	6337
minnow	6337
swoop	6337
gumbo	6337
neuter	6337
prejudicial	6337
melamine	6337
episodic	6337
introspection	6337
meister	6337
lated	6337
divisive	6337
gastonia	6337
benedictine	6337
inappropriately	6337
reputations	6337
vitally	6337
mavis	6337
lubricating	6337
undivided	6337
deca	6336
chatted	6336
lured	6336
branford	6336
hurling	6336
accruals	6336
brevity	6336
epitope	6336
visage	6336
prickly	6336
medallions	6336
astonishment	6336
whittle	6336
overshadowed	6336
rescuing	6336
suppressant	6336
reworked	6336
sensibilities	6336
catapult	6336
meritorious	6336
elitist	6336
convoluted	6336
optoelectronics	6336
beheld	6336
martyrdom	6336
stimulator	6336
manna	6336
schoolchildren	6336
moorings	6336
tweezers	6336
filetype	6336
buddhists	6336
bearcats	6336
soars	6336
kinematic	6336
gnat	6336
housework	6336
gunpowder	6336
undressed	6336
southward	6336
unsupervised	6336
copycat	6336
orrin	6336
snooping	6336
recounted	6336
denials	6336
adorn	6336
dorms	6336
laminates	6336
checksums	6336
iirc	6336
contemplative	6336
pimps	6336
awkwardly	6336
belles	6336
stipulations	6336
lifeless	6336
baffle	6336
pared	6336
thermally	6336
sobriety	6336
teleconferencing	6336
albino	6336
visualizing	6336
slums	6336
sprinter	6336
isomorphic	6336
burnet	6336
cvc	6336
conjugation	6336
spaniards	6336
anklets	6336
impasse	6336
disinformation	6336
piloted	6336
delicatessens	6336
intensively	6336
echocardiography	6336
amok	6336
successively	6336
cucumbers	6336
sexism	6335
ordinates	6335
squaw	6335
snowdon	6335
pomegranate	6335
bouts	6335
arty	6335
leukocyte	6335
transcends	6335
murmur	6335
cotter	6335
peptidase	6335
bookkeeper	6335
crickets	6335
postmodernism	6335
squeaky	6335
silicate	6335
extinguishing	6335
alcohols	6335
zydeco	6335
attache	6335
bulging	6335
predictably	6335
chemise	6335
shareholding	6335
epics	6335
smug	6335
cardiomyopathy	6335
flanking	6335
disconnection	6335
dons	6335
spacetime	6335
awol	6335
prejudiced	6335
bionic	6335
larva	6335
laziness	6335
bookshops	6335
captioning	6335
obstetric	6335
marigold	6335
typesetting	6335
tireless	6335
chroma	6335
growl	6335
neutrophils	6335
lollipop	6335
gorges	6335
brash	6335
declaratory	6335
canons	6335
hydrate	6335
pastimes	6335
diurnal	6335
neutrinos	6335
bric	6335
subways	6335
coolness	6335
leominster	6335
negativity	6335
recumbent	6335
shipwreck	6335
fader	6335
tortillas	6335
awww	6335
unconsciously	6335
buffaloes	6335
doorbell	6335
dissolving	6335
unsettling	6335
bugger	6335
embolism	6335
lats	6335
roebuck	6335
highness	6335
abstracted	6335
starling	6335
typhoid	6335
perfecting	6335
adrenalin	6335
yardley	6334
afghani	6334
furtherance	6334
haulers	6334
energize	6334
prohibitive	6334
barcodes	6334
slits	6334
inquires	6334
imaged	6334
sprayers	6334
yule	6334
calibrations	6334
atorvastatin	6334
phantasy	6334
lattices	6334
rotisserie	6334
orcs	6334
hoss	6334
scallop	6334
crusty	6334
computationally	6334
stillness	6334
jobseeker	6334
precipitate	6334
sunbathing	6334
ronda	6334
underlie	6334
pharisees	6334
chard	6334
clotting	6334
singlet	6334
nicknamed	6334
lugs	6334
drones	6334
kiddies	6334
minster	6334
gato	6334
fanart	6334
gfi	6334
collapsible	6334
sully	6334
haringey	6334
prophylactic	6334
cityscape	6334
bate	6334
tradeoff	6334
instill	6334
firestorm	6334
homestay	6334
inept	6334
pert	6334
depositions	6334
camped	6334
fraught	6334
perplexed	6334
replenish	6334
reconstructing	6334
droplet	6334
necessitated	6334
slowest	6334
unwillingness	6334
revises	6334
parlay	6334
trimmings	6334
divan	6334
coexist	6334
advisement	6334
turtleneck	6334
holborn	6334
concours	6334
extraordinaire	6334
tsar	6334
gigabytes	6334
triangulation	6334
eloquence	6334
anarchism	6334
stabilizers	6334
definitively	6334
natchez	6334
tripped	6334
strewn	6333
terrance	6333
smoothies	6333
rubles	6333
belling	6333
representational	6333
snark	6333
bewildered	6333
malignancy	6333
beatings	6333
makati	6333
copious	6333
cade	6333
newfound	6333
collider	6333
tremble	6333
instantaneously	6333
wristwatch	6333
owensboro	6333
papas	6333
subscribes	6333
thump	6333
wining	6333
alluded	6333
aberrations	6333
sojourn	6333
zippers	6333
decaf	6333
stateroom	6333
caloric	6333
plaintext	6333
nucleoside	6333
buttercup	6333
lanyards	6333
adherents	6333
admissibility	6333
aspartame	6333
sleuth	6333
trudy	6333
herbaceous	6333
distinguishable	6333
immaterial	6333
surging	6333
cosh	6333
lop	6333
greased	6333
golding	6333
ethnography	6333
contraband	6333
bulkhead	6333
flagging	6333
cityscapes	6333
willed	6333
replenishment	6333
wounding	6333
dexamethasone	6333
inclement	6333
yoghurt	6333
nationalists	6333
definable	6333
bruin	6333
psychoanalytic	6333
magpie	6333
simp	6333
birthing	6333
robbing	6333
dimer	6333
impartiality	6333
stemware	6333
phosphates	6333
dewar	6333
docked	6333
burp	6333
radioisotopes	6333
obstetricians	6333
harpsichord	6333
capes	6333
impersonal	6333
proposer	6333
interpolated	6333
kerri	6333
strolling	6332
moro	6332
democratically	6332
datasource	6332
salvo	6332
twigs	6332
furiously	6332
epitome	6332
degas	6332
prefabricated	6332
gastro	6332
accessor	6332
meteorites	6332
joked	6332
breaths	6332
lipoproteins	6332
attleboro	6332
glancing	6332
parenteral	6332
discarding	6332
fared	6332
fleck	6332
cerebrovascular	6332
actuaries	6332
delicatessen	6332
marianna	6332
kidderminster	6332
waukegan	6332
inflamed	6332
promulgate	6332
maximized	6332
unlink	6332
dlx	6332
shadowing	6332
wert	6332
regimental	6332
erythromycin	6332
signifying	6332
rectified	6332
flanked	6332
cusp	6332
homers	6332
primacy	6332
pointy	6332
danvers	6332
baptisms	6332
eyeing	6332
recompile	6332
mainboards	6332
bade	6332
insolvent	6332
mists	6332
doberman	6332
carmine	6332
relinquish	6332
stover	6332
succinct	6332
palpable	6332
oxycodone	6332
revs	6332
compressive	6332
wombat	6332
zippy	6332
odeon	6332
inhale	6332
dreamt	6332
backslash	6332
townhome	6332
convulsions	6332
snowshoes	6332
goers	6332
chipper	6332
modulate	6332
fiancee	6332
underwired	6332
ambiguities	6332
norepinephrine	6332
kundalini	6332
yolk	6332
mediocrity	6332
rhyming	6332
appending	6331
transcendent	6331
lichen	6331
lapsed	6331
songbooks	6331
islamists	6331
newscast	6331
outtakes	6331
boos	6331
stroked	6331
gallop	6331
cull	6331
fina	6331
unsatisfied	6331
retinopathy	6331
barrio	6331
buggies	6331
exercisable	6331
speedup	6331
minstrel	6331
ewe	6331
contentment	6331
ontological	6331
flashbacks	6331
cranium	6331
dentures	6331
politic	6331
stg	6331
reimbursable	6331
exchequer	6331
nitrates	6331
archaeologist	6331
mitotic	6331
falsehood	6331
outliers	6331
slugs	6331
semifinal	6331
deactivate	6331
chroot	6331
falciparum	6331
shifters	6331
undetected	6331
caries	6331
carcasses	6331
microstructure	6331
ringwood	6331
pleaser	6331
candlesticks	6331
disassembly	6331
miter	6331
propositional	6331
ssd	6331
talkie	6331
mingled	6331
rafts	6331
gamepad	6331
indulgent	6331
maul	6331
censuses	6331
offseason	6331
longed	6331
shelved	6331
rammed	6331
carryover	6331
wailing	6331
wholeheartedly	6331
shrugs	6331
polyps	6331
avast	6331
inelastic	6331
traffickers	6331
neckline	6331
aerodynamics	6331
vertebrae	6331
moans	6331
buffets	6331
aristocracy	6331
leviathan	6331
eaves	6331
wrinkled	6331
popularly	6331
marred	6331
bifurcation	6330
falconer	6330
watchman	6330
poetics	6330
venturing	6330
miniseries	6330
entitle	6330
yesterdays	6330
dcm	6330
alibi	6330
relayed	6330
ahoy	6330
ulcerative	6330
jellies	6330
postponement	6330
airlift	6330
brooding	6330
downlink	6330
endothelium	6330
suppresses	6330
appointee	6330
hashes	6330
nuff	6330
juncture	6330
borehole	6330
naturalized	6330
nodules	6330
pikes	6330
tunable	6330
memcpy	6330
meager	6330
panelist	6330
mailroom	6330
commandant	6330
bourgeoisie	6330
plucked	6330
medalist	6330
recessive	6330
inflexible	6330
flowered	6330
encrypting	6330
bueno	6330
rippers	6330
discord	6330
redefinition	6330
infield	6330
reformat	6330
peels	6330
preterm	6330
patrolling	6330
mindfulness	6330
injurious	6330
stances	6330
synapses	6330
hashing	6330
unmounted	6330
armoires	6330
utilitarian	6330
archetypes	6330
behemoth	6330
obsessions	6330
compacted	6330
thrower	6330
doughnuts	6330
trike	6330
distillery	6330
reread	6330
funnier	6330
stormed	6330
disengagement	6330
gifting	6330
iodide	6330
crucifix	6330
digitization	6330
fistula	6330
campaigners	6330
acca	6330
irreverent	6330
censure	6330
carbine	6330
crawfish	6330
credo	6330
symbolizes	6329
injectors	6329
heartless	6329
booklist	6329
centrist	6329
contented	6329
torbay	6329
femur	6329
vultures	6329
methotrexate	6329
landslides	6329
separatist	6329
outlooks	6329
forcible	6329
lifeboat	6329
bushy	6329
thickening	6329
ciprofloxacin	6329
reconfigure	6329
instantiation	6329
escalated	6329
eastbound	6329
grits	6329
apoptotic	6329
pulldown	6329
treehouse	6329
porches	6329
inoculation	6329
luxuries	6329
glorify	6329
lineman	6329
streamlines	6329
reengineering	6329
cleaver	6329
inflight	6329
tracksuit	6329
overuse	6329
newsprint	6329
admixture	6329
hemorrhoids	6329
haulage	6329
heredity	6329
nominally	6329
convolution	6329
chloroform	6329
nettle	6329
mismanagement	6329
convincingly	6329
golem	6329
conifer	6329
phenylalanine	6329
descends	6329
nonpublic	6329
mischievous	6329
inversely	6329
fateful	6329
eyelet	6329
immunologic	6329
complacency	6329
chengdu	6329
beeswax	6329
crosswalk	6329
kitsch	6329
sweeteners	6329
farnborough	6329
sprints	6329
impregnated	6329
insular	6329
lagoons	6329
sensuality	6329
faked	6329
burnsville	6329
banyan	6329
affix	6329
opinionated	6329
quirk	6329
professed	6329
blinks	6329
sensuous	6329
rationing	6329
sawing	6329
tellers	6329
yelp	6328
herding	6328
waterborne	6328
hopped	6328
tradeoffs	6328
goldeneye	6328
functor	6328
mmvi	6328
interfered	6328
halcyon	6328
gyro	6328
bowing	6328
shampoos	6328
unfiltered	6328
cogent	6328
parishioners	6328
traversing	6328
communique	6328
uninformed	6328
cantina	6328
polyamide	6328
selectmen	6328
luge	6328
necromancer	6328
carcinomas	6328
subcontinent	6328
transcriptase	6328
balmoral	6328
aberration	6328
specifier	6328
mollie	6328
subsidize	6328
icl	6328
conclusively	6328
hiya	6328
calcareous	6328
crippling	6328
aspherical	6328
misheard	6328
sundial	6328
tufted	6328
flaky	6328
kryptonite	6328
typology	6328
hydrangea	6328
chieftain	6328
preamps	6328
aesthetically	6328
gestalt	6328
sophomores	6328
honeysuckle	6328
chorale	6328
unspoken	6328
tiaras	6328
apprehended	6328
rhoda	6328
cogeneration	6328
jammer	6328
cyclase	6328
forbidding	6328
sparring	6328
mindanao	6328
dreamcatcher	6328
adonis	6328
domed	6328
distressing	6328
ethnically	6328
gelding	6328
blurring	6328
deva	6328
mastectomy	6328
prettiest	6328
jaundice	6328
panes	6328
asterisks	6328
nympho	6328
hyun	6328
cooktop	6328
medics	6328
gip	6328
affirmations	6328
testifies	6328
variational	6327
socializing	6327
crankshaft	6327
filipinos	6327
tagline	6327
dainty	6327
airframe	6327
beater	6327
preowned	6327
dietetic	6327
crackle	6327
redacted	6327
stereotypical	6327
treks	6327
victimization	6327
parallax	6327
splices	6327
akita	6327
nonresidential	6327
thwarted	6327
seri	6327
planks	6327
ldv	6327
carcinogen	6327
catalyzed	6327
heatwave	6327
spindles	6327
belcher	6327
spirals	6327
speculations	6327
sedentary	6327
extermination	6327
plumes	6327
watchtower	6327
outweighed	6327
unmanaged	6327
gtg	6327
preteens	6327
heme	6327
renumbered	6327
transposition	6327
crossbow	6327
speciation	6327
beets	6327
betta	6327
repel	6327
emmet	6327
lumina	6327
statistician	6327
symmetries	6327
observatories	6327
bupropion	6327
anxieties	6327
fungicide	6327
crosstalk	6327
onerous	6327
adenovirus	6327
hakim	6327
countywide	6327
tenderly	6327
puree	6327
bonny	6327
haddock	6327
tachycardia	6327
cosine	6327
accrington	6327
oftentimes	6327
entanglement	6327
xpc	6327
swath	6327
miserably	6327
cvm	6327
infiltrate	6327
argosy	6327
knightsbridge	6327
renounce	6327
copilot	6327
phobias	6327
stumps	6327
nutritionist	6327
clouded	6327
effector	6327
diverting	6326
hairstyle	6326
diuretics	6326
derogatory	6326
discards	6326
xxiv	6326
discontinuous	6326
uncorrected	6326
sear	6326
bighorn	6326
inaccuracy	6326
assimilate	6326
heartbreaking	6326
leitrim	6326
justifications	6326
gimmick	6326
acrylics	6326
regenerated	6326
fouled	6326
wiretap	6326
moniker	6326
credence	6326
sharpeners	6326
welling	6326
patrolled	6326
georgette	6326
prods	6326
conferring	6326
incite	6326
waypoints	6326
underscored	6326
divulge	6326
wardens	6326
unreported	6326
guarani	6326
tampon	6326
easels	6326
scrubbing	6326
laughable	6326
momentous	6326
footpath	6326
webform	6326
sublet	6326
chiltern	6326
peaking	6326
harem	6326
fussy	6326
marshmallow	6326
civility	6326
cals	6326
seltzer	6326
homeostasis	6326
deluge	6326
squadrons	6326
ventricle	6326
goodie	6326
milkshake	6326
thrasher	6326
switchers	6326
electrolytes	6326
unshaved	6326
maneuvering	6326
gaby	6326
softwood	6326
croupier	6326
fluted	6326
compacts	6326
egos	6326
rhinitis	6326
sweetened	6326
pry	6326
venison	6326
microcontrollers	6326
shoal	6326
overcrowding	6326
basking	6326
retractions	6326
pinging	6326
catheterization	6326
smears	6326
pare	6326
blushing	6326
breathes	6326
exons	6325
mariachi	6325
bday	6325
lectured	6325
reseal	6325
compositing	6325
coopers	6325
biota	6325
dossiers	6325
hairdryers	6325
axon	6325
deflation	6325
worsened	6325
darlin	6325
reconstituted	6325
skillfully	6325
heady	6325
ddi	6325
bombarded	6325
badlands	6325
deploys	6325
celts	6325
pols	6325
internets	6325
backstroke	6325
bathed	6325
cortes	6325
spooner	6325
intractable	6325
corresponded	6325
toothbrushes	6325
speckled	6325
enumerate	6325
persuading	6325
onondaga	6325
diskettes	6325
resonate	6325
advertises	6325
fives	6325
diphtheria	6325
plaines	6325
outfield	6325
carcinogenesis	6325
phenolic	6325
incrementally	6325
hoard	6325
courting	6325
petrie	6325
terrapins	6325
legalization	6325
lading	6325
modernize	6325
woodcock	6325
restarts	6325
churning	6325
juris	6325
brookside	6325
chariots	6325
streamer	6325
accumulator	6325
battalions	6325
unquestionably	6325
crocus	6325
citizenry	6325
reproach	6325
laundromat	6325
redeemable	6325
maxillofacial	6325
revolutionaries	6325
viol	6325
chillin	6325
creamed	6325
tarp	6325
vishnu	6325
chimpanzee	6325
flurries	6325
meson	6325
parathyroid	6325
analgesia	6325
cherub	6325
lieder	6325
trumpeter	6325
straws	6325
serrated	6324
jeddah	6324
puny	6324
nannies	6324
emphatically	6324
pawtucket	6324
reassured	6324
bimonthly	6324
senna	6324
perceiving	6324
wardrobes	6324
commendation	6324
surgically	6324
nongovernmental	6324
rmdir	6324
miso	6324
hydrostatic	6324
cheaters	6324
contending	6324
patriarchal	6324
spelt	6324
barks	6324
clostridium	6324
nerdy	6324
megastores	6324
dodging	6324
imperatives	6324
bpd	6324
archetype	6324
oren	6324
antiseptic	6324
browned	6324
highlanders	6324
shamanism	6324
ligaments	6324
bowser	6324
fizz	6324
upheaval	6324
rationalize	6324
cringe	6324
unearth	6324
biopsies	6324
inconclusive	6324
hookups	6324
thermostats	6324
sugarcane	6324
mouthful	6324
gazelle	6324
classname	6324
gauche	6324
minion	6324
makefiles	6324
bettie	6324
sheesh	6324
birdwatching	6324
speakeasy	6324
harpers	6324
complicity	6324
epitopes	6324
unstrung	6324
drivel	6324
tendons	6324
foci	6324
toppings	6324
cantilever	6324
thrives	6324
tweety	6324
initializes	6324
penchant	6324
drab	6324
roared	6324
prospector	6324
unwise	6324
macromolecular	6324
financier	6324
allegory	6324
acropolis	6324
kimura	6324
stifle	6324
baca	6324
lymphoid	6324
paradoxical	6324
forklifts	6324
refuges	6323
habana	6323
stateless	6323
rousing	6323
cerebellum	6323
statehood	6323
knelt	6323
radiating	6323
devour	6323
insanely	6323
treachery	6323
petting	6323
inoculated	6323
bubblegum	6323
princesses	6323
rajkot	6323
taxidermy	6323
portraiture	6323
incapacitated	6323
pashmina	6323
attested	6323
ope	6323
anthropologists	6323
glues	6323
undercut	6323
roaster	6323
overcrowded	6323
warring	6323
hypertrophy	6323
arouse	6323
xserve	6323
wobble	6323
ticked	6323
boilermakers	6323
counterstrike	6323
hinterland	6323
afdc	6323
niggaz	6323
housewarming	6323
regenerative	6323
purged	6323
liquidators	6323
repulsive	6323
bagless	6323
bleachers	6323
deodorants	6323
bacteriophage	6323
prez	6323
seclusion	6323
transect	6323
elucidate	6323
fated	6323
soloists	6323
frighten	6323
amputation	6323
sinusoidal	6323
crossovers	6323
parsers	6323
hauler	6323
cataloguing	6323
halts	6323
headroom	6323
fortnightly	6323
subtlety	6323
creditable	6323
clearfield	6323
protruding	6323
appreciable	6323
delicacy	6323
sayers	6323
cinch	6323
futility	6323
intangibles	6323
dumplings	6323
diesen	6323
flak	6323
cubed	6323
yuck	6323
upholds	6323
enlistment	6323
textbox	6323
inroads	6323
blissful	6323
erythrocytes	6322
dinky	6322
boasted	6322
divo	6322
stirs	6322
platonic	6322
donkeys	6322
injunctive	6322
honed	6322
coincidentally	6322
kruse	6322
pollination	6322
synchro	6322
chutney	6322
averse	6322
naturopathic	6322
afield	6322
dermatologist	6322
casein	6322
endearing	6322
mishap	6322
chewable	6322
lackey	6322
quod	6322
labors	6322
whooping	6322
normals	6322
sonnets	6322
scrum	6322
everyman	6322
musing	6322
lopes	6322
barricade	6322
inquest	6322
snipe	6322
footballers	6322
metropole	6322
hapless	6322
sagebrush	6322
proteome	6322
warheads	6322
radiologist	6322
ably	6322
liao	6322
hitches	6322
palettes	6322
beaux	6322
gunman	6322
traversed	6322
sparsely	6322
shrinks	6322
fib	6322
guilders	6322
indexer	6322
ail	6322
innkeeper	6322
downgraded	6322
mistrust	6322
overcomes	6322
lordship	6322
jeez	6322
azusa	6322
unbuffered	6322
phoning	6322
spacey	6322
egregious	6322
cubans	6322
breakpoints	6322
aran	6322
legato	6322
agarose	6322
badass	6322
transacted	6322
chaplains	6322
conventionally	6322
perceptive	6322
lard	6322
darwinism	6322
workarounds	6322
lecithin	6322
destitute	6322
lates	6322
disbanded	6322
singly	6322
recertification	6321
phosphorylated	6321
fusing	6321
abuser	6321
sevens	6321
headless	6321
anatomic	6321
petrified	6321
litho	6321
emigrants	6321
rattling	6321
thane	6321
hypo	6321
salve	6321
hadron	6321
marseilles	6321
grates	6321
fissure	6321
curtail	6321
legalize	6321
epinephrine	6321
transom	6321
talker	6321
divorces	6321
mils	6321
picayune	6321
winks	6321
loopholes	6321
novelists	6321
bestow	6321
frontman	6321
autologous	6321
wiretaps	6321
homespun	6321
hulls	6321
enraged	6321
blotter	6321
menubar	6321
complimented	6321
sitters	6321
intonation	6321
proclaims	6321
dissecting	6321
programing	6321
humpback	6321
reprocessing	6321
bartending	6321
patiala	6321
clamped	6321
retracted	6321
friar	6321
hospitable	6321
melodrama	6321
preclinical	6321
creased	6321
wheelers	6321
preparer	6321
deductive	6321
postures	6321
trapper	6321
makeshift	6321
pygmy	6321
tattered	6321
tachometer	6321
embarrass	6321
nonproliferation	6321
slanted	6321
plagues	6321
orchestration	6321
adipose	6321
harvests	6321
potting	6321
uncomplicated	6321
surged	6321
natured	6321
clemency	6321
woolly	6321
ligation	6321
blemish	6321
deconstruction	6321
inductance	6321
reallocation	6321
bushels	6321
tapers	6321
teleport	6320
skylights	6320
geniuses	6320
rehabilitative	6320
swab	6320
rind	6320
boombox	6320
prorated	6320
whiskers	6320
pansy	6320
reassignment	6320
hydrodynamic	6320
confirmations	6320
postulated	6320
huntsman	6320
unlabeled	6320
perpetually	6320
soundings	6320
evicted	6320
differentiates	6320
divisible	6320
multiprocessor	6320
tabla	6320
celluloid	6320
identically	6320
accumulations	6320
lightness	6320
saddlery	6320
admirers	6320
dingo	6320
sessional	6320
pagination	6320
harbinger	6320
accc	6320
mustache	6320
burl	6320
truncate	6320
polygraph	6320
digress	6320
overseen	6320
cowes	6320
revolutionize	6320
dwindling	6320
beaker	6320
fetuses	6320
arcades	6320
baggy	6320
jeweled	6320
childbearing	6320
crayfish	6320
minotaur	6320
rejoicing	6320
heist	6320
repaint	6320
spastic	6320
dickie	6320
quiver	6320
illuminati	6320
piezoelectric	6320
cutouts	6320
ilc	6320
frequented	6320
coronet	6320
discredited	6320
taverns	6320
prodigal	6320
arcsec	6320
wield	6320
resolute	6320
adage	6320
getter	6320
mimics	6320
watermarking	6320
aftercare	6320
wetter	6320
diastolic	6320
defaulted	6320
cesarean	6320
rescinded	6320
conjure	6320
rote	6320
discoloration	6320
recitals	6320
morel	6320
adrift	6319
confiscation	6319
stacie	6319
collages	6319
enabler	6319
mowbray	6319
stings	6319
budge	6319
lufkin	6319
ilk	6319
tenge	6319
turbotax	6319
herbals	6319
moderates	6319
chairmanship	6319
silks	6319
malformed	6319
sequins	6319
seatbelt	6319
dumbbell	6319
chasers	6319
sherwin	6319
fringed	6319
supplementing	6319
lowrider	6319
liaise	6319
citric	6319
opentype	6319
goblins	6319
delineate	6319
nitride	6319
organist	6319
achievers	6319
kneel	6319
rehearing	6319
illuminations	6319
chuckled	6319
alloc	6319
excels	6319
cig	6319
depositary	6319
caveman	6319
furthest	6319
virulent	6319
lanark	6319
yada	6319
masts	6319
garret	6319
placemats	6319
pathologic	6319
commendable	6319
inadequacy	6319
barbaric	6319
otitis	6319
deliciously	6319
ruse	6319
persephone	6319
eatery	6319
peony	6319
cytosolic	6319
glycerin	6319
tailings	6319
shirtless	6319
lifelike	6319
frontera	6319
culled	6319
nucleon	6319
muss	6319
presbytery	6319
tumblers	6319
hideout	6319
calcite	6319
gunshot	6319
supposing	6319
sculptors	6319
spud	6319
unverified	6319
untapped	6319
batty	6319
zealous	6319
fingernails	6319
ocarina	6319
hahahaha	6319
croc	6319
rattlesnake	6318
iridescent	6318
reposted	6318
moduli	6318
payoffs	6318
robberies	6318
defrost	6318
biomarkers	6318
consecutively	6318
elms	6318
excelled	6318
bongs	6318
pretzels	6318
vdd	6318
underdeveloped	6318
twine	6318
meteors	6318
feta	6318
assemblyman	6318
enforcer	6318
judicious	6318
unaltered	6318
customarily	6318
collation	6318
aaas	6318
diction	6318
unoccupied	6318
bloopers	6318
tigris	6318
pedestals	6318
cytoskeleton	6318
wuhan	6318
tribulations	6318
hoists	6318
amitriptyline	6318
scrubber	6318
reentry	6318
kbit	6318
logarithm	6318
granola	6318
inefficiencies	6318
monocular	6318
kankakee	6318
ferrite	6318
buckwheat	6318
enshrined	6318
surpasses	6318
yearling	6318
ayatollah	6318
agape	6318
undifferentiated	6318
wrenching	6318
damnation	6318
reaffirm	6318
rapidity	6318
dian	6318
doxycycline	6318
deleterious	6318
weblogging	6318
cluttered	6318
sportsmanship	6318
relievers	6318
intersecting	6318
lampoon	6318
garibaldi	6318
airtight	6318
firming	6318
shoreham	6318
annular	6318
hallmarks	6318
sparking	6318
ikon	6318
alluvial	6318
xxv	6318
incisive	6318
concealing	6318
clutching	6318
drifts	6318
tenement	6318
discernment	6318
chalice	6318
hypocrite	6318
obsolescence	6318
linguists	6318
recode	6318
onus	6317
harrowing	6317
prefect	6317
oks	6317
reservists	6317
sweetly	6317
cleave	6317
flimsy	6317
statins	6317
obsoleted	6317
rearrangement	6317
disulfide	6317
bypassed	6317
neutralizing	6317
occupiers	6317
kingpin	6317
relaying	6317
bedded	6317
shivering	6317
overlord	6317
daffodil	6317
devotionals	6317
formality	6317
imd	6317
mangroves	6317
lymphocytic	6317
suffices	6317
whosoever	6317
undetectable	6317
graced	6317
vermeil	6317
ultimo	6317
silage	6317
statuary	6317
ejaculate	6317
bilge	6317
moraine	6317
prolactin	6317
bejeweled	6317
sunbelt	6317
intermittently	6317
chewy	6317
armaments	6317
decimation	6317
grins	6317
chewed	6317
hypotension	6317
stateful	6317
busby	6317
accomplishes	6317
patterning	6317
inapplicable	6317
cheep	6317
preexisting	6317
coffeemaker	6317
superconductivity	6317
pasha	6317
amygdala	6317
scour	6317
motionless	6317
dueling	6317
notaries	6317
challengers	6317
galant	6317
fallow	6317
reshape	6317
indictments	6317
aileen	6317
photoset	6317
electrolytic	6317
leapt	6317
gainers	6317
widower	6317
quagmire	6317
physiologic	6317
optimality	6317
riyal	6317
taffy	6317
purging	6317
cleansed	6317
cerebellar	6317
fainting	6317
theorist	6317
scaring	6317
serviceable	6316
heartwarming	6316
obstructed	6316
strider	6316
indigestion	6316
eastlake	6316
jackal	6316
cannonball	6316
snowflakes	6316
massacres	6316
entailed	6316
curative	6316
bier	6316
traitors	6316
igneous	6316
lull	6316
patently	6316
rinsed	6316
delectable	6316
bitmaps	6316
proletariat	6316
biopharmaceutical	6316
analytically	6316
bogged	6316
incremented	6316
valorem	6316
publicist	6316
fanciful	6316
bey	6316
tempera	6316
recyclers	6316
pillsbury	6316
intermediation	6316
lacing	6316
aggregating	6316
mystics	6316
soundboard	6316
teapots	6316
neb	6316
fresher	6316
boho	6316
consummate	6316
titration	6316
boney	6316
brows	6316
lcm	6316
skimmer	6316
technic	6316
gats	6316
extrinsic	6316
sketchy	6316
veda	6316
gooseneck	6316
tiffin	6316
pacer	6316
domesticated	6316
outboards	6316
dismayed	6316
steered	6316
pixmap	6316
bitty	6316
remitted	6316
shew	6316
miraculously	6316
lapses	6316
stethoscope	6316
monotonic	6316
freemasonry	6316
dwells	6316
penitentiary	6316
kahuna	6316
shrewd	6316
washroom	6316
neurotransmitter	6316
intercity	6316
micros	6316
flack	6316
tonite	6316
teething	6316
impatience	6316
mechanistic	6316
flawlessly	6316
lidar	6316
whatnot	6316
tripartite	6316
crass	6315
jot	6315
cartographic	6315
preconditions	6315
gardenia	6315
biotic	6315
benevolence	6315
highgate	6315
suspiciously	6315
taro	6315
reprimand	6315
crowder	6315
mangled	6315
staunch	6315
socialize	6315
deepwater	6315
shaven	6315
ruleset	6315
viscose	6315
manhunt	6315
pavers	6315
fez	6315
elks	6315
occupier	6315
lunchbox	6315
euchre	6315
molestation	6315
quarts	6315
mitosis	6315
paychecks	6315
yells	6315
suitcases	6315
tutu	6315
paisa	6315
vocab	6315
lacs	6315
blindfolded	6315
clocking	6315
hemorrhagic	6315
premiers	6315
wraith	6315
crores	6315
classifiers	6315
nimble	6315
kickstart	6315
hyacinth	6315
biggie	6315
neutralization	6315
durst	6315
naturalists	6315
derelict	6315
kph	6315
preprocessing	6315
particulates	6315
skylark	6315
shrouded	6315
llandudno	6315
brazen	6315
inundated	6315
joie	6315
brahma	6315
prion	6315
pennywise	6315
diphosphate	6315
veracity	6315
pipers	6315
tsunamis	6315
dordogne	6315
proteasome	6315
energizing	6315
butane	6315
angers	6315
bluebonnet	6315
stmt	6315
inked	6315
iid	6315
raps	6315
unwittingly	6315
maturities	6315
jigsaws	6315
distorting	6315
kamikaze	6315
counsels	6315
battlefields	6315
juggernaut	6315
antecedent	6315
consultancies	6314
gramercy	6314
bioavailability	6314
foreplay	6314
privatized	6314
uncovers	6314
gargoyle	6314
legislate	6314
voluptuous	6314
complacent	6314
bodega	6314
hardworking	6314
dockets	6314
dedham	6314
stomping	6314
grandmothers	6314
fiddling	6314
bungie	6314
objet	6314
unaccompanied	6314
superclass	6314
buyback	6314
schooled	6314
uhh	6314
gigolo	6314
kingwood	6314
maximization	6314
picts	6314
foresters	6314
absenteeism	6314
hag	6314
guerre	6314
quantifiable	6314
pion	6314
sliver	6314
leptin	6314
bummer	6314
isometric	6314
retraction	6314
orinoco	6314
dunning	6314
grinch	6314
loveless	6314
sharpened	6314
nostrils	6314
hydrocortisone	6314
cerebrospinal	6314
impure	6314
gridiron	6314
innermost	6314
rumba	6314
yesteryear	6314
orthotics	6314
wry	6314
spunk	6314
pilate	6314
pinning	6314
superdrive	6314
jolene	6314
propellant	6314
touchpad	6314
raisers	6314
confocal	6314
dcl	6314
alms	6314
stung	6314
phantoms	6314
bitstream	6314
retort	6314
bartenders	6314
congregate	6314
meditative	6314
refilling	6314
rangefinder	6314
smirking	6314
chestnuts	6314
exacerbate	6314
expositions	6314
begotten	6314
anemone	6314
equivalently	6314
ninjas	6314
incase	6314
sparkles	6314
collared	6314
stringed	6313
weeding	6313
evasive	6313
syrups	6313
smirk	6313
chiles	6313
estimations	6313
pausing	6313
guesswork	6313
grands	6313
replete	6313
irritant	6313
inconceivable	6313
combinatorics	6313
disconnects	6313
monolith	6313
crutches	6313
intrusions	6313
glories	6313
apportioned	6313
prelims	6313
pawnee	6313
accumulates	6313
squibb	6313
failings	6313
mandala	6313
bristle	6313
terrors	6313
uriah	6313
oblige	6313
calmodulin	6313
timepieces	6313
anklet	6313
determinism	6313
panacea	6313
vibrate	6313
penetrates	6313
normality	6313
cathedrals	6313
toads	6313
wiesbaden	6313
deflect	6313
taoism	6313
liber	6313
perceives	6313
chakras	6313
samara	6313
unsung	6313
gargoyles	6313
massaging	6313
lossy	6313
mitogen	6313
aerodrome	6313
intensification	6313
stumped	6313
cramp	6313
sodom	6313
imitations	6313
mistletoe	6313
perforation	6313
tryout	6313
hallowed	6313
parameterized	6313
manageability	6313
pandas	6313
appease	6313
furlong	6313
homogenous	6313
policyholder	6313
distributional	6313
tidewater	6313
follicular	6313
gonorrhea	6313
listeria	6313
afaik	6313
lawmaker	6313
datatypes	6313
heralded	6313
flavorful	6313
clearest	6313
supersede	6313
shovels	6313
refunding	6313
subcontracts	6313
mediates	6313
phrasing	6313
polyacrylamide	6312
standish	6312
conus	6312
competences	6312
quarries	6312
sensibly	6312
biathlon	6312
mouthed	6312
moxie	6312
biff	6312
gills	6312
paulette	6312
backspace	6312
braids	6312
aways	6312
fugue	6312
dissonance	6312
milder	6312
medicated	6312
inexplicable	6312
counterfeiting	6312
hypothermia	6312
expeditious	6312
carman	6312
timberline	6312
intently	6312
chrysalis	6312
rebooting	6312
storytellers	6312
morphing	6312
lathes	6312
refillable	6312
yearbooks	6312
hoary	6312
tricycle	6312
penne	6312
corse	6312
amphetamines	6312
trillium	6312
transients	6312
concedes	6312
swot	6312
howarth	6312
andante	6312
crocodiles	6312
overtly	6312
ronde	6312
deceiving	6312
oedipus	6312
beamed	6312
bannister	6312
humanoid	6312
scraped	6312
chagrin	6312
infringements	6312
tiredness	6312
panning	6312
wasabi	6312
morecambe	6312
vill	6312
kilobytes	6312
breather	6312
adjudicated	6312
methylene	6312
wholeness	6312
uas	6312
tickled	6312
hindrance	6312
simcity	6312
discreetly	6312
hummingbirds	6312
cotswolds	6312
sparing	6312
heifers	6312
emeralds	6312
wanders	6312
disillusioned	6312
preoccupation	6312
ottomans	6312
ecac	6312
lockable	6312
evaporator	6312
antihistamines	6312
uninstaller	6312
airliner	6312
unwrapped	6312
dumbass	6311
arrhythmias	6311
sateen	6311
uhm	6311
birr	6311
autosomal	6311
restful	6311
purim	6311
rhododendron	6311
aristocratic	6311
scouring	6311
profitably	6311
ddl	6311
pinched	6311
underlay	6311
granule	6311
purport	6311
plunging	6311
shambles	6311
marten	6311
admittance	6311
ageless	6311
bleep	6311
sills	6311
stinking	6311
berwyn	6311
howler	6311
hardtop	6311
carded	6311
reformatted	6311
internment	6311
porridge	6311
dominick	6311
symbolize	6311
standstill	6311
swaying	6311
igloo	6311
ambler	6311
voyeurism	6311
unattractive	6311
referential	6311
hydrating	6311
repressor	6311
diffused	6311
scorecards	6311
firmer	6311
newlines	6311
reproduces	6311
arcana	6311
backhoe	6311
leftists	6311
promulgation	6311
mannequin	6311
mako	6311
unshaven	6311
eprom	6311
rakes	6311
trashed	6311
betsey	6311
lobbies	6311
incognito	6311
cupcakes	6311
silliness	6311
burgh	6311
giggling	6311
coldest	6311
proviso	6311
bazooka	6311
barnyard	6311
dikes	6311
camellia	6311
pronouncements	6311
rescind	6311
artifice	6311
asps	6311
styrofoam	6311
malfunctions	6311
glides	6311
dioxins	6311
excavator	6311
allot	6311
progenitor	6311
abomination	6311
gymnast	6311
inexpensively	6311
mote	6311
forceps	6310
argumentation	6310
passively	6310
mainframes	6310
hurled	6310
adjoint	6310
vesta	6310
wold	6310
monocytes	6310
requestor	6310
splint	6310
straightened	6310
llamas	6310
multifaceted	6310
deranged	6310
contesting	6310
boas	6310
darwinian	6310
touchy	6310
rafters	6310
rebooted	6310
unintelligible	6310
radionuclides	6310
decoys	6310
pariah	6310
meaty	6310
gages	6310
infantile	6310
pinstripe	6310
unspeakable	6310
hemodialysis	6310
tov	6310
egret	6310
cornhuskers	6310
demolish	6310
guildhall	6310
piney	6310
unbundled	6310
functioned	6310
comforted	6310
disgraceful	6310
worshippers	6310
houseware	6310
abundances	6310
servitude	6310
fractionation	6310
aqueduct	6310
framers	6310
cashflow	6310
retouching	6310
streamers	6310
cya	6310
humbled	6310
displacements	6310
radiate	6310
fellas	6310
unicorns	6310
playroom	6310
dandruff	6310
stipulate	6310
leaved	6310
proximate	6310
unionists	6310
bloodlines	6310
secretions	6310
attains	6310
idem	6310
auk	6310
oocytes	6310
armadillo	6310
hark	6310
filers	6310
perturbed	6310
retrievers	6310
pacifier	6310
cemented	6310
dissolves	6310
crowning	6310
unprofessional	6310
hydrographic	6310
smuggled	6310
scones	6310
punctuated	6310
blunder	6310
euston	6310
relativism	6310
belted	6309
ananda	6309
tripwire	6309
aves	6309
rediscovered	6309
headstone	6309
depleting	6309
junkyard	6309
multitasking	6309
felon	6309
byob	6309
spearheaded	6309
nacho	6309
thud	6309
underlining	6309
catalogued	6309
antlers	6309
doubting	6309
differentially	6309
powwows	6309
inductor	6309
encephalopathy	6309
custodians	6309
overstated	6309
insulators	6309
libretto	6309
weds	6309
debatable	6309
reaping	6309
aborigines	6309
dumbest	6309
prowler	6309
loadings	6309
epos	6309
sizzle	6309
desalination	6309
copolymer	6309
lawnmower	6309
nontraditional	6309
estranged	6309
dredged	6309
marcasite	6309
merthyr	6309
scoliosis	6309
decisively	6309
fifths	6309
carport	6309
dubbing	6309
crustaceans	6309
wayback	6309
swims	6309
perk	6309
undeniably	6309
spasm	6309
notables	6309
eminently	6309
snorting	6309
beac	6309
mercilessly	6309
urbanized	6309
loyalist	6309
daybed	6309
rimes	6309
firs	6309
evaporative	6309
preshrunk	6309
naga	6309
finalizing	6309
cobbler	6309
printhead	6309
invigorating	6309
heinous	6309
dusky	6309
manhole	6309
eroding	6309
typewriters	6309
tabasco	6309
purebred	6309
masochism	6309
millington	6309
bergamot	6309
infallible	6309
shutout	6309
loaves	6309
prosthetics	6309
proms	6309
underlines	6309
heeled	6308
quibble	6308
meandering	6308
mosh	6308
bakelite	6308
intermountain	6308
incessant	6308
galesburg	6308
reeder	6308
neoplastic	6308
applesauce	6308
cheery	6308
gluon	6308
curbing	6308
harshly	6308
betterment	6308
feisty	6308
rump	6308
clogging	6308
sweethearts	6308
nonverbal	6308
ladybird	6308
concat	6308
slush	6308
byproduct	6308
specializations	6308
mutton	6308
kbyte	6308
congruent	6308
blinked	6308
selva	6308
aphis	6308
tarantula	6308
snuggle	6308
zigzag	6308
batten	6308
lough	6308
trios	6308
unallocated	6308
dragoon	6308
modi	6308
sympathies	6308
leggings	6308
benefactor	6308
merrily	6308
vouch	6308
blackness	6308
engravers	6308
transitory	6308
wether	6308
hangin	6308
handicaps	6308
gales	6308
hypocrites	6308
larynx	6308
griffon	6308
biologics	6308
instantiate	6308
paperweight	6308
dilation	6308
droughts	6308
bedspread	6308
overtones	6308
quezon	6308
pragmatism	6308
springing	6308
wiretapping	6308
nocturne	6308
fabricate	6308
exabyte	6308
pendragon	6308
altruism	6308
ceasing	6308
meeker	6308
bootlegs	6308
jarrow	6308
dutchman	6308
capricious	6308
harmonize	6308
vela	6308
crescendo	6308
eyelash	6308
gob	6308
antifreeze	6308
beamer	6308
clicker	6308
immobilized	6308
hemodynamic	6307
gipsy	6307
reshaping	6307
contessa	6307
stagecoach	6307
googling	6307
ruddy	6307
miserables	6307
academe	6307
fjord	6307
amalgamated	6307
obeying	6307
gunners	6307
knockoff	6307
pent	6307
gosling	6307
mishaps	6307
subsidence	6307
plastering	6307
promiscuous	6307
asturias	6307
fouling	6307
basso	6307
trailhead	6307
bayshore	6307
dusted	6307
sago	6307
inlets	6307
preprints	6307
fords	6307
anesthetics	6307
parentage	6307
mutter	6307
litters	6307
brothel	6307
rive	6307
magnifiers	6307
shelled	6307
outlandish	6307
sneezing	6307
payables	6307
victimized	6307
tabu	6307
inactivated	6307
respirators	6307
ataxia	6307
storylines	6307
camaraderie	6307
carpark	6307
variegated	6307
gawk	6307
planing	6307
abysmal	6307
termini	6307
bourse	6307
fabrications	6307
tenacity	6307
denture	6307
telesales	6307
moslem	6307
fourths	6307
revolutionized	6307
permanence	6307
protagonists	6307
boliviano	6307
wagoner	6307
storyboard	6307
coincident	6307
axons	6307
immunotherapy	6307
inez	6307
minding	6307
microcosm	6307
bizarro	6307
enviable	6307
accessions	6307
categorically	6307
autoresponder	6307
carpeted	6307
welwyn	6307
vci	6307
catnip	6307
boned	6307
eloquently	6307
seta	6307
annes	6307
overtaken	6307
hock	6306
altamonte	6306
subheading	6306
pillowcases	6306
fibonacci	6306
bridgeton	6306
renews	6306
junky	6306
extinguish	6306
ballasts	6306
jbuilder	6306
lowing	6306
bullied	6306
accruing	6306
dirge	6306
interleaved	6306
actuated	6306
bluish	6306
pusher	6306
tingle	6306
gnostic	6306
uninstalling	6306
heft	6306
ambivalent	6306
captivated	6306
parlors	6306
mmi	6306
typist	6306
lamented	6306
moisturizers	6306
bruise	6306
perfumed	6306
lamination	6306
carpe	6306
scottie	6306
pons	6306
fistful	6306
somethings	6306
staffer	6306
dames	6306
cornucopia	6306
countering	6306
unfettered	6306
lewd	6306
appraise	6306
runny	6306
thither	6306
rebuke	6306
collated	6306
reorg	6306
occasioned	6306
swayed	6306
dupe	6306
bogs	6306
stressors	6306
affording	6306
collocation	6306
assuredly	6306
vesicle	6306
allusions	6306
stuffers	6306
ichat	6306
shadowed	6306
lubricated	6306
vigilante	6306
gauging	6306
lipase	6306
constabulary	6306
seamen	6306
cricketer	6306
intelligible	6306
defibrillator	6306
drooling	6306
staines	6306
overlaid	6306
censors	6306
adversarial	6306
shakespearean	6306
demonstrator	6306
voyeurs	6306
edict	6306
octavia	6306
hysteresis	6306
boyhood	6306
sustenance	6306
workspaces	6306
campion	6306
shrew	6306
foals	6305
sculpt	6305
freya	6305
disrespectful	6305
confounding	6305
dispensation	6305
bagpipes	6305
devaluation	6305
mineralization	6305
depreciated	6305
trafficked	6305
diagonally	6305
cased	6305
gurl	6305
laterally	6305
prays	6305
wizardry	6305
nonce	6305
fervent	6305
lemme	6305
headrest	6305
elevating	6305
chaperone	6305
eurythmics	6305
transboundary	6305
reclassified	6305
delusional	6305
tosh	6305
tinkering	6305
unneeded	6305
likened	6305
leukocytes	6305
hydride	6305
sketched	6305
mauna	6305
firmness	6305
kilns	6305
bpi	6305
injustices	6305
assemblers	6305
unequivocally	6305
karst	6305
selfless	6305
gynecologists	6305
guestbooks	6305
dongs	6305
perspiration	6305
schoolers	6305
kidnappers	6305
liquidator	6305
mirth	6305
stowaway	6305
brainer	6305
pauper	6305
channeled	6305
tastings	6305
neurosciences	6305
factorial	6305
librarianship	6305
brooms	6305
vocabularies	6305
blasters	6305
livable	6305
ushered	6305
remedied	6305
vocations	6305
ramblers	6305
counterproductive	6305
catskill	6305
scorched	6305
environmentalism	6305
kilts	6305
instep	6305
septum	6305
animators	6305
neoclassical	6305
machiavelli	6305
mediaeval	6305
piezo	6305
escudo	6305
petter	6305
adenine	6305
fren	6305
lysis	6305
pastas	6305
malformations	6305
alexia	6305
checkup	6304
nanotube	6304
mignon	6304
houseboat	6304
lifesaving	6304
clementine	6304
tayside	6304
smokeless	6304
rani	6304
razorbacks	6304
ionized	6304
molex	6304
thorax	6304
placental	6304
warship	6304
parses	6304
newsmakers	6304
homocysteine	6304
metamorphic	6304
corinthian	6304
rattles	6304
cld	6304
singularities	6304
trophic	6304
dislocated	6304
marvels	6304
insemination	6304
booby	6304
houma	6304
conceivably	6304
quetzal	6304
shoshone	6304
homing	6304
podiatrists	6304
conch	6304
injunctions	6304
cytotoxicity	6304
crunching	6304
weevil	6304
integrations	6304
morgue	6304
unpatched	6304
kickers	6304
exuberant	6304
biosecurity	6304
electrification	6304
peninsular	6304
juggle	6304
composure	6304
yeshiva	6304
sociologist	6304
contradicted	6304
finitely	6304
spect	6304
birthright	6304
corny	6304
histocompatibility	6304
errant	6304
proofread	6304
woolwich	6304
rearranged	6304
heifer	6304
earthen	6304
sulfuric	6304
uplands	6304
renderings	6304
bulleted	6304
acupressure	6304
portcullis	6304
operon	6304
noose	6304
suspends	6304
stratigraphy	6304
recur	6304
surfed	6304
steins	6304
babu	6304
desirous	6304
exemplar	6304
shivers	6304
surefire	6304
smitten	6304
waterworks	6304
headlamps	6304
isomerase	6304
dunstable	6304
hendon	6304
accreditations	6304
rarest	6303
macadamia	6303
takin	6303
bfs	6303
disqualify	6303
rashes	6303
averted	6303
dissipated	6303
equated	6303
swig	6303
unionist	6303
lytham	6303
clocked	6303
masquerading	6303
discernible	6303
complementing	6303
pennants	6303
camas	6303
looser	6303
bookie	6303
boggling	6303
ptolemy	6303
skewers	6303
lauded	6303
consonants	6303
demarcation	6303
zooms	6303
roadblocks	6303
miocene	6303
homophobic	6303
diamondback	6303
steeple	6303
foosball	6303
lumberjack	6303
concussion	6303
nailing	6303
epidermis	6303
photoshoot	6303
rhinoplasty	6303
peptic	6303
tannins	6303
deadliest	6303
sparingly	6303
penance	6303
psychotropic	6303
hypothalamus	6303
priestly	6303
curtailed	6303
manipulator	6303
coromandel	6303
timestamps	6303
conspicuously	6303
risked	6303
bowled	6303
breaststroke	6303
ichi	6303
modernized	6303
blemishes	6303
deductibles	6303
eagerness	6303
peacemaker	6303
pearly	6303
ilia	6303
bookmarked	6303
letterbox	6303
halal	6303
kirsch	6303
roadhouse	6303
recklessly	6303
charted	6303
microtubule	6303
cubicles	6303
islets	6303
apothecary	6303
switchable	6303
altus	6303
phospholipase	6303
transformative	6303
anhydrous	6303
looted	6303
unmoderated	6303
wagers	6303
ravioli	6303
walling	6303
marblehead	6303
jointed	6303
cameltoes	6303
ribosome	6303
carnivals	6302
heyday	6302
topsoil	6302
isomers	6302
lemans	6302
voce	6302
telescoping	6302
pulsating	6302
beaming	6302
balancer	6302
dinghies	6302
chooser	6302
apparels	6302
taint	6302
timescales	6302
lounging	6302
athenian	6302
predisposition	6302
bugging	6302
outwardly	6302
tumultuous	6302
lyndhurst	6302
symbiotic	6302
dyslexic	6302
mmap	6302
wishbone	6302
overseer	6302
chine	6302
crier	6302
collab	6302
squirter	6302
infecting	6302
penetrations	6302
protea	6302
polyvinyl	6302
ganglion	6302
bunt	6302
decompose	6302
unimaginable	6302
chimpanzees	6302
briton	6302
glistening	6302
hamza	6302
moonshine	6302
centimeter	6302
excreted	6302
scribble	6302
fete	6302
peculiarities	6302
nonprescription	6302
firework	6302
localize	6302
tablatures	6302
beset	6302
vigorish	6302
dcd	6302
involuntarily	6302
chested	6302
swede	6302
hydrothermal	6302
hoke	6302
discoverer	6302
ramen	6302
intensifying	6302
copyleft	6302
outfitted	6302
adoptee	6302
intersects	6302
grandmaster	6302
livers	6302
historiography	6302
downgrades	6302
scrapping	6302
plowing	6302
militarism	6302
glassy	6302
bullhead	6302
riddled	6302
mimosa	6302
wealthiest	6302
wildfires	6302
shrill	6302
ellyn	6302
halved	6302
swedes	6302
headland	6302
multilink	6302
quarterfinals	6302
hobbyist	6302
agitator	6301
homozygous	6301
utensil	6301
puller	6301
glows	6301
heighten	6301
surpassing	6301
dinning	6301
pfd	6301
misfit	6301
hamden	6301
ladle	6301
quotable	6301
asides	6301
pinks	6301
rusted	6301
zirconium	6301
naturalistic	6301
dogmatic	6301
guan	6301
tristram	6301
rectification	6301
duisburg	6301
pows	6301
ballon	6301
surly	6301
highpoint	6301
stratospheric	6301
preeminent	6301
nonparametric	6301
fertilized	6301
mistral	6301
zeroes	6301
admirer	6301
divisor	6301
wanderlust	6301
cleat	6301
motioned	6301
shite	6301
catastrophes	6301
thickened	6301
immediacy	6301
candor	6301
olivet	6301
felonies	6301
gasification	6301
vibrio	6301
leda	6301
casebook	6301
yaw	6301
searing	6301
detonation	6301
wigwam	6301
approximating	6301
beheaded	6301
postmark	6301
pinewood	6301
tangential	6301
headhunter	6301
bereaved	6301
bustier	6301
apologizes	6301
drugged	6301
muskogee	6301
glebe	6301
seahorse	6301
motte	6301
softener	6301
breaching	6301
maelstrom	6301
rivalries	6301
gnomes	6301
prioritizing	6301
affectionately	6301
seraphim	6301
dodgeball	6301
uneducated	6301
necessitates	6301
alopecia	6301
keyboarding	6301
beachside	6301
blunders	6301
proportionately	6301
lineages	6301
dermatologists	6301
marbled	6301
bothersome	6301
draconian	6301
approver	6300
articular	6300
trackball	6300
werewolves	6300
autocorrelation	6300
mocked	6300
holler	6300
fain	6300
duns	6300
guanine	6300
brews	6300
cruelly	6300
tapioca	6300
furrow	6300
semantically	6300
fewest	6300
parables	6300
valkyrie	6300
drowsy	6300
cashew	6300
unproven	6300
bushel	6300
myocardium	6300
cypher	6300
beholder	6300
cursive	6300
hydrated	6300
forties	6300
sedition	6300
photosynthetic	6300
lutherans	6300
examen	6300
pips	6300
tongued	6300
ghastly	6300
vaudeville	6300
succumb	6300
unapproved	6300
emm	6300
nematodes	6300
jaclyn	6300
gremlins	6300
bolero	6300
togethers	6300
paroxetine	6300
powertrain	6300
immunized	6300
nuneaton	6300
fica	6300
ricochet	6300
aberrant	6300
inquisitive	6300
wyandotte	6300
dumber	6300
ruptured	6300
insoles	6300
starlet	6300
earner	6300
doorways	6300
radiologists	6300
nutraceuticals	6300
sirs	6300
overruled	6300
menagerie	6300
zoomed	6300
teamsters	6300
groupie	6300
thrombin	6300
laminar	6300
forked	6300
immunoglobulins	6300
apprehensive	6300
cowards	6300
camber	6300
vxi	6300
colliery	6300
incubators	6300
sweeties	6300
landfall	6300
cowl	6300
borderless	6300
captors	6300
fils	6300
laity	6300
hyperlinked	6300
birkenhead	6300
prefixed	6300
purposefully	6300
gutted	6300
arming	6299
grr	6299
amassed	6299
itinerant	6299
slat	6299
freeways	6299
multithreaded	6299
newlyweds	6299
burnin	6299
reelection	6299
hales	6299
vitreous	6299
countable	6299
dolomite	6299
felons	6299
salvaged	6299
afterglow	6299
dormitories	6299
millwork	6299
takedown	6299
colostrum	6299
dearth	6299
palatable	6299
unmasked	6299
homies	6299
tarmac	6299
conservator	6299
pipettes	6299
goon	6299
expository	6299
complementarity	6299
instinctive	6299
restlessness	6299
benzodiazepines	6299
mii	6299
stalling	6299
decors	6299
burlesque	6299
regaining	6299
hausfrau	6299
goldfields	6299
rickey	6299
perversion	6299
swells	6299
beefy	6299
pica	6299
skits	6299
acquaint	6299
tog	6299
ethnology	6299
havelock	6299
mahjongg	6299
davao	6299
lengthening	6299
taut	6299
charade	6299
bobbin	6299
mechanized	6299
reassigned	6299
doings	6299
bursa	6299
financiers	6299
foolishness	6299
lites	6299
centrifugation	6299
welds	6299
unequivocal	6299
coptic	6299
conglomerates	6299
dehumidifiers	6299
dumper	6299
noire	6299
spiny	6299
dropkick	6299
silken	6299
elastomer	6299
wahoo	6299
anagram	6299
stringing	6299
bazar	6299
newsworthy	6299
sensitization	6299
hyperactive	6299
thrusting	6299
pavilions	6299
antenatal	6299
pluggable	6299
hemophilia	6299
kola	6299
revitalizing	6298
clung	6298
seepage	6298
hie	6298
nonviolence	6298
purports	6298
brushless	6298
technicolor	6298
needlessly	6298
rehabilitated	6298
squatting	6298
cordially	6298
expendable	6298
succumbed	6298
soulmate	6298
maxis	6298
poppers	6298
iic	6298
superstitions	6298
datebook	6298
rapists	6298
spangled	6298
seabed	6298
orly	6298
complicating	6298
texturing	6298
correspondences	6298
groomsmen	6298
rectory	6298
suzhou	6298
headboards	6298
cil	6298
palomino	6298
diptera	6298
graze	6298
looped	6298
erythrocyte	6298
unobtrusive	6298
myelin	6298
fragility	6298
invoiced	6298
hangul	6298
currant	6298
modulators	6298
brownian	6298
mousepads	6298
archivists	6298
underlies	6298
intricacies	6298
herringbone	6298
afoot	6298
oddity	6298
moorcock	6298
cornered	6298
eyeliner	6298
auspicious	6298
woken	6298
splashing	6298
aphids	6298
hotly	6298
cutthroat	6298
coincidental	6298
puffed	6298
disapproved	6298
interlaced	6298
vaseline	6298
strontium	6298
presumptive	6298
crustal	6298
hackman	6298
comprehensible	6298
seduces	6298
fallacies	6298
unambiguously	6298
cutbacks	6298
sawdust	6298
hemet	6298
metaphorical	6298
leaped	6298
alertness	6298
embers	6298
multimeter	6298
assemblages	6298
peseta	6298
glitz	6298
kewl	6298
searchlight	6298
bidi	6298
moldings	6298
snob	6298
ballets	6297
spaceflight	6297
proportionality	6297
overruns	6297
stave	6297
sordid	6297
mentorship	6297
snowing	6297
oligonucleotides	6297
videotaped	6297
bleeds	6297
jukeboxes	6297
crud	6297
canaries	6297
semblance	6297
shins	6297
coms	6297
outro	6297
pneumococcal	6297
avenge	6297
alleviating	6297
inservice	6297
punts	6297
yarrow	6297
fickle	6297
wakeup	6297
outnumbered	6297
meatloaf	6297
datafile	6297
zzzz	6297
polices	6297
dogging	6297
plasminogen	6297
lukewarm	6297
rotunda	6297
asymptotically	6297
observances	6297
crick	6297
enveloped	6297
faintly	6297
instabilities	6297
indiscriminate	6297
alphonse	6297
reforestation	6297
paradoxically	6297
inductors	6297
symlinks	6297
gatorade	6297
cava	6297
oligo	6297
chairpersons	6297
spca	6297
zapper	6297
materialized	6297
accolade	6297
memorized	6297
raison	6297
interpretative	6297
eyeballs	6297
roping	6297
barricades	6297
devoting	6297
oxymoron	6297
maryann	6297
pentagram	6297
idolatry	6297
viv	6297
infusions	6297
decked	6297
choppy	6297
introspective	6297
gos	6297
fwy	6297
aggravation	6297
sedge	6297
stipends	6297
pinching	6297
riboflavin	6297
tine	6297
ubiquity	6297
vandal	6297
romper	6297
pretenders	6297
infidels	6297
dweller	6297
bitumen	6297
diabolic	6297
demonstrable	6297
priestess	6297
rummy	6296
paleo	6296
nimrod	6296
pinscher	6296
constructively	6296
irritate	6296
spliced	6296
finca	6296
repeatability	6296
gunning	6296
beards	6296
churchyard	6296
tadpole	6296
despicable	6296
canter	6296
reminiscences	6296
berserk	6296
cardiologist	6296
leis	6296
fellatio	6296
racy	6296
stoop	6296
breadcrumbs	6296
remaster	6296
curvy	6296
envisage	6296
basements	6296
crucially	6296
facile	6296
coerced	6296
decoupling	6296
billets	6296
monroeville	6296
environmentalist	6296
sneeze	6296
dignitaries	6296
mistreatment	6296
shona	6296
somber	6296
infective	6296
shards	6296
acadian	6296
overgrown	6296
phonetics	6296
statesmen	6296
advices	6296
whimsy	6296
coffers	6296
carboxylic	6296
traceback	6296
microdermabrasion	6296
waterbody	6296
jeeps	6296
awry	6296
celt	6296
tiverton	6296
lode	6296
spay	6296
followups	6296
biarritz	6296
bessemer	6296
rages	6296
iceman	6296
clumps	6296
pegged	6296
tithe	6296
liberator	6296
rediscover	6296
subordination	6296
wavefront	6296
fictions	6296
deposed	6296
meningococcal	6296
ketone	6296
glazer	6296
trending	6296
geodesic	6296
disinterested	6296
forsake	6296
congruence	6296
conspirators	6296
unresponsive	6296
baboon	6296
swamped	6296
ensues	6296
omani	6296
tenuous	6296
surfactants	6296
cohomology	6296
epicenter	6296
toke	6295
elated	6295
phenomenological	6295
debriefing	6295
miniskirts	6295
buttered	6295
lentil	6295
backer	6295
albedo	6295
angora	6295
stuffy	6295
cocky	6295
pitchfork	6295
depress	6295
eccentricity	6295
interconnections	6295
toiletry	6295
sats	6295
transgression	6295
idealized	6295
clings	6295
flamboyant	6295
exchangeable	6295
stretchy	6295
starburst	6295
neurologist	6295
kitties	6295
clergyman	6295
dottie	6295
scape	6295
homicides	6295
ronny	6295
pledging	6295
hubris	6295
bottomline	6295
neuropsychological	6295
puddings	6295
partisans	6295
genitalia	6295
mausoleum	6295
idler	6295
waiving	6295
swirls	6295
dampers	6295
dawned	6295
eigenvectors	6295
extrapolated	6295
chaining	6295
carelessly	6295
defected	6295
campylobacter	6295
northumbria	6295
dumbo	6295
holocene	6295
narcissus	6295
superconductors	6295
distillate	6295
unweighted	6295
skimming	6295
stomachs	6295
escalator	6295
periwinkle	6295
namesake	6295
choreographed	6295
slaps	6295
gravesend	6295
lovemaking	6295
farrow	6295
annulment	6295
gratuity	6295
reorganize	6295
spate	6295
foothold	6295
belladonna	6295
sobering	6295
carcinogenicity	6295
semis	6295
suppressors	6295
leachate	6295
dingle	6295
gleam	6295
hydroponic	6295
recalculate	6295
maltreatment	6295
meerut	6295
relaxes	6295
supposition	6295
halos	6295
cracow	6295
webcomics	6295
dioceses	6294
sprinkling	6294
besieged	6294
malaise	6294
draperies	6294
postdoc	6294
biceps	6294
hydrant	6294
hamstring	6294
tinderbox	6294
naw	6294
streetwise	6294
imprinting	6294
rococo	6294
nucleation	6294
superlative	6294
deviance	6294
presser	6294
tetrahedron	6294
materialize	6294
fondness	6294
chamois	6294
merchandiser	6294
blacklisted	6294
multiplicative	6294
urethra	6294
retroactively	6294
seared	6294
gcd	6294
tinged	6294
kilos	6294
professorship	6294
multivitamin	6294
emoticon	6294
leeward	6294
mercator	6294
fruitless	6294
tamer	6294
lyricist	6294
macromolecules	6294
fungicides	6294
amines	6294
ticklish	6294
alienate	6294
beneficially	6294
tugrik	6294
monotype	6294
pigmented	6294
ridership	6294
athenaeum	6294
faking	6294
displeasure	6294
endoplasmic	6294
connoisseurs	6294
mutilated	6294
usefully	6294
masa	6294
risotto	6294
follicles	6294
ashtabula	6294
instituting	6294
exmouth	6294
stimulators	6294
threefold	6294
conflicted	6294
retirements	6294
innocently	6294
deepened	6294
clef	6294
brainwashed	6294
gridlock	6294
integrable	6294
chalkboard	6294
unranked	6294
anaemia	6294
trice	6294
pretense	6294
jungles	6294
permian	6294
unaffiliated	6294
imitating	6294
infractions	6294
shreds	6294
backdrops	6294
globulin	6294
woah	6294
petitioned	6294
violator	6294
boxcar	6294
pounder	6294
kronor	6294
thad	6293
archway	6293
tocopherol	6293
pharmacokinetic	6293
intercepts	6293
tirelessly	6293
adsorbed	6293
phospholipid	6293
reiterates	6293
oversaw	6293
loudest	6293
ultimatum	6293
outsourcer	6293
eyeshadow	6293
shuffled	6293
pushbutton	6293
shelling	6293
observant	6293
unhappiness	6293
cinder	6293
viaduct	6293
elastomers	6293
pelt	6293
laurels	6293
methodical	6293
wadi	6293
secularism	6293
engulfed	6293
bequests	6293
cellspacing	6293
trekker	6293
llm	6293
monotonous	6293
glyphs	6293
neuroblastoma	6293
thorp	6293
glandular	6293
aligns	6293
rejuvenate	6293
operatic	6293
ifconfig	6293
malevolent	6293
lessened	6293
stile	6293
reciting	6293
nadir	6293
recoup	6293
franchised	6293
relocatable	6293
naught	6293
warhead	6293
backfill	6293
fascists	6293
adjacency	6293
antagonism	6293
prisms	6293
gorton	6293
insta	6293
cellpadding	6293
coinage	6293
endgame	6293
unproductive	6293
banqueting	6293
curbside	6293
planer	6293
hermaphrodite	6293
gavel	6293
bassinets	6293
nefarious	6293
gah	6293
stoppage	6293
defray	6293
inputting	6293
dimming	6293
endangering	6293
zealots	6293
weighty	6293
goof	6293
landmine	6293
oeuvre	6293
subsided	6293
sahib	6293
notifier	6293
gasping	6293
valerian	6293
idiocy	6293
frenzied	6293
postulate	6293
enrollee	6293
authenticating	6293
revisor	6293
trespassing	6292
profs	6292
foams	6292
orbitals	6292
hammerhead	6292
pendent	6292
klezmer	6292
edifice	6292
facia	6292
vermin	6292
stalemate	6292
loosening	6292
classifies	6292
ischia	6292
ankh	6292
incurs	6292
dialectic	6292
rationalization	6292
brokering	6292
viewport	6292
tantalizing	6292
rhinoceros	6292
adjutant	6292
malignancies	6292
jpegs	6292
spitz	6292
lobbied	6292
sickening	6292
splat	6292
pondered	6292
gallium	6292
mannered	6292
sorbet	6292
snows	6292
steeper	6292
rangoon	6292
depriving	6292
stalwart	6292
sharia	6292
topiary	6292
cataloged	6292
verandah	6292
buttery	6292
deformity	6292
cronies	6292
extendable	6292
ager	6292
optometrist	6292
undervalued	6292
bogey	6292
kana	6292
pipette	6292
invalidity	6292
coveralls	6292
soundly	6292
isolator	6292
wicking	6292
dank	6292
zany	6292
austral	6292
canvases	6292
applauds	6292
weakens	6292
interferometer	6292
barbican	6292
ebcdic	6292
criminally	6292
lariat	6292
psychopathology	6292
cartoonists	6292
appellees	6292
redraw	6292
mahesh	6292
pursuance	6292
scapegoat	6292
nanometer	6292
faceless	6292
aftershock	6292
gena	6292
whiteboards	6292
strategists	6292
loti	6292
hydrotherapy	6292
marionette	6292
anathema	6292
typeof	6292
nitty	6292
ddb	6292
quintile	6292
dehumidifier	6292
industrials	6291
bouncers	6291
mages	6291
trifle	6291
chk	6291
trigraphs	6291
forefathers	6291
piraeus	6291
browsable	6291
xxvi	6291
workhorse	6291
iterated	6291
pooping	6291
eradicated	6291
preferentially	6291
fraternities	6291
diuretic	6291
unexpired	6291
biscotti	6291
toga	6291
everyones	6291
refractor	6291
bouldering	6291
dysphagia	6291
inadmissible	6291
redesigning	6291
zooplankton	6291
philatelic	6291
berths	6291
modularity	6291
innocuous	6291
heroines	6291
retake	6291
unpacked	6291
keto	6291
tias	6291
marengo	6291
quiche	6291
resales	6291
clenched	6291
evaporate	6291
transcriber	6291
midwinter	6291
notarized	6291
neocons	6291
franchisor	6291
undoing	6291
vying	6291
communes	6291
cassava	6291
bedspreads	6291
pooch	6291
morphism	6291
gripper	6291
tavistock	6291
disappointments	6291
negated	6291
musicianship	6291
puns	6291
adios	6291
purview	6291
hilt	6291
xxxl	6291
dyfed	6291
devoured	6291
biomaterials	6291
overpass	6291
inwardly	6291
goaltender	6291
speedometer	6291
smothered	6291
carteret	6291
fatwa	6291
eulogy	6291
bottomed	6291
superscript	6291
proteinase	6291
siva	6291
pernicious	6291
haircuts	6291
crewneck	6291
discriminant	6291
continua	6291
babbitt	6291
reims	6291
scrimmage	6291
multiplexers	6291
privates	6291
whims	6291
hew	6291
carnivore	6291
egalitarian	6291
mortgagee	6290
skirmish	6290
roan	6290
nags	6290
anyplace	6290
ventilating	6290
retreating	6290
mohave	6290
nonsensical	6290
gallows	6290
rheumatism	6290
devotee	6290
cowardice	6290
fabled	6290
prolly	6290
microform	6290
fangs	6290
animosity	6290
dosimetry	6290
smelter	6290
dynamism	6290
wily	6290
rabat	6290
wiles	6290
devs	6290
ensue	6290
manmade	6290
sagging	6290
statics	6290
crumbled	6290
puja	6290
rucksack	6290
sybil	6290
phenylephrine	6290
cupcake	6290
pekin	6290
defied	6290
hopelessness	6290
errand	6290
yeoman	6290
polycystic	6290
slimy	6290
raggedy	6290
coerce	6290
payloads	6290
overhang	6290
customizations	6290
stunningly	6290
sobbing	6290
muslin	6290
hugger	6290
xcd	6290
prequel	6290
deliberative	6290
tattooing	6290
shekels	6290
billerica	6290
estoppel	6290
emigrant	6290
dodo	6290
torr	6290
cytomegalovirus	6290
supercool	6290
contaminate	6290
bassinet	6290
taillights	6290
visionaries	6290
salesmen	6290
thorny	6290
hibernation	6290
ponders	6290
innkeepers	6290
epistles	6290
aromatics	6290
interplanetary	6290
landcare	6290
discontinuing	6290
bork	6290
trampled	6290
sealers	6290
interbank	6290
hullabaloo	6290
erratum	6290
anthracite	6290
earbud	6290
coastlines	6290
meditating	6290
trunking	6290
foxtrot	6290
patchouli	6290
inequities	6290
testes	6289
defaulting	6289
merciless	6289
securitization	6289
nsfw	6289
borer	6289
originators	6289
censoring	6289
oriole	6289
chipotle	6289
clump	6289
reusing	6289
shiner	6289
rhesus	6289
transcribe	6289
datagrams	6289
invalidated	6289
shenanigans	6289
atrocity	6289
proportionally	6289
untrained	6289
thrusts	6289
championed	6289
biosolids	6289
billable	6289
tiresome	6289
splashed	6289
givers	6289
antonyms	6289
cockroaches	6289
faraway	6289
lune	6289
underwritten	6289
biofuels	6289
tarps	6289
sociologists	6289
ellesmere	6289
ingest	6289
gazebos	6289
sirloin	6289
moccasins	6289
parthenon	6289
cyclophosphamide	6289
abounds	6289
salutes	6289
collided	6289
tilde	6289
potash	6289
boarders	6289
lapping	6289
chivalry	6289
mahi	6289
rangeland	6289
commonality	6289
xid	6289
midis	6289
regrettably	6289
playbook	6289
frustrate	6289
exhibitionists	6289
sideboard	6289
poaching	6289
wyvern	6289
muffled	6289
inlays	6289
lockets	6289
whitey	6289
foiled	6289
guyanese	6289
laryngeal	6289
outfielder	6289
flocked	6289
slapstick	6289
connaught	6289
dialers	6289
subculture	6289
cmx	6289
modded	6289
skids	6289
roselle	6289
tether	6289
hyperbole	6289
marathons	6289
skeet	6289
toucan	6289
masterclass	6289
oxidizing	6289
kennebec	6289
intergalactic	6289
cii	6289
brahman	6289
phosphorous	6289
pulsing	6288
photocopiers	6288
obligor	6288
matcher	6288
listbox	6288
heralds	6288
sterility	6288
lessors	6288
dynasties	6288
prowl	6288
luminaries	6288
karats	6288
amiable	6288
hadronic	6288
piecewise	6288
sittings	6288
undulating	6288
recharging	6288
dmm	6288
thatched	6288
intermedia	6288
urinal	6288
payphone	6288
rockfish	6288
duodenal	6288
uninstalled	6288
irrevocably	6288
coworker	6288
cyclades	6288
longterm	6288
screenplays	6288
shiites	6288
hinders	6288
jitsu	6288
tubers	6288
lactobacillus	6288
cloner	6288
unrelenting	6288
otaku	6288
neuropsychology	6288
expeditiously	6288
antiquated	6288
jerked	6288
sputtering	6288
femininity	6288
opulent	6288
deferment	6288
mots	6288
dimly	6288
wam	6288
coconuts	6288
confuses	6288
executors	6288
waders	6288
squall	6288
frogger	6288
rya	6288
nothingness	6288
hellfire	6288
havering	6288
chokes	6288
antagonistic	6288
cinque	6288
bowery	6288
immovable	6288
caterpillars	6288
outlier	6288
consigned	6288
fervor	6288
camshaft	6288
exotica	6288
scooped	6288
bijou	6288
innervation	6288
reefer	6288
exerts	6288
constraining	6288
idling	6288
fuser	6288
lepton	6288
cursory	6288
wiktionary	6288
kingstown	6288
dissipate	6288
batsman	6288
hymen	6288
wavelets	6288
cogs	6288
desorption	6288
refuted	6288
bellflower	6288
watertight	6288
ionian	6287
stevia	6287
americanism	6287
photocopier	6287
talc	6287
pessimism	6287
penises	6287
vehemently	6287
velvety	6287
backordered	6287
mononuclear	6287
unocal	6287
wheezing	6287
conferees	6287
ternary	6287
footballer	6287
sisyphus	6287
foolproof	6287
teeming	6287
paradoxes	6287
someones	6287
foolishly	6287
immunosuppressive	6287
inanimate	6287
panting	6287
depositor	6287
comers	6287
acidophilus	6287
deci	6287
defensively	6287
romaine	6287
forgo	6287
tacks	6287
lithographs	6287
effusion	6287
educates	6287
lunacy	6287
signers	6287
dimensionality	6287
loathe	6287
eyepieces	6287
earbuds	6287
makeovers	6287
unprocessed	6287
notoriety	6287
centra	6287
hydroxyl	6287
showered	6287
interacted	6287
polishes	6287
brats	6287
huddle	6287
numismatic	6287
avoidable	6287
adenoma	6287
aah	6287
prostaglandins	6287
beaconsfield	6287
lakhs	6287
flammability	6287
truancy	6287
taxicab	6287
confounded	6287
flatiron	6287
midlife	6287
coughs	6287
unavailability	6287
rooter	6287
widener	6287
cll	6287
pretends	6287
vmi	6287
residencies	6287
faery	6287
disrupts	6287
onetime	6287
gating	6287
widens	6287
omnipotent	6287
deflated	6287
infestations	6287
poise	6287
judgmental	6287
antipsychotic	6287
ringed	6287
slaughterhouse	6287
bagging	6287
huddled	6287
unsteady	6287
brainwashing	6287
duchy	6287
disconnecting	6287
malacca	6286
telcos	6286
carrion	6286
summarily	6286
sphincter	6286
infill	6286
ejaculations	6286
leopards	6286
etude	6286
stereotyping	6286
rearranging	6286
geographies	6286
programmatically	6286
sanctified	6286
handicapper	6286
plantar	6286
tradesmen	6286
excitedly	6286
quarrying	6286
approachable	6286
braced	6286
sweetener	6286
braised	6286
gaunt	6286
nourished	6286
spigot	6286
skilling	6286
nailer	6286
cornstarch	6286
hepatocytes	6286
coupes	6286
daffodils	6286
chloroplast	6286
pollute	6286
charing	6286
buzzword	6286
pistachio	6286
riverbank	6286
predominately	6286
metalware	6286
pomp	6286
rohm	6286
pretzel	6286
warping	6286
connotations	6286
noms	6286
wilber	6286
yardstick	6286
neutrophil	6286
supernatant	6286
segmental	6286
multitudes	6286
imperium	6286
supercharger	6286
thicknesses	6286
sprouting	6286
spew	6286
vestibular	6286
deceleration	6286
summoning	6286
consignee	6286
aldehyde	6286
pronged	6286
baring	6286
jacked	6286
tartar	6286
centerfolds	6286
brownish	6286
cropland	6286
nazism	6286
operationally	6286
testicle	6286
rejoin	6286
rosettes	6286
pinter	6286
guaifenesin	6286
bifida	6286
stratigraphic	6286
snipers	6286
gosport	6286
rubrics	6286
harken	6286
volition	6286
cooperated	6286
cano	6286
crawls	6286
kearny	6286
suave	6286
riddance	6286
gulp	6286
greaves	6286
lurk	6286
amoco	6285
smudge	6285
tulle	6285
gabby	6285
helplessness	6285
dumbbells	6285
circumstantial	6285
homotopy	6285
ironwood	6285
adiabatic	6285
pend	6285
naturalism	6285
patties	6285
accelerometer	6285
galloping	6285
indestructible	6285
principality	6285
milli	6285
penobscot	6285
gambier	6285
indulging	6285
darrel	6285
allusion	6285
laminator	6285
bosh	6285
smeared	6285
quadrature	6285
liqueurs	6285
tablecloths	6285
herder	6285
outfall	6285
unzipped	6285
winifred	6285
parasol	6285
interchangeably	6285
concurs	6285
deformations	6285
farting	6285
nonspecific	6285
ohhh	6285
atopic	6285
coloration	6285
culling	6285
stingy	6285
zealot	6285
toot	6285
succinctly	6285
gooey	6285
lisinopril	6285
devotes	6285
shanti	6285
turmeric	6285
carnelian	6285
abstracting	6285
snares	6285
parietal	6285
glyphosate	6285
underpants	6285
appleseed	6285
mandating	6285
bidet	6285
transdermal	6285
illegible	6285
recreating	6285
snot	6285
mortars	6285
didst	6285
ductile	6285
dimensionless	6285
curiosities	6285
wither	6285
contractually	6285
kippur	6285
fibroids	6285
courtyards	6285
flattening	6285
sterilized	6285
unformatted	6285
insulate	6285
cobblestone	6285
showplace	6285
stockpiles	6285
mandir	6285
seamed	6285
camberley	6285
meteorologist	6285
colonoscopy	6285
calmed	6285
flattered	6285
babbling	6285
alkaloids	6285
centrality	6285
pisses	6285
campaigned	6284
admirably	6284
vipers	6284
twinning	6284
taster	6284
nightfall	6284
sourdough	6284
warrantless	6284
croat	6284
arbors	6284
ashtrays	6284
punters	6284
dropper	6284
sarkar	6284
wack	6284
hurl	6284
loyalists	6284
kendo	6284
surinam	6284
xenophobia	6284
dory	6284
sheltering	6284
krypton	6284
nary	6284
reconfigurable	6284
doz	6284
bushman	6284
forego	6284
woodwinds	6284
ricotta	6284
motorways	6284
edelweiss	6284
tyrol	6284
humidor	6284
vacationing	6284
irreparable	6284
immunities	6284
naturalizer	6284
broiled	6284
superstitious	6284
airdrie	6284
tangy	6284
evangelists	6284
insides	6284
sedative	6284
farina	6284
cutaway	6284
defraud	6284
toothed	6284
artsy	6284
transferor	6284
bygone	6284
cliches	6284
wilds	6284
intercession	6284
lettered	6284
mirada	6284
camberwell	6284
hotlines	6284
reaffirms	6284
apricots	6284
darkening	6284
golds	6284
depressions	6284
ranching	6284
toasting	6284
toothpick	6284
exhale	6284
forwarders	6284
likable	6284
shoestring	6284
brads	6284
whirling	6284
doghouse	6284
altars	6284
ranitidine	6284
abolishing	6284
grebe	6284
standup	6284
playgirl	6284
flexion	6284
recesses	6284
kinsman	6284
ibex	6284
geomagnetic	6284
lowestoft	6284
blobs	6284
footers	6284
droppings	6284
designator	6284
causative	6284
brt	6284
payed	6284
loveseat	6283
overworked	6283
handedly	6283
uncontested	6283
orbs	6283
doxorubicin	6283
cardiologists	6283
mutable	6283
militarily	6283
delicacies	6283
inflating	6283
sputnik	6283
barometric	6283
regrowth	6283
lusaka	6283
cybersex	6283
doughnut	6283
scorching	6283
cribbage	6283
mela	6283
rondo	6283
coffins	6283
typescript	6283
piste	6283
jove	6283
cashed	6283
ushers	6283
enos	6283
jewry	6283
barfly	6283
vegetarianism	6283
extractors	6283
dictaphone	6283
callsign	6283
martinis	6283
envisions	6283
flexibly	6283
whoop	6283
reposition	6283
cacao	6283
hobbyists	6283
anat	6283
weta	6283
obsoletes	6283
mammogram	6283
webcasting	6283
soggy	6283
ecologist	6283
narrowband	6283
reinstalling	6283
gendered	6283
annoys	6283
rackets	6283
litigants	6283
ducted	6283
crisps	6283
wristwatches	6283
heiress	6283
linac	6283
identifications	6283
dressy	6283
authenticator	6283
depositories	6283
godhead	6283
canvassing	6283
portia	6283
shyness	6283
pickers	6283
angelus	6283
subjecting	6283
unsightly	6283
forecasters	6283
linoleum	6283
shearling	6283
frayed	6283
criminality	6283
culverts	6283
woolen	6283
cuticle	6283
repos	6283
codebase	6283
pimples	6283
shorted	6283
spunky	6283
razz	6283
madisonville	6283
readies	6283
shrapnel	6283
arthurian	6283
burgos	6283
deuterium	6283
litany	6283
fairest	6283
totalitarianism	6282
trigonometric	6282
nutter	6282
bristles	6282
verbosity	6282
larder	6282
syncing	6282
beret	6282
rollaway	6282
nonstandard	6282
laundries	6282
whoo	6282
truthfulness	6282
atrocious	6282
obelisk	6282
claret	6282
ebola	6282
consolidates	6282
consecration	6282
disaggregated	6282
forbearance	6282
chromatographic	6282
golly	6282
seagrass	6282
congratulates	6282
reinstalled	6282
plastered	6282
shahid	6282
phospholipids	6282
apostrophe	6282
canzoni	6282
moana	6282
wobbly	6282
stepmother	6282
seagulls	6282
megawatts	6282
denning	6282
lapland	6282
illuminator	6282
symbolically	6282
unsubstantiated	6282
centroid	6282
monogrammed	6282
tailgating	6282
jesuits	6282
voluminous	6282
mottled	6282
zing	6282
snips	6282
lockup	6282
tosses	6282
cholinergic	6282
manifesting	6282
estella	6282
implantable	6282
univariate	6282
sangha	6282
publics	6282
resiliency	6282
astrobiology	6282
scrip	6282
disinfectants	6282
dreamtime	6282
inhumane	6282
inadequately	6282
unlocks	6282
panicked	6282
matti	6282
throng	6282
toed	6282
crump	6282
randomization	6282
rinsing	6282
reschedule	6282
preempt	6282
shunned	6282
abandons	6282
resold	6282
phosphor	6282
wipeout	6282
appetites	6282
unscented	6282
ergonomically	6282
roosters	6282
homologues	6282
ionosphere	6282
airworthiness	6282
turnip	6282
retroviral	6282
juxtaposition	6282
marci	6282
crushes	6282
foreshore	6282
carnivorous	6282
berber	6281
gusset	6281
mince	6281
banish	6281
metalwork	6281
flapping	6281
fino	6281
punting	6281
frets	6281
scab	6281
schism	6281
sculptured	6281
tidbit	6281
allyson	6281
teriyaki	6281
impoundment	6281
interrelationships	6281
coffeecup	6281
maputo	6281
heretics	6281
dogged	6281
apparition	6281
barristers	6281
fermion	6281
inoperable	6281
asdf	6281
gollum	6281
scrutinized	6281
earthworks	6281
thrashing	6281
cyclonic	6281
unsubscribing	6281
pinyin	6281
thumping	6281
eugenics	6281
quenching	6281
hunch	6281
molotov	6281
amaryllis	6281
sandpaper	6281
messes	6281
perdition	6281
wintering	6281
topple	6281
hardiness	6281
phew	6281
pungent	6281
discontinuance	6281
carbonated	6281
waives	6281
wraparound	6281
reboots	6281
headliner	6281
unbridled	6281
superposition	6281
supremes	6281
fanzine	6281
astrologer	6281
purportedly	6281
antigenic	6281
dietetics	6281
assembles	6281
vietcong	6281
chairwoman	6281
petrochemicals	6281
techies	6281
canvass	6281
radish	6281
manifestly	6281
checkmate	6281
gantt	6281
starlets	6281
emphatic	6281
aficionado	6281
motivator	6281
tabula	6281
outgrowth	6281
reigate	6281
homeward	6281
withered	6281
sandstorm	6281
taoist	6281
nameplate	6281
baiting	6281
surrendering	6281
mothering	6281
chrysanthemum	6281
reconstructions	6281
sunspot	6281
fluorine	6281
retype	6281
fortification	6281
spurt	6281
elation	6280
creationist	6280
wth	6280
wail	6280
artistically	6280
setlist	6280
scrollbars	6280
ampicillin	6280
cowbell	6280
rater	6280
epileptic	6280
crag	6280
feller	6280
tamagotchi	6280
earpiece	6280
franca	6280
thymidine	6280
tranche	6280
enmity	6280
sanctum	6280
mazes	6280
unconstrained	6280
pagesize	6280
osteopathy	6280
materialistic	6280
rooftops	6280
discourages	6280
boater	6280
weirdo	6280
congresswoman	6280
myob	6280
manukau	6280
eucharistic	6280
homeware	6280
farts	6280
lackawanna	6280
oncoming	6280
racked	6280
knockoffs	6280
cloister	6280
hygienist	6280
quidditch	6280
stapled	6280
butternut	6280
fancied	6280
spoilt	6280
predisposed	6280
hydrochloric	6280
logoff	6280
cockroach	6280
computable	6280
strode	6280
playgroup	6280
disorganized	6280
ethnicities	6280
crafter	6280
disassemble	6280
littoral	6280
anise	6280
grainy	6280
hospitalizations	6280
aggressor	6280
giggled	6280
walkabout	6280
pepperoni	6280
boathouse	6280
consummation	6280
fronting	6280
refreshingly	6280
sculptural	6280
neurophysiology	6280
unfaithful	6280
outflows	6280
executioner	6280
asthmatic	6280
guillemot	6280
realizations	6280
linguistically	6280
reconstitution	6280
lumberton	6280
interviewee	6280
hematologic	6280
titular	6280
rebbe	6280
swears	6280
pinup	6280
diminutive	6280
transcendence	6280
statisticians	6280
swatches	6280
maoist	6280
trapeze	6280
lemmings	6280
extents	6280
spams	6279
sunbird	6279
cellophane	6279
paring	6279
damning	6279
cardholders	6279
dddd	6279
matrimony	6279
humbug	6279
hyperbaric	6279
granulated	6279
nannofossil	6279
logansport	6279
bulldozer	6279
ailment	6279
homely	6279
subprime	6279
overpayments	6279
sharpie	6279
perpetuity	6279
stepfather	6279
currier	6279
taproot	6279
disprove	6279
urbanism	6279
colloquia	6279
dinero	6279
incurable	6279
capillaries	6279
dixit	6279
mountainside	6279
shoving	6279
furnishes	6279
menthol	6279
blackouts	6279
eves	6279
dragonflies	6279
anointing	6279
webzine	6279
propranolol	6279
inescapable	6279
swabs	6279
strictest	6279
domiciled	6279
absorbance	6279
minx	6279
eclipses	6279
misdemeanors	6279
cornbread	6279
appendixes	6279
supremely	6279
keynotes	6279
subnets	6279
mensch	6279
hastened	6279
perpetuating	6279
froggy	6279
decarboxylase	6279
throughs	6279
bagpipe	6279
terns	6279
prostrate	6279
excitatory	6279
provisionally	6279
cocked	6279
dribble	6279
raged	6279
hardwired	6279
interconnecting	6279
inkjets	6279
singularly	6279
underpinnings	6279
gobble	6279
preposterous	6279
lazar	6279
laxatives	6279
mythos	6279
colloid	6279
hiked	6279
defrag	6279
symbolized	6279
breech	6279
ripening	6279
oxidant	6279
pyramidal	6279
umbra	6279
choruses	6279
trebuchet	6279
pyrite	6279
drunks	6279
submitters	6279
branes	6279
mahdi	6279
obstructing	6279
kidder	6279
hotkey	6278
phosphoric	6278
crediting	6278
parquet	6278
reparation	6278
amply	6278
slazenger	6278
creationists	6278
damask	6278
batted	6278
scrapers	6278
rejoined	6278
hovercraft	6278
nighthawk	6278
urologic	6278
impotent	6278
spits	6278
emotive	6278
papacy	6278
curmudgeon	6278
freshener	6278
chemokine	6278
thimble	6278
racists	6278
lacquered	6278
ablaze	6278
assassinations	6278
gramophone	6278
spotty	6278
lech	6278
simmering	6278
tannoy	6278
cyclosporine	6278
grasshoppers	6278
crawlers	6278
senatorial	6278
thawed	6278
unexplored	6278
characterizations	6278
transpired	6278
dietitians	6278
toulon	6278
undeliverable	6278
beechwood	6278
epistemological	6278
infiltrated	6278
fortifications	6278
cloaking	6278
nots	6278
dens	6278
unannounced	6278
deactivation	6278
dichroic	6278
loafer	6278
skydive	6278
gratings	6278
retinol	6278
insurmountable	6278
countervailing	6278
tmi	6278
fairing	6278
prettier	6278
invisibility	6278
haystack	6278
swisher	6278
synthesizing	6278
hotspur	6278
fjords	6278
nightstand	6278
confining	6278
loony	6278
infringes	6278
loyalties	6278
etchings	6278
reversals	6278
slipcovers	6278
impenetrable	6278
collate	6278
encapsulate	6278
gymnastic	6278
screeners	6278
triglyceride	6278
tink	6278
undistributed	6278
purr	6278
duped	6278
nits	6278
stifling	6278
vena	6278
ratepayers	6278
vindicated	6278
bund	6278
invades	6278
oust	6278
neurotransmitters	6277
gzipped	6277
rumps	6277
dipper	6277
luminescent	6277
percolation	6277
signified	6277
talkers	6277
sockeye	6277
exemplify	6277
attractor	6277
inane	6277
byways	6277
becket	6277
recliners	6277
justus	6277
headhunters	6277
bluntly	6277
retransmitted	6277
assayed	6277
weblink	6277
bask	6277
mermaids	6277
contemplates	6277
corky	6277
defensible	6277
derail	6277
spinster	6277
goblets	6277
touting	6277
interrogated	6277
crappie	6277
birthstones	6277
kore	6277
cirencester	6277
yolks	6277
australis	6277
clonal	6277
famille	6277
anticancer	6277
digoxin	6277
overlapped	6277
spook	6277
modulating	6277
noninvasive	6277
bicyclists	6277
amped	6277
divi	6277
geometrically	6277
outweighs	6277
tarnished	6277
diorama	6277
deducting	6277
caretakers	6277
amazes	6277
undamaged	6277
fie	6277
brimming	6277
consolidator	6277
ridiculed	6277
paralegals	6277
snags	6277
ionia	6277
prater	6277
olden	6277
cyclotron	6277
hod	6277
grommets	6277
unending	6277
enders	6277
bridgwater	6277
blackbox	6277
discontinuities	6277
gripes	6277
headquarter	6277
dantz	6277
implementors	6277
previewing	6277
spiffy	6277
subscripts	6277
curiae	6277
lyase	6277
nuanced	6277
oncologist	6277
madd	6277
abominable	6277
rattled	6277
farmhouses	6277
tambourine	6277
roughing	6277
tramway	6277
coinsurance	6277
agroforestry	6277
slayers	6277
venomous	6277
impressively	6276
baselines	6276
addressable	6276
reapply	6276
ispell	6276
patriarchy	6276
inextricably	6276
tapering	6276
roasters	6276
affordably	6276
homelands	6276
dampen	6276
snowmen	6276
luminescence	6276
landscapers	6276
llano	6276
interdepartmental	6276
unjustly	6276
neutered	6276
masterworks	6276
yuk	6276
rhizome	6276
leprechaun	6276
unknowingly	6276
rehearse	6276
apertures	6276
abuja	6276
seducing	6276
cadd	6276
screeching	6276
digicam	6276
reedy	6276
ceded	6276
reformulated	6276
imbued	6276
amide	6276
fearsome	6276
psychometric	6276
bureaux	6276
sleds	6276
christendom	6276
expressionism	6276
oden	6276
biographer	6276
wreak	6276
penultimate	6276
leotard	6276
constructivist	6276
bridegroom	6276
underpinned	6276
catchments	6276
swarming	6276
capoeira	6276
accomplice	6276
vivre	6276
chuckles	6276
straightener	6276
looper	6276
ili	6276
morphogenesis	6276
sidelined	6276
irregularity	6276
immigrated	6276
grayling	6276
gash	6276
bloat	6276
impeded	6276
gravestone	6276
pompous	6276
backwater	6276
kiwis	6276
monomers	6276
subvert	6276
summative	6276
arpanet	6276
seder	6276
muscled	6276
instrumentality	6276
insomniac	6276
videoclips	6276
detonated	6276
electrophysiology	6276
impassioned	6276
decrement	6276
productively	6276
thumbsucker	6276
desperado	6276
solidify	6276
callas	6276
takings	6276
triplex	6276
handpicked	6276
flavoring	6276
exteriors	6276
mouton	6276
probiotics	6275
contagion	6275
conformant	6275
cameos	6275
archimedes	6275
hingham	6275
casings	6275
abutting	6275
desecration	6275
equalizers	6275
venturer	6275
lackluster	6275
gunmetal	6275
parameterization	6275
bolstered	6275
pocketbook	6275
inverting	6275
misinterpreted	6275
garlands	6275
sparkly	6275
automaker	6275
sputum	6275
ornithology	6275
mongol	6275
audacious	6275
midshipmen	6275
peeler	6275
degrades	6275
forefoot	6275
maggiore	6275
protestantism	6275
calibrating	6275
soreness	6275
boldness	6275
repeals	6275
confrontational	6275
muscatine	6275
entrapment	6275
debuggers	6275
advection	6275
dubs	6275
cramping	6275
screenwriters	6275
perturbative	6275
ducting	6275
configs	6275
chopsticks	6275
ophthalmologists	6275
adjudicator	6275
fantom	6275
hooligans	6275
alpacas	6275
powdery	6275
vlog	6275
exportation	6275
diverge	6275
loosened	6275
uncharted	6275
radian	6275
misunderstand	6275
incidences	6275
oncologists	6275
genotyping	6275
virility	6275
juried	6275
geyser	6275
laverne	6275
inalienable	6275
recordset	6275
weee	6275
snowbird	6275
untamed	6275
visualizations	6275
painstakingly	6275
xxviii	6275
nightshade	6275
taser	6275
meddling	6275
bolo	6275
objecting	6275
hydrochlorothiazide	6275
writeup	6275
gib	6275
shoddy	6275
deceptively	6275
confrontations	6275
freelancing	6275
salutation	6275
heartbeats	6275
mersey	6275
altercation	6275
trustworthiness	6275
octagonal	6275
pillowcase	6275
mended	6275
assed	6275
obv	6274
navigators	6274
notches	6274
odysseus	6274
unleashing	6274
crystallographic	6274
abject	6274
lymphomas	6274
gratuities	6274
regenerating	6274
heretical	6274
riveted	6274
histologic	6274
quiescent	6274
strangeness	6274
telework	6274
tincture	6274
proliferative	6274
kismet	6274
takeovers	6274
erecting	6274
drafter	6274
chav	6274
conga	6274
tenderer	6274
deejay	6274
agave	6274
compresses	6274
impeller	6274
wellingborough	6274
botulinum	6274
hookah	6274
pitting	6274
psychotherapist	6274
micropolitan	6274
enameled	6274
ethers	6274
persevere	6274
extramural	6274
nearshore	6274
detractors	6274
arabesque	6274
fittest	6274
vortices	6274
tarnish	6274
isthmus	6274
airliners	6274
hildebrand	6274
eateries	6274
holograms	6274
drawdown	6274
exceedance	6274
treads	6274
encrypts	6274
forwarder	6274
lengthen	6274
socialized	6274
mayday	6274
barista	6274
honing	6274
roadtrip	6274
bacteriology	6274
oxbridge	6274
prodigious	6274
reordering	6274
spoonful	6274
beeps	6274
herpesvirus	6274
sociable	6274
requisitions	6274
scleroderma	6274
deftly	6274
raucous	6274
geopolitics	6274
optimizers	6274
curios	6274
hairpin	6274
toasts	6274
litmus	6274
collaborates	6274
exaggerate	6274
speculum	6274
odes	6274
nabisco	6274
tootsie	6274
blushed	6274
powerbooks	6274
saddest	6274
spools	6274
medico	6274
grinds	6274
exempts	6274
quadrupole	6274
timeframes	6274
batgirl	6274
outpatients	6273
immorality	6273
coulee	6273
bugged	6273
sojourner	6273
wench	6273
spontaneity	6273
illusory	6273
rescission	6273
bolded	6273
sympathize	6273
ribose	6273
inspects	6273
lefties	6273
sugarloaf	6273
bloomer	6273
barrows	6273
kyat	6273
tantamount	6273
sarong	6273
slaughtering	6273
tewkesbury	6273
lumped	6273
stepwise	6273
straighteners	6273
scribed	6273
dissected	6273
borrows	6273
frigid	6273
butters	6273
hemispheres	6273
armrest	6273
vorticity	6273
headshots	6273
approximates	6273
overwriting	6273
recidivism	6273
ashram	6273
speculating	6273
tgif	6273
rounders	6273
impairs	6273
immobilization	6273
carafe	6273
enteric	6273
pawns	6273
outermost	6273
buccaneer	6273
marimba	6273
quarterbacks	6273
peachy	6273
seaplane	6273
cccc	6273
nvram	6273
augmenting	6273
winded	6273
myopia	6273
methinks	6273
rambles	6273
winemaking	6273
diatoms	6273
blunts	6273
finasteride	6273
billionaires	6273
rantings	6273
dawning	6273
capacitive	6273
naturopathy	6273
theocracy	6273
caplets	6273
quint	6273
cheeseburger	6273
wingers	6273
middleman	6273
derailleur	6273
congratulating	6273
dorking	6273
flagrant	6273
wane	6273
trachea	6273
loins	6273
uneventful	6273
scoundrels	6273
numbing	6273
distraught	6273
assassinate	6273
midge	6273
unwavering	6273
submittals	6273
astronautics	6273
confidentially	6273
piecemeal	6273
collet	6273
pitstop	6273
glial	6273
bilirubin	6273
flirty	6272
codification	6272
progressions	6272
inferiority	6272
burnished	6272
acidosis	6272
osmotic	6272
repositioning	6272
knitter	6272
clothe	6272
swelled	6272
belting	6272
snipes	6272
vides	6272
transliteration	6272
gentleness	6272
emitters	6272
staked	6272
sandwiched	6272
rigidly	6272
oyez	6272
simile	6272
phalanx	6272
hindering	6272
sloped	6272
checkmark	6272
dashboards	6272
roundhouse	6272
encapsulates	6272
homologue	6272
melba	6272
baller	6272
kinston	6272
sifting	6272
fixe	6272
glucagon	6272
ambivalence	6272
loudness	6272
guillotine	6272
intertidal	6272
chartering	6272
bream	6272
reverting	6272
meander	6272
leanings	6272
groans	6272
canker	6272
poof	6272
keener	6272
meaningfully	6272
audios	6272
embellishment	6272
knowledgable	6272
confesses	6272
gullible	6272
biogenesis	6272
boba	6272
mistresses	6272
breakwater	6272
smuggler	6272
busily	6272
painkillers	6272
synovial	6272
inaugurals	6272
poached	6272
shopkeeper	6272
uncirculated	6272
pedophile	6272
hailing	6272
tcsh	6272
imparted	6272
slumped	6272
gluing	6272
chicopee	6272
contradicting	6272
headlong	6272
captor	6272
fads	6272
dhanbad	6272
indelible	6272
imago	6272
alkalinity	6272
tethered	6272
orcas	6272
whiteness	6272
rollerball	6272
grazed	6272
joules	6272
mesmerizing	6272
jakes	6272
thrived	6272
unfulfilled	6272
acquittal	6272
perverts	6272
intentioned	6272
fluently	6272
pigtailed	6271
ascribe	6271
saraband	6271
stalked	6271
deluded	6271
outstretched	6271
trembled	6271
nitrile	6271
gens	6271
oped	6271
janitors	6271
unobserved	6271
micrometer	6271
labored	6271
tete	6271
twitching	6271
smacks	6271
troughs	6271
anagrams	6271
strikeouts	6271
unbelievers	6271
polarizer	6271
exegesis	6271
soca	6271
piscine	6271
betas	6271
brothels	6271
acdc	6271
sprockets	6271
assistantships	6271
futurist	6271
biofuel	6271
invocations	6271
cunnilingus	6271
bolder	6271
vips	6271
webkit	6271
omits	6271
endures	6271
alamogordo	6271
xylene	6271
anticipatory	6271
impersonation	6271
lycopene	6271
assignable	6271
interfacial	6271
zebrafish	6271
girder	6271
renormalization	6271
bismuth	6271
natively	6271
intents	6271
unconnected	6271
ovum	6271
homologs	6271
backgrounder	6271
pruned	6271
lantana	6271
wedded	6271
seasonality	6271
sublease	6271
lashed	6271
shriver	6271
standardizing	6271
retelling	6271
contentions	6271
bickering	6271
whaler	6271
unobstructed	6271
hydrogenated	6271
fondling	6271
laissez	6271
ricks	6271
astounded	6271
permanency	6271
smacked	6271
trusses	6271
pallas	6271
sleet	6271
disgraced	6271
zoster	6271
survivability	6271
grooved	6271
transcontinental	6271
playas	6271
resigning	6271
dene	6271
laxative	6271
alcove	6271
woolsey	6271
wale	6271
ungodly	6271
enlargements	6271
felling	6271
marinades	6271
funhouse	6271
winemaker	6271
rattlers	6270
hazing	6270
carbonyl	6270
chelation	6270
telecast	6270
disclaimed	6270
spectacularly	6270
elyria	6270
mindedness	6270
cleanroom	6270
discretization	6270
twi	6270
steamship	6270
condescending	6270
recounting	6270
breeches	6270
redundancies	6270
seashell	6270
pacifist	6270
appellation	6270
brassica	6270
drips	6270
fibrinogen	6270
creekside	6270
abbe	6270
saree	6270
montes	6270
cephalexin	6270
handsomely	6270
skyway	6270
polis	6270
achiever	6270
botched	6270
multiracial	6270
stuffit	6270
politburo	6270
resourced	6270
fresheners	6270
chiswick	6270
corticosteroid	6270
soapy	6270
revisionist	6270
untenable	6270
pinouts	6270
warfighter	6270
microbe	6270
pled	6270
messer	6270
serialize	6270
deformities	6270
weathervanes	6270
necktie	6270
huis	6270
xxvii	6270
grueling	6270
memorizing	6270
strcat	6270
downwind	6270
libelous	6270
depositors	6270
tardy	6270
disregarding	6270
matron	6270
seaward	6270
uppermost	6270
crunk	6270
ciphers	6270
rebounded	6270
nibble	6270
hermetic	6270
albuterol	6270
marauder	6270
renegades	6270
showings	6270
cardamom	6270
untouchable	6270
exerting	6270
sitemaps	6270
multicolored	6270
fleeces	6270
birdlife	6270
pecker	6270
industrious	6270
foie	6270
temporally	6270
reappointment	6270
attractively	6270
adopter	6270
nicotinic	6270
decayed	6270
stethoscopes	6270
shipyards	6270
footpaths	6270
tamarack	6270
panini	6270
backfire	6270
crossdressing	6269
narcissism	6269
disarray	6269
truckload	6269
proprietorship	6269
crontab	6269
oddball	6269
harps	6269
hedged	6269
antihypertensive	6269
fap	6269
verapamil	6269
cleanest	6269
minter	6269
isbns	6269
teutonic	6269
viceroy	6269
ingrained	6269
slaw	6269
collating	6269
swordsman	6269
preloaded	6269
commissary	6269
geomorphology	6269
yellows	6269
yoyo	6269
habitually	6269
astrophotography	6269
majorities	6269
voiceover	6269
jacque	6269
divestiture	6269
archetypal	6269
boner	6269
driller	6269
mummies	6269
conquests	6269
policymaking	6269
brimstone	6269
pretest	6269
trowel	6269
profiting	6269
nabs	6269
beseech	6269
tantalum	6269
hitched	6269
newswires	6269
doobie	6269
smelt	6269
fatale	6269
porns	6269
renin	6269
nonmetallic	6269
undersecretary	6269
yearn	6269
benzyl	6269
culprits	6269
stiffs	6269
trinkets	6269
whig	6269
enchant	6269
austere	6269
earths	6269
storehouse	6269
cowhide	6269
plumage	6269
antecedents	6269
tenors	6269
diabolical	6269
tugs	6269
rapier	6269
unspoiled	6269
antibes	6269
equalities	6269
haughty	6269
overlying	6269
relinquished	6269
netiquette	6269
opiates	6269
salami	6269
upgradeable	6269
narcissistic	6269
assaulting	6269
admirals	6269
cadaver	6269
brokerages	6269
creatives	6269
musicology	6269
politico	6269
captivate	6269
semiannual	6269
deterred	6269
meld	6269
apathetic	6269
uninteresting	6269
lyre	6269
equitably	6269
yawning	6268
centralization	6268
paged	6268
prunes	6268
hydrophilic	6268
erupt	6268
redone	6268
biennale	6268
mallow	6268
duress	6268
bhilai	6268
cossacks	6268
airshow	6268
bluefish	6268
bub	6268
attuned	6268
herons	6268
raiding	6268
deft	6268
banger	6268
kwanza	6268
declassified	6268
doable	6268
seething	6268
carne	6268
burritos	6268
ramming	6268
alligators	6268
loris	6268
instigated	6268
superstructure	6268
husk	6268
hygienists	6268
grandiose	6268
clerkship	6268
crotchless	6268
classifiable	6268
sodas	6268
concisely	6268
libertines	6268
deflector	6268
reenter	6268
inboard	6268
symbiosis	6268
dobro	6268
laparoscopy	6268
caboose	6268
fitters	6268
concatenated	6268
graduations	6268
germanium	6268
constancy	6268
plats	6268
countryman	6268
stoked	6268
wingspan	6268
allergenic	6268
machinists	6268
buncombe	6268
insufficiently	6268
cements	6268
reappear	6268
hick	6268
boudoir	6268
affinities	6268
repellents	6268
glades	6268
crutch	6268
playbill	6268
rioting	6268
espoused	6268
amylase	6268
buckling	6268
songbird	6268
telemarketers	6268
honk	6268
upped	6268
cybercrime	6268
warminster	6268
discursive	6268
mmiii	6268
disputing	6268
unpaved	6268
vasectomy	6268
repudiation	6268
worrisome	6268
nonconforming	6268
seafront	6268
handcuffed	6268
marshmallows	6268
turners	6268
dinette	6268
mormonism	6268
sunblock	6268
freighter	6268
dimples	6268
turd	6268
bandar	6267
inhabitant	6267
reprinting	6267
derivations	6267
flourishes	6267
colonized	6267
trine	6267
redwoods	6267
meadowlands	6267
hessian	6267
carriageway	6267
erat	6267
levant	6267
distributable	6267
babyface	6267
hiller	6267
imitators	6267
initializer	6267
pathogenicity	6267
talkative	6267
deselect	6267
phonograph	6267
speculators	6267
favs	6267
sty	6267
aficionados	6267
haji	6267
belay	6267
petunia	6267
sleaze	6267
matriculation	6267
smelting	6267
corrector	6267
cuss	6267
emulating	6267
slippage	6267
gremlin	6267
slats	6267
dovetail	6267
transcribing	6267
sundae	6267
orgasmic	6267
vina	6267
shorelines	6267
inna	6267
reportage	6267
lifters	6267
intubation	6267
rhinos	6267
epistemic	6267
apprehend	6267
leeway	6267
pigmentation	6267
offends	6267
lumpy	6267
landlocked	6267
photoelectric	6267
embattled	6267
wisest	6267
shackle	6267
foraminifera	6267
kabuki	6267
zin	6267
itemize	6267
riverbed	6267
diminution	6267
rencontres	6267
southernmost	6267
freckles	6267
embezzlement	6267
chipmunk	6267
splints	6267
positivity	6267
airship	6267
camelback	6267
destruct	6267
beautification	6267
fiscally	6267
galls	6267
cesium	6267
yippee	6267
unary	6267
imitated	6267
inflicting	6267
bede	6267
inducement	6267
mobi	6267
heave	6267
optician	6267
cud	6267
bloating	6267
proclamations	6267
siphon	6267
complicates	6267
aviary	6267
rarer	6267
powerboat	6267
trundle	6267
slowness	6266
wrongfully	6266
hushed	6266
cadres	6266
lessening	6266
backroom	6266
webcomic	6266
dragster	6266
reinvested	6266
ahold	6266
spirulina	6266
dobra	6266
pout	6266
snelling	6266
theophylline	6266
snook	6266
cognate	6266
mire	6266
coven	6266
sufferer	6266
markka	6266
mores	6266
preorders	6266
flushes	6266
raindrops	6266
restate	6266
elegy	6266
sanctification	6266
sanded	6266
shamanic	6266
indignant	6266
bouvier	6266
godless	6266
shopgirl	6266
havant	6266
limi	6266
sloop	6266
servicer	6266
politeness	6266
bollocks	6266
baffling	6266
refreshes	6266
hurriedly	6266
ampersand	6266
hopefuls	6266
conservatively	6266
reworking	6266
birders	6266
purporting	6266
fingertip	6266
brazing	6266
quarantined	6266
willpower	6266
medias	6266
mammograms	6266
babysitters	6266
chandlery	6266
icebreaker	6266
taunt	6266
aphid	6266
ick	6266
hinting	6266
venter	6266
omicron	6266
maggot	6266
schoolboy	6266
perchlorate	6266
bailiff	6266
laborious	6266
outpouring	6266
deflected	6266
safeguarded	6266
atropine	6266
houser	6266
inflection	6266
lettres	6266
myrrh	6266
equating	6266
infuse	6266
chaff	6266
okie	6266
defaced	6266
mimicking	6266
counseled	6266
pampers	6266
showy	6266
altruistic	6266
chaplaincy	6266
aldermen	6266
commends	6266
emcee	6266
moorish	6266
stateside	6266
immunofluorescence	6266
bobbing	6266
defiantly	6266
colonels	6266
machete	6266
xdm	6265
readmission	6265
bellydance	6265
pathos	6265
battleships	6265
squashed	6265
smartly	6265
isms	6265
laments	6265
spied	6265
menorah	6265
playthings	6265
exfoliating	6265
argumentative	6265
wisteria	6265
directorial	6265
condiment	6265
roused	6265
socialite	6265
aloof	6265
concealer	6265
snore	6265
sendai	6265
charred	6265
reassess	6265
supercar	6265
myrna	6265
subparagraphs	6265
bioremediation	6265
validly	6265
rematch	6265
rollovers	6265
instrumented	6265
chutes	6265
faberge	6265
bolshevik	6265
unsound	6265
hatter	6265
creepers	6265
kanda	6265
splatter	6265
linsey	6265
stents	6265
quilters	6265
takeout	6265
silty	6265
recreations	6265
profusely	6265
bearish	6265
intelligences	6265
sorrel	6265
curitiba	6265
reverie	6265
ily	6265
phonon	6265
colloquial	6265
thievery	6265
callous	6265
jingles	6265
reconnection	6265
mismatched	6265
saps	6265
perplexing	6265
splashes	6265
homesick	6265
duper	6265
gainer	6265
shiv	6265
ochre	6265
heartbreaker	6265
bystander	6265
hemolytic	6265
dilatation	6265
actuation	6265
commemorates	6265
rainwear	6265
mornin	6265
beachcomber	6265
distiller	6265
encyclopedic	6265
varicella	6265
greenock	6265
quell	6265
repulsion	6265
libertyville	6265
parachutes	6265
balk	6265
imprecise	6265
caw	6265
bedskirt	6265
imagines	6265
resurrect	6265
softens	6265
harnessed	6265
unfilled	6265
flanged	6265
posit	6265
sinuses	6265
amputee	6264
exuberance	6264
obligate	6264
endotoxin	6264
flocking	6264
unnumbered	6264
clary	6264
deselected	6264
garnishment	6264
checkerboard	6264
outbursts	6264
humidors	6264
postgrad	6264
undying	6264
proteases	6264
stubble	6264
caddies	6264
appendicitis	6264
colliding	6264
enumerator	6264
splines	6264
existentialism	6264
defenseman	6264
quivering	6264
crossbar	6264
toastmaster	6264
coords	6264
uptight	6264
llanelli	6264
actives	6264
kingsize	6264
inga	6264
doodles	6264
chimeric	6264
defcon	6264
hatters	6264
sark	6264
peacetime	6264
gringo	6264
commending	6264
flattery	6264
soothes	6264
expropriation	6264
millstone	6264
payrolls	6264
mortgaged	6264
impossibly	6264
reselling	6264
beluga	6264
compels	6264
drunkenness	6264
indulged	6264
habitable	6264
unraveling	6264
diatom	6264
bobsled	6264
subtleties	6264
incarnations	6264
oscilloscopes	6264
trappings	6264
afterthought	6264
legume	6264
redial	6264
hillbillies	6264
zionists	6264
storefronts	6264
damsel	6264
duomo	6264
phos	6264
decorum	6264
nondurable	6264
taffeta	6264
barbells	6264
spoiling	6264
syndicates	6264
detritus	6264
galactose	6264
yellowing	6264
submariner	6264
robs	6264
bustiers	6264
assortments	6264
earthenware	6264
implementers	6264
proust	6264
incendiary	6264
pickwick	6264
lenient	6264
dined	6264
idly	6264
freshers	6264
polysaccharides	6264
sporadically	6264
nontrivial	6264
disinfected	6264
mbyte	6264
devilish	6264
statin	6264
rimmed	6263
ashleigh	6263
reachability	6263
feedstock	6263
redistributions	6263
proteolytic	6263
aristocrat	6263
scathing	6263
twinkling	6263
ketamine	6263
ibaraki	6263
pantomime	6263
byproducts	6263
damnit	6263
hyphens	6263
autobahn	6263
efflux	6263
wanderings	6263
orang	6263
dislocations	6263
decimated	6263
hijab	6263
overthrown	6263
magus	6263
medulla	6263
regressive	6263
moored	6263
peered	6263
stearate	6263
uninterruptible	6263
microsite	6263
bores	6263
regrettable	6263
supersymmetry	6263
strangled	6263
bonito	6263
undertones	6263
zeolite	6263
scrappy	6263
maxims	6263
dml	6263
camisoles	6263
silex	6263
engrossing	6263
jezebel	6263
vireo	6263
lethargy	6263
gynecological	6263
clydesdale	6263
prescriber	6263
reverts	6263
purine	6263
counterpunch	6263
frolic	6263
transfusions	6263
lightyear	6263
valletta	6263
casework	6263
cassia	6263
painstaking	6263
lamina	6263
umber	6263
goths	6263
finality	6263
toppled	6263
ewes	6263
papi	6263
mending	6263
excavators	6263
wrestled	6263
haller	6263
sciatica	6263
areal	6263
shakedown	6263
aneurysms	6263
caucuses	6263
reruns	6263
nonlinearity	6263
plazas	6263
hurtful	6263
alternation	6263
astigmatism	6263
receding	6263
laban	6263
conjugates	6263
antidumping	6263
candelabra	6263
malfunctioning	6263
holi	6263
outposts	6263
polyunsaturated	6263
millennial	6263
roasts	6263
hemispheric	6263
asymmetries	6263
treading	6263
downy	6263
quantitation	6263
conformed	6263
tach	6262
microtubules	6262
kudzu	6262
characteristically	6262
strayer	6262
treatable	6262
goldsmiths	6262
erupts	6262
swarms	6262
toroidal	6262
geographers	6262
scroller	6262
spinnaker	6262
templating	6262
incinerators	6262
megawatt	6262
superuser	6262
evolutions	6262
escorting	6262
irregularly	6262
poitou	6262
chives	6262
oratory	6262
harvesters	6262
excitations	6262
sharpest	6262
palisade	6262
septal	6262
helge	6262
sprains	6262
corvettes	6262
moccasin	6262
circumcised	6262
cannock	6262
hander	6262
lemur	6262
growled	6262
auxiliaries	6262
aphrodisiac	6262
benefactors	6262
saxophonist	6262
resented	6262
terse	6262
egrep	6262
masjid	6262
insistent	6262
peppered	6262
nebulae	6262
abstentions	6262
lidocaine	6262
monohydrate	6262
autoloader	6262
indomethacin	6262
utile	6262
smilie	6262
digitizer	6262
frightful	6262
waxy	6262
trite	6262
fisted	6262
gentler	6262
vex	6262
cystitis	6262
shard	6262
supercritical	6262
infects	6262
dilapidated	6262
loos	6262
mien	6262
hanky	6262
squats	6262
libertarianism	6262
nicad	6262
prolapse	6262
stubby	6262
nbd	6262
evangelistic	6262
sixpence	6262
energetics	6262
impaled	6262
forays	6262
charon	6262
coniferous	6262
fwiw	6262
sickly	6262
flanks	6262
nanette	6262
whitbread	6262
pavia	6262
bitwise	6262
inexplicably	6262
curbed	6262
retest	6262
efficacious	6262
philanthropist	6262
chloramphenicol	6262
thaddeus	6262
repairer	6262
diesels	6262
convinces	6261
banjos	6261
geodesy	6261
kiddy	6261
birchwood	6261
valuers	6261
innuendo	6261
pitfall	6261
attenuator	6261
rede	6261
polysaccharide	6261
symplectic	6261
superhighway	6261
disservice	6261
minder	6261
orator	6261
assessable	6261
photocopied	6261
mopeds	6261
bumblebee	6261
digicams	6261
abet	6261
highlighter	6261
malachite	6261
steppe	6261
plowed	6261
sires	6261
featherweight	6261
intricately	6261
transgressions	6261
lingers	6261
digitize	6261
blockbusters	6261
euless	6261
semiotics	6261
smothering	6261
tomorrows	6261
drifters	6261
encampment	6261
calamari	6261
lempira	6261
roque	6261
prophesy	6261
recast	6261
massapequa	6261
bursar	6261
misrepresentations	6261
dowel	6261
interdiction	6261
percents	6261
chaste	6261
bards	6261
bestial	6261
restock	6261
adenylate	6261
lineups	6261
irradiance	6261
buddhas	6261
oozing	6261
polarizing	6261
curd	6261
bookish	6261
subdue	6261
raking	6261
denouncing	6261
traumatized	6261
ascertaining	6261
gillies	6261
previewed	6261
stags	6261
hogue	6261
mentation	6261
bowyer	6261
soldered	6261
pylon	6261
privateer	6261
grommet	6261
pif	6261
neonates	6261
hellenistic	6261
vicarious	6261
ruckus	6261
traverses	6261
seedy	6261
assertiveness	6261
raincoat	6261
barf	6261
bookmarklet	6261
personable	6261
videoconference	6261
implosion	6261
scammers	6261
jeanine	6261
wetness	6261
megalithic	6261
straddle	6261
bindery	6261
imbedded	6261
counterparty	6261
bycatch	6260
quenched	6260
tantrum	6260
conifers	6260
juiced	6260
antithesis	6260
arthropods	6260
flexing	6260
tracers	6260
nonnegative	6260
polychlorinated	6260
awakens	6260
amoeba	6260
accentuate	6260
duvets	6260
neodymium	6260
squandered	6260
sortie	6260
alternators	6260
caret	6260
shipwrecks	6260
withal	6260
eyelashes	6260
colliers	6260
lookalike	6260
neoplasia	6260
barman	6260
blindfold	6260
bromine	6260
rampart	6260
possessive	6260
immunoassay	6260
feldspar	6260
facades	6260
maharaja	6260
idealist	6260
glucocorticoid	6260
compensates	6260
constables	6260
mourns	6260
solidified	6260
ferric	6260
conceit	6260
needful	6260
campaigner	6260
locusts	6260
roundtables	6260
thatch	6260
bambini	6260
emboss	6260
meiosis	6260
diversifying	6260
inadequacies	6260
weathers	6260
backends	6260
suva	6260
grunts	6260
thicket	6260
depraved	6260
continence	6260
puppetry	6260
hypothalamic	6260
treatises	6260
polygonal	6260
prying	6260
rascals	6260
stopover	6260
blip	6260
multivitamins	6260
voyageurs	6260
boxscore	6260
bast	6260
stocker	6260
potholes	6260
nanking	6260
rudely	6260
renditions	6260
pubescent	6260
icky	6260
weeps	6260
deplorable	6260
smacking	6260
reintroduced	6260
aggravate	6260
portobello	6260
broadleaf	6260
quoth	6260
iconography	6260
snowstorm	6260
lacuna	6260
lutein	6260
postgraduates	6260
solvable	6260
intensifies	6260
birdies	6260
queers	6260
neckties	6260
strikethrough	6260
incessantly	6260
sorption	6259
depressant	6259
radians	6259
barstools	6259
flaring	6259
cormorant	6259
pedigrees	6259
seafarers	6259
yanked	6259
switchgear	6259
stargazer	6259
cytogenetic	6259
preload	6259
testa	6259
minted	6259
lye	6259
baseballs	6259
ditty	6259
homomorphism	6259
pestilence	6259
thoroughfare	6259
skiff	6259
spreaders	6259
doss	6259
belligerent	6259
impeached	6259
mmd	6259
fingerboard	6259
deaconess	6259
lectin	6259
gummy	6259
biodegradation	6259
hight	6259
glomerular	6259
eclipsed	6259
preschooler	6259
conspired	6259
auctioning	6259
cationic	6259
rebar	6259
catacombs	6259
paperweights	6259
agonizing	6259
bottomless	6259
sows	6259
attributing	6259
mouthpieces	6259
encumbrances	6259
tilapia	6259
lenexa	6259
rogan	6259
candleholders	6259
interferometry	6259
rhondda	6259
satoshi	6259
lullabies	6259
slasher	6259
critiquing	6259
polypeptides	6259
oxfords	6259
excruciating	6259
munchkin	6259
punctual	6259
audiotape	6259
retrospectively	6259
runaways	6259
conjunctivitis	6259
witter	6259
grafted	6259
watercourse	6259
holo	6259
climatological	6259
propped	6259
prostheses	6259
telegrams	6259
privatize	6259
interphase	6259
staking	6259
phenytoin	6259
conversing	6259
testable	6259
backtracking	6259
differentiable	6259
sisal	6259
goodfellas	6259
acetylene	6259
calamities	6259
bedouin	6259
viennese	6259
fancies	6259
peeves	6259
accuser	6259
ballymena	6259
copolymers	6259
hepatology	6259
clm	6259
bystanders	6259
connotation	6259
minos	6259
bookable	6259
alienating	6258
animas	6258
chippenham	6258
normalizing	6258
letchworth	6258
sultans	6258
enjoined	6258
harboring	6258
mcps	6258
banknote	6258
pjs	6258
finches	6258
basques	6258
animating	6258
rewritable	6258
mercurial	6258
bargained	6258
repugnant	6258
mullahs	6258
lowball	6258
repossessed	6258
citron	6258
metronidazole	6258
clave	6258
pageants	6258
grosses	6258
tacked	6258
broadens	6258
supplant	6258
oilseed	6258
stiffer	6258
pokes	6258
fusarium	6258
saxophones	6258
slates	6258
corroborated	6258
bestiary	6258
rulebook	6258
allelic	6258
magnetically	6258
arteriosclerosis	6258
permafrost	6258
hunky	6258
cranking	6258
multiplexed	6258
microchips	6258
infertile	6258
tipsy	6258
cryptosporidium	6258
atria	6258
tabac	6258
layette	6258
factually	6258
sagas	6258
cels	6258
cress	6258
neuralgia	6258
timbre	6258
scrotum	6258
clasped	6258
pecking	6258
legislated	6258
womanhood	6258
skatepark	6258
conditionals	6258
crimean	6258
exorbitant	6258
grieved	6258
experimenter	6258
purveyors	6258
atto	6258
tallies	6258
serpents	6258
sniping	6258
enteral	6258
endocarditis	6258
cybersecurity	6258
tampered	6258
severally	6258
dunmore	6258
woodworkers	6258
ficus	6258
sawtooth	6258
ridgeback	6258
bedstead	6258
matchbook	6258
wimp	6258
whirlpools	6258
caressing	6258
reliefs	6258
bathtubs	6258
tassels	6258
culpa	6258
whiter	6258
froth	6258
obliterated	6258
regalia	6258
hardbound	6258
peerage	6258
derma	6258
deceitful	6257
wats	6257
taboos	6257
storied	6257
disenfranchised	6257
verbena	6257
mandibular	6257
funder	6257
unprofitable	6257
doublet	6257
astonishingly	6257
cannibalism	6257
antiqued	6257
popularized	6257
typeset	6257
pretender	6257
mesoscale	6257
mosses	6257
boning	6257
butterscotch	6257
gunslinger	6257
marl	6257
subside	6257
moos	6257
falsification	6257
poltergeist	6257
modernizing	6257
conspiring	6257
seatbelts	6257
officiants	6257
seabirds	6257
retaliate	6257
deafening	6257
cohabitation	6257
cofactor	6257
frostbite	6257
sandhill	6257
uuid	6257
beleaguered	6257
jarring	6257
wattle	6257
baptismal	6257
otero	6257
stoles	6257
hazleton	6257
magdalen	6257
regularization	6257
spillage	6257
brackish	6257
tubby	6257
guar	6257
glioma	6257
ladbrokes	6257
oryx	6257
sedatives	6257
hyperthyroidism	6257
premenstrual	6257
hyphenated	6257
tinsel	6257
scrutinize	6257
bandpass	6257
adverb	6257
mumbled	6257
mired	6257
yams	6257
breve	6257
isopropyl	6257
penpal	6257
potentiometer	6257
prunus	6257
sweatshop	6257
prospectuses	6257
worthiness	6257
lazily	6257
cattery	6257
rona	6257
jeepers	6257
foliar	6257
fae	6257
troposphere	6257
rinks	6257
revoking	6257
anesthesiologists	6257
jailhouse	6257
habra	6257
rucksacks	6257
trippin	6257
raver	6257
posturing	6257
cantata	6257
disarming	6257
ween	6257
concentrators	6257
castration	6257
thiamine	6257
woefully	6257
negotiates	6257
bama	6257
promontory	6257
nachos	6257
aren	6256
juridical	6256
hillier	6256
shandy	6256
elastane	6256
grrr	6256
smote	6256
olympians	6256
diploid	6256
mountings	6256
googled	6256
pivoting	6256
toggles	6256
taunting	6256
outwards	6256
rend	6256
depravity	6256
axion	6256
wealthier	6256
dialogic	6256
bolus	6256
calving	6256
disagreeable	6256
bloodline	6256
rearview	6256
offside	6256
intrauterine	6256
sprinkles	6256
shortcoming	6256
brainchild	6256
castes	6256
corrupting	6256
jee	6256
massif	6256
pollo	6256
shrike	6256
balloting	6256
kine	6256
dixieland	6256
dairies	6256
unadjusted	6256
ramsgate	6256
biogas	6256
ponytail	6256
thnx	6256
overtures	6256
untrusted	6256
pharaohs	6256
fraudulently	6256
calendula	6256
mushy	6256
plunges	6256
gibberish	6256
servos	6256
arbitral	6256
intramuscular	6256
dozer	6256
dreadnought	6256
tammany	6256
aseptic	6256
boulevards	6256
redistributing	6256
neurologists	6256
darken	6256
defamer	6256
supercomputers	6256
dowry	6256
shapers	6256
chateaux	6256
gastritis	6256
skirting	6256
diapering	6256
gouging	6256
adieu	6256
gatherer	6256
slackers	6256
kindling	6256
serotype	6256
shortlisted	6256
scorebook	6256
retransmit	6256
nondestructive	6256
affluence	6256
acyclic	6256
synchronicity	6256
passable	6256
shouldered	6256
tumbleweed	6256
milligram	6256
dispatchers	6256
hilarity	6256
predominance	6256
snuck	6256
postcolonial	6256
mitten	6256
darjeeling	6256
recirculation	6256
campy	6256
conquerors	6256
tamarind	6256
conceptualization	6256
dalasi	6255
admonition	6255
perchance	6255
mvl	6255
rots	6255
awash	6255
heriot	6255
precocious	6255
rood	6255
videoclip	6255
hahah	6255
barbs	6255
heterozygous	6255
spectrometers	6255
repress	6255
surabaya	6255
outstation	6255
africana	6255
moiety	6255
landforms	6255
steeply	6255
debunking	6255
connectedness	6255
calibrator	6255
typographic	6255
darned	6255
ampere	6255
peeking	6255
underweight	6255
denser	6255
niko	6255
dud	6255
flamingos	6255
moorland	6255
lignin	6255
cattlemen	6255
bullfrog	6255
gushers	6255
pharmacologic	6255
coincidences	6255
divinely	6255
goldenrod	6255
debits	6255
skimmed	6255
lassie	6255
spewing	6255
hedonism	6255
congratulation	6255
erasers	6255
seminaries	6255
microcar	6255
terabytes	6255
ints	6255
prepackaged	6255
pumice	6255
sawmills	6255
trotting	6255
resignations	6255
stator	6255
ambushed	6255
combing	6255
pianists	6255
dovecot	6255
payor	6255
indium	6255
woodcraft	6255
travesty	6255
psychopharmacology	6255
uncoated	6255
bewildering	6255
hunchback	6255
aback	6255
pneumatics	6255
deepens	6255
blather	6255
griff	6255
enactments	6255
castaway	6255
scaly	6255
heaped	6255
esker	6255
minefield	6255
tibetans	6255
cookeville	6255
amniotic	6255
derogation	6255
reposting	6255
naka	6255
fantastically	6255
cobham	6255
oracles	6255
untied	6255
scariest	6255
supersymmetric	6255
quince	6255
palmtop	6255
profusion	6255
gonadotropin	6255
unordered	6255
redefines	6255
conjectures	6255
glint	6254
incitement	6254
bathrobe	6254
afterschool	6254
figuratively	6254
daylily	6254
trickster	6254
superstores	6254
sorceress	6254
cranked	6254
stoic	6254
engelhard	6254
resonates	6254
ahhhh	6254
drugstores	6254
aggressiveness	6254
oscillatory	6254
eukaryotes	6254
footwork	6254
montane	6254
fatigued	6254
unconsciousness	6254
panos	6254
videocassette	6254
guacamole	6254
chub	6254
glutamic	6254
piecing	6254
alums	6254
delegating	6254
quarto	6254
reactivation	6254
heartwood	6254
improvise	6254
vang	6254
incipient	6254
omeprazole	6254
underdogs	6254
scintillation	6254
colonials	6254
avalanches	6254
helices	6254
exclusionary	6254
crackling	6254
objector	6254
frankfurter	6254
brindle	6254
creeds	6254
homeschoolers	6254
thro	6254
outrun	6254
extenuating	6254
tropospheric	6254
blackberries	6254
amiss	6254
lemongrass	6254
cavernous	6254
benders	6254
scoreless	6254
darlings	6254
reprieve	6254
seismology	6254
radiometer	6254
taurine	6254
hyperspace	6254
shanty	6254
survivorship	6254
pluralistic	6254
enforceability	6254
formalize	6254
voided	6254
rapping	6254
relaunch	6254
overclock	6254
proffered	6254
protectionism	6254
blanking	6254
resizable	6254
rowena	6254
phenobarbital	6254
diehard	6254
chickenpox	6254
photochemical	6254
carbo	6254
flagpole	6254
ahi	6254
livid	6254
distasteful	6254
distinctively	6254
geezer	6254
hares	6254
overturning	6254
illegals	6254
swivels	6254
pokey	6254
tydfil	6254
orthotic	6254
chibi	6254
attestation	6254
bravado	6254
overpowering	6254
ravings	6253
metroplex	6253
childless	6253
lymphedema	6253
electrifying	6253
physiotherapists	6253
grecian	6253
proportioned	6253
lavishly	6253
smite	6253
forthright	6253
sarin	6253
foretold	6253
dado	6253
engraver	6253
saddled	6253
chump	6253
tortures	6253
crusts	6253
tibial	6253
flaxseed	6253
trawler	6253
guis	6253
bifocal	6253
littlest	6253
cadastre	6253
vamos	6253
loge	6253
presupposes	6253
timekeeping	6253
trickery	6253
adherent	6253
astrologers	6253
unsold	6253
vindication	6253
opined	6253
scoot	6253
binning	6253
bootstrapping	6253
falter	6253
chatty	6253
auvergne	6253
rheology	6253
philistines	6253
encumbrance	6253
retainers	6253
prefetch	6253
forehand	6253
cherbourg	6253
imperfection	6253
bolsters	6253
elasticities	6253
sorrowful	6253
sachets	6253
celebratory	6253
timepiece	6253
liposomes	6253
mismatches	6253
superconductor	6253
unchanging	6253
predominate	6253
crisscross	6253
urethral	6253
detonator	6253
ionospheric	6253
pinout	6253
molested	6253
multimillion	6253
ingle	6253
goi	6253
scalpel	6253
faeries	6253
fascias	6253
hyena	6253
wedlock	6253
judaic	6253
erstwhile	6253
daffy	6253
styler	6253
internetwork	6253
obtuse	6253
caudal	6253
sextet	6253
sternly	6253
chanted	6253
blurs	6253
spiraling	6253
stabs	6253
blacklight	6253
delimiters	6253
indecency	6253
lupine	6253
lingered	6253
nitroglycerin	6253
feasting	6253
decapitated	6253
gourde	6253
lansdale	6253
gelato	6253
roadblock	6253
suffocation	6253
indemnified	6252
lollipops	6252
dewatering	6252
telepathy	6252
microseconds	6252
softest	6252
sniffed	6252
lurks	6252
liquidate	6252
stallings	6252
shoplifting	6252
klick	6252
babbler	6252
tenses	6252
lawlessness	6252
tightens	6252
spooks	6252
clonidine	6252
pyrene	6252
prefab	6252
beadwork	6252
recollect	6252
postmortem	6252
outnumber	6252
provocateur	6252
rewrote	6252
reconfigured	6252
unionized	6252
projectiles	6252
oran	6252
larch	6252
yeasts	6252
interrogatories	6252
interrogations	6252
muttering	6252
seafloor	6252
whet	6252
prefrontal	6252
hitchhikers	6252
proliferating	6252
acceptances	6252
discussant	6252
situs	6252
impatiently	6252
pimlico	6252
gatekeepers	6252
buffing	6252
suspecting	6252
boles	6252
recharged	6252
aline	6252
disjointed	6252
seizes	6252
rubberized	6252
inequity	6252
vacationers	6252
luang	6252
doer	6252
pandemonium	6252
downpayment	6252
byway	6252
taichung	6252
mvm	6252
pleat	6252
reinvented	6252
sweepers	6252
aphasia	6252
ravished	6252
seep	6252
cohosh	6252
discerned	6252
maoists	6252
irreplaceable	6252
waitresses	6252
icicles	6252
fanaticism	6252
litem	6252
fescue	6252
spearman	6252
flamed	6252
godsend	6252
doorman	6252
counterclockwise	6252
oxygenated	6252
rubbers	6252
swoosh	6252
treasurers	6252
eradicating	6252
rehearsed	6252
utero	6252
observables	6252
implausible	6252
outrageously	6252
bagdad	6252
fentanyl	6252
creamery	6252
petticoat	6252
radiographs	6252
inhabiting	6252
subsea	6252
unrestrained	6252
injures	6252
triennial	6251
pigtail	6251
constriction	6251
appraising	6251
enthralled	6251
reloads	6251
strays	6251
anywho	6251
cgm	6251
punter	6251
bypasses	6251
atrazine	6251
dollies	6251
streetscape	6251
indicia	6251
embroiled	6251
headrests	6251
excised	6251
committers	6251
swash	6251
armistice	6251
damped	6251
southerners	6251
fissures	6251
borgata	6251
clinched	6251
astragalus	6251
copayment	6251
inoperative	6251
riverine	6251
forlorn	6251
apologetic	6251
absolution	6251
vancomycin	6251
fluidity	6251
inordinate	6251
tanga	6251
photoblogs	6251
clank	6251
whacked	6251
creasing	6251
individualistic	6251
cabochon	6251
marts	6251
leaner	6251
bracketed	6251
brokered	6251
umask	6251
barnstaple	6251
aliphatic	6251
monochromatic	6251
artemisia	6251
slimmer	6251
fermions	6251
evermore	6251
locos	6251
trattoria	6251
batons	6251
interworking	6251
engendered	6251
ruble	6251
disconcerting	6251
margaritas	6251
appropriating	6251
viticulture	6251
socials	6251
shinto	6251
attentions	6251
abductions	6251
clacton	6251
gawd	6251
diffusers	6251
inhaling	6251
arthouse	6251
parklands	6251
ellipsoid	6251
backrest	6251
calmer	6251
passers	6251
carnivores	6251
fluttering	6251
irishman	6251
callable	6251
chartreuse	6251
brier	6251
candleholder	6251
hundredth	6251
firstborn	6251
circumvention	6251
coves	6251
hime	6251
lifehacker	6251
betraying	6251
bareboat	6251
emulsions	6251
backwaters	6251
chairing	6251
birdhouses	6251
screech	6251
fetches	6251
tradable	6251
axillary	6251
uzi	6250
maximally	6250
regionalism	6250
sweepstake	6250
clobber	6250
encapsulating	6250
noddy	6250
paltry	6250
anchorman	6250
yacc	6250
colonna	6250
misadventures	6250
carelessness	6250
threes	6250
broadside	6250
cooktops	6250
largemouth	6250
fanfics	6250
anticoagulant	6250
doers	6250
sods	6250
tremolo	6250
technicalities	6250
goulash	6250
craziness	6250
thais	6250
groaning	6250
trailblazers	6250
crematorium	6250
beckons	6250
rejoiced	6250
scrumptious	6250
vacuuming	6250
thrombocytopenia	6250
suspender	6250
palpitations	6250
blimp	6250
quickness	6250
entertains	6250
loopy	6250
larne	6250
leal	6250
turban	6250
cece	6250
goonies	6250
ruffles	6250
marshalltown	6250
serological	6250
rediscovering	6250
infatuation	6250
gaiters	6250
edgware	6250
zebras	6250
disappearances	6250
efta	6250
cleve	6250
chomp	6250
scoped	6250
antistatic	6250
curving	6250
frenetic	6250
heatsinks	6250
allium	6250
misrepresent	6250
postural	6250
conservationists	6250
tankard	6250
xxxix	6250
toasty	6250
culminates	6250
amorous	6250
notifiable	6250
shaders	6250
overflowed	6250
corrupts	6250
jesu	6250
extrapolate	6250
weaned	6250
scenics	6250
armchairs	6250
incompatibilities	6250
pectin	6250
merengue	6250
vagueness	6250
grumble	6250
wronged	6250
fireflies	6250
undergarments	6250
consolidations	6250
hoisting	6250
falsified	6250
dialectical	6250
prospectively	6250
tennessean	6250
revocable	6250
enthalpy	6250
tankless	6250
rosin	6250
musics	6250
impersonators	6250
flatly	6250
harsher	6250
tipper	6249
inciting	6249
passphrase	6249
raga	6249
malleable	6249
hydrocephalus	6249
masturbates	6249
ecru	6249
skippers	6249
indecision	6249
candidiasis	6249
bathrobes	6249
unselfish	6249
multitrack	6249
whetstone	6249
wilts	6249
microcomputers	6249
wellspring	6249
gulag	6249
outlander	6249
macaw	6249
aryl	6249
alight	6249
epochs	6249
barents	6249
cheesecakes	6249
genial	6249
revolved	6249
snowed	6249
cachet	6249
steeplechase	6249
fortify	6249
textron	6249
mouseover	6249
verifications	6249
unsurprisingly	6249
cherubs	6249
armature	6249
canzone	6249
implicate	6249
opals	6249
gatefold	6249
nutritionally	6249
tolling	6249
fleury	6249
provisioned	6249
sista	6249
kooks	6249
pumper	6249
dived	6249
bucking	6249
baffles	6249
obverse	6249
infamy	6249
dapper	6249
belfry	6249
durables	6249
elysian	6249
carbamazepine	6249
baldy	6249
troubleshooter	6249
odious	6249
crocs	6249
plier	6249
loner	6249
rehearsing	6249
latencies	6249
ellipsis	6249
wheres	6249
marquees	6249
sutures	6249
pragmatics	6249
brownstone	6249
fabricator	6249
outperforms	6249
autoantibodies	6249
decompiler	6249
cycled	6249
outhouse	6249
autoplay	6249
cobbled	6249
monophosphate	6249
romanesque	6249
vanquish	6249
imparts	6249
dextrose	6249
joggers	6249
parapsychology	6249
quilter	6249
sobs	6249
launchpad	6249
zouk	6249
laudable	6249
catabolism	6249
luminal	6249
institutionalization	6249
permeate	6249
thawing	6249
violoncello	6249
writs	6249
omnipresent	6249
gesundheit	6249
inconsequential	6249
insensitivity	6248
deviants	6248
hovered	6248
devouring	6248
renunciation	6248
stunted	6248
returnees	6248
headshot	6248
reformist	6248
munching	6248
fumbling	6248
lcl	6248
serviceability	6248
purl	6248
fireproof	6248
banal	6248
deployable	6248
sojourners	6248
rears	6248
portico	6248
iterators	6248
broads	6248
namaste	6248
transportable	6248
excites	6248
weasels	6248
placard	6248
uncooked	6248
lolly	6248
quartermaster	6248
wintergreen	6248
peculiarly	6248
grinstead	6248
placards	6248
deport	6248
lox	6248
transposed	6248
lemmas	6248
slammer	6248
theosophy	6248
karmic	6248
inking	6248
jitters	6248
nonfatal	6248
waistcoat	6248
vier	6248
testaments	6248
dobbins	6248
perusal	6248
delves	6248
childlike	6248
mml	6248
shamelessly	6248
guava	6248
saison	6248
endonuclease	6248
holomorphic	6248
bandicoot	6248
persimmon	6248
attributions	6248
shh	6248
bosons	6248
cloaked	6248
clade	6248
decrypted	6248
lichens	6248
suppositories	6248
brotherly	6248
fresnel	6248
uninhabited	6248
recognitions	6248
decoupage	6248
demonstrably	6248
carters	6248
titling	6248
sawn	6248
sunfish	6248
unbelief	6248
facies	6248
poinsettia	6248
intercooler	6248
airstrip	6248
overtaking	6248
lamaze	6248
bellman	6248
euphonium	6248
urinalysis	6248
maintainability	6248
councilwoman	6248
holed	6248
transference	6248
pliable	6248
kaneohe	6248
bacula	6248
mantua	6248
inevitability	6248
wimpy	6248
sardines	6248
dictating	6248
chucks	6248
sidewall	6248
duckling	6248
decommissioned	6247
crystallized	6247
reprisal	6247
blighted	6247
lucite	6247
playability	6247
muds	6247
rafter	6247
warblers	6247
dissect	6247
tarragon	6247
rumbling	6247
hexane	6247
perceptible	6247
blazes	6247
hypnotist	6247
escarpment	6247
olivine	6247
linearized	6247
encircled	6247
saxons	6247
transcending	6247
desegregation	6247
megahertz	6247
snout	6247
goodly	6247
philosophically	6247
bigot	6247
protester	6247
gestapo	6247
calendaring	6247
bramble	6247
persisting	6247
hollies	6247
freudian	6247
enacts	6247
iiii	6247
goons	6247
bouillon	6247
scribbled	6247
amu	6247
titer	6247
canasta	6247
axiomatic	6247
celibacy	6247
beaucoup	6247
comparators	6247
tooting	6247
scalars	6247
displeased	6247
cornerback	6247
decathlon	6247
anthill	6247
lather	6247
balding	6247
quasars	6247
extractive	6247
mixtapes	6247
bureaucrat	6247
generically	6247
unchallenged	6247
strayed	6247
quakes	6247
classicism	6247
shaykh	6247
combobox	6247
commutation	6247
recyclables	6247
spiritualism	6247
paves	6247
gapped	6247
engender	6247
pastes	6247
vmd	6247
gerbil	6247
quandary	6247
webwork	6247
streatham	6247
plucker	6247
hiccups	6247
silvers	6247
jurists	6247
cloaks	6247
preformed	6247
glazes	6247
finial	6247
streaked	6247
phthalate	6247
posses	6247
chieftains	6247
fsck	6247
emphases	6247
microgravity	6247
xylophone	6247
goole	6247
hermitian	6247
hermeneutics	6247
perches	6247
candler	6247
scrapes	6247
leatherette	6247
silhouetted	6247
polisher	6247
crouched	6247
gradation	6246
telecaster	6246
tole	6246
unanimity	6246
biogeography	6246
warthog	6246
vetting	6246
educationally	6246
goalies	6246
impeding	6246
joiners	6246
balms	6246
mantras	6246
exploitable	6246
remade	6246
erythema	6246
grisly	6246
fornication	6246
figural	6246
sassafras	6246
surrealist	6246
contaminating	6246
ornithine	6246
wishlists	6246
agronomic	6246
piscina	6246
debarment	6246
autoresponders	6246
jumpsuit	6246
tramps	6246
overpaid	6246
shigella	6246
bioenergy	6246
winkle	6246
tracheal	6246
blossoming	6246
mesons	6246
wooly	6246
jamey	6246
rightwing	6246
kickback	6246
irate	6246
partisanship	6246
acth	6246
wean	6246
sitar	6246
pushy	6246
ventricles	6246
idi	6246
boldface	6246
brogan	6246
omelet	6246
alberts	6246
sheaf	6246
bichon	6246
folios	6246
juju	6246
peacemaking	6246
lazuli	6246
dictum	6246
nihilism	6246
caulking	6246
thorium	6246
refutation	6246
posthumous	6246
scrambler	6246
lorries	6246
inclinations	6246
toolchain	6246
ledges	6246
overestimate	6246
bathymetry	6246
enlisting	6246
roars	6246
urinating	6246
swindle	6246
bilbo	6246
indoctrination	6246
disagreeing	6246
revolting	6246
candied	6246
middleweight	6246
scaler	6246
macedon	6246
dingy	6246
gabber	6246
frieze	6246
staircases	6246
compactor	6246
masterplan	6246
dink	6246
mackinaw	6246
undesired	6246
clunky	6246
neurodegenerative	6246
horas	6246
multiplies	6246
reactivate	6246
poodles	6246
euphoric	6246
yuppie	6246
impressing	6246
twirling	6246
coastguard	6245
redeployment	6245
duals	6245
propagates	6245
deviates	6245
nene	6245
topsy	6245
contouring	6245
azide	6245
recalculated	6245
emplacement	6245
skyrocketing	6245
sergeants	6245
rands	6245
enquires	6245
maharishi	6245
baryon	6245
strokers	6245
overcoat	6245
confederations	6245
carotenoids	6245
sunnah	6245
chippendale	6245
tyrannical	6245
infinitesimal	6245
unboxed	6245
fishbowl	6245
spouting	6245
humbling	6245
truer	6245
limes	6245
mentored	6245
burglaries	6245
wrecker	6245
effluents	6245
miniskirt	6245
martians	6245
outperformed	6245
unaccounted	6245
giraffes	6245
pressuring	6245
telomerase	6245
sullen	6245
prolonging	6245
battering	6245
kraut	6245
superficially	6245
upstart	6245
refocus	6245
capsicum	6245
softail	6245
reams	6245
beeper	6245
remakes	6245
infeasible	6245
imps	6245
thalidomide	6245
divulged	6245
wholesaling	6245
shrunken	6245
pupa	6245
quays	6245
subfield	6245
reprehensible	6245
cornerstones	6245
sequent	6245
retries	6245
donnas	6245
provokes	6245
suds	6245
dedicating	6245
gams	6245
knitters	6245
staplers	6245
wailers	6245
confessing	6245
forbade	6245
incursions	6245
houseboats	6245
woofers	6245
referent	6245
pieced	6245
oocyte	6245
arching	6245
specular	6245
okra	6245
impersonate	6245
gloriously	6245
adhesions	6245
vmc	6245
gourds	6245
worsted	6245
nevermore	6245
vibratory	6245
endorsers	6245
sanguine	6245
acorns	6245
dominator	6245
amaretto	6245
slung	6245
waterpark	6245
rowers	6245
shockingly	6245
headbands	6245
tock	6244
selecta	6244
vagrant	6244
dataflow	6244
beekeeping	6244
swastika	6244
mangosteen	6244
potosi	6244
fluconazole	6244
highlighters	6244
empties	6244
bight	6244
proliferate	6244
steroidal	6244
encyclical	6244
dominos	6244
fells	6244
decibel	6244
morgen	6244
backhand	6244
activators	6244
dormer	6244
stasis	6244
pythons	6244
barrios	6244
underprivileged	6244
panics	6244
industrialists	6244
carabiner	6244
competently	6244
miscellanea	6244
admixtures	6244
zhongshan	6244
prolongation	6244
tucks	6244
arnica	6244
eldercare	6244
embarks	6244
uprooted	6244
sublingual	6244
talons	6244
ooooh	6244
distorts	6244
dualism	6244
sinfonia	6244
grandmas	6244
intrigues	6244
cannibals	6244
oxytocin	6244
pounce	6244
genealogists	6244
vedas	6244
subsidizing	6244
ables	6244
oxbow	6244
mouthfuls	6244
instilled	6244
stalinist	6244
idvd	6244
dually	6244
decibels	6244
calyx	6244
mightily	6244
refurbishing	6244
factoid	6244
ragdoll	6244
unwieldy	6244
perpetuated	6244
transcoding	6244
phill	6244
chancellors	6244
weenie	6244
exaggerating	6244
prepayments	6244
penalize	6244
smoldering	6244
refinanced	6244
infomercial	6244
snub	6244
signups	6244
tweedy	6244
coarsely	6244
arrayed	6244
shallots	6244
withstanding	6244
stamper	6244
paneling	6244
dampening	6244
jockstraps	6244
thickens	6244
hissing	6244
pedometers	6244
crumpled	6244
jojoba	6244
tabulations	6244
compressible	6244
prat	6244
outcrop	6244
gaya	6244
haps	6244
dims	6244
topmost	6244
intrude	6244
batching	6244
rosaries	6243
opioids	6243
colada	6243
behest	6243
snatching	6243
silkscreen	6243
remarried	6243
wacko	6243
charmer	6243
escapades	6243
lipped	6243
haphazard	6243
infirm	6243
pontiff	6243
copay	6243
covariates	6243
cornering	6243
quagga	6243
menage	6243
preaches	6243
motherland	6243
growling	6243
indescribable	6243
arraignment	6243
blackheath	6243
cartooning	6243
materiality	6243
ungraded	6243
scabies	6243
napping	6243
inhomogeneous	6243
weeklies	6243
extrusions	6243
momenta	6243
toppling	6243
workweek	6243
oxygenation	6243
bouton	6243
excellently	6243
wingman	6243
pails	6243
burly	6243
derecho	6243
hillsides	6243
underutilized	6243
xxix	6243
divest	6243
mange	6243
multiuser	6243
reintroduction	6243
butadiene	6243
dings	6243
unfairness	6243
unchained	6243
abated	6243
psyllium	6243
optoelectronic	6243
poplin	6243
feee	6243
tiniest	6243
neurosis	6243
mowed	6243
permeates	6243
overhauled	6243
anaphylaxis	6243
caskets	6243
congenial	6243
supernovae	6243
fervently	6243
auroral	6243
urinate	6243
carboxyl	6243
lyceum	6243
sprained	6243
harlot	6243
ravages	6243
microcredit	6243
weathervane	6243
longboard	6243
bedroomed	6243
extractions	6243
dilutions	6243
superhuman	6243
entomological	6243
snowdonia	6243
quantized	6243
unlined	6243
gouda	6243
awardees	6243
conclave	6243
humanly	6243
abiotic	6243
unionism	6243
magnificence	6243
evert	6243
supergirl	6243
sacramental	6243
peddler	6243
boycotts	6243
subacute	6243
nuthin	6243
geomatics	6243
crossroad	6243
solicits	6243
glared	6242
leeks	6242
adverbs	6242
ugliness	6242
shavings	6242
arthropoda	6242
merrillville	6242
hobbits	6242
sanctioning	6242
mikado	6242
petrology	6242
baseboard	6242
lusts	6242
helplessly	6242
quintessence	6242
gunned	6242
throes	6242
malabar	6242
pyrotechnics	6242
crowbar	6242
homebound	6242
peddling	6242
paintbrush	6242
blots	6242
nettles	6242
scud	6242
rosemarie	6242
culminate	6242
deconstructing	6242
correlating	6242
raked	6242
fumigation	6242
preconception	6242
justifiably	6242
meagan	6242
cruised	6242
proposers	6242
stupidly	6242
lashing	6242
occipital	6242
theism	6242
gaudy	6242
electrophoretic	6242
mvd	6242
tabling	6242
swoon	6242
bognor	6242
hundredths	6242
buckskin	6242
brickyard	6242
captcha	6242
floater	6242
cricketers	6242
freemasons	6242
troika	6242
recluse	6242
outfitting	6242
displacing	6242
protozoa	6242
stoning	6242
blacker	6242
wearables	6242
substructure	6242
aspires	6242
handrails	6242
chittagong	6242
telegraphic	6242
revitalized	6242
remaking	6242
networker	6242
brainy	6242
sops	6242
dees	6242
tabloids	6242
crosscut	6242
mandible	6242
frescoes	6242
patted	6242
puritans	6242
gentlewoman	6242
subgraph	6242
cartouche	6242
frosh	6242
malnourished	6242
kebab	6242
knotting	6242
affirmatively	6242
staterooms	6242
sundials	6242
cloture	6242
piggyback	6242
somme	6242
gymnasts	6242
crimping	6242
varnishes	6242
vegetated	6242
calculi	6242
nouveaux	6242
victors	6242
fontainebleau	6242
runcorn	6242
revels	6242
sugary	6242
droves	6242
hypoallergenic	6242
slur	6241
brownwood	6241
bookman	6241
arvin	6241
trotters	6241
ferromagnetic	6241
phrased	6241
binaural	6241
puddles	6241
yeahs	6241
ephemeris	6241
refurbish	6241
latching	6241
penner	6241
nobleman	6241
assailant	6241
dystopia	6241
luxuriously	6241
ambit	6241
flatness	6241
pardons	6241
debauchery	6241
extravagance	6241
buttress	6241
eutrophication	6241
defuse	6241
whisker	6241
vesicular	6241
ghoul	6241
microeconomic	6241
rigors	6241
foregone	6241
tandoori	6241
alexandrite	6241
sequined	6241
overjoyed	6241
fastball	6241
rectifiers	6241
compactness	6241
monopolistic	6241
autoload	6241
newhaven	6241
apologists	6241
unbundling	6241
clack	6241
lotsa	6241
refilled	6241
digester	6241
fretboard	6241
cytoskeletal	6241
whiff	6241
burrowing	6241
strolled	6241
sororities	6241
blokes	6241
latched	6241
spawns	6241
whitsunday	6241
uric	6241
cravers	6241
lethality	6241
encrusted	6241
rejections	6241
clashed	6241
holdall	6241
victorians	6241
harpoon	6241
reining	6241
bartlesville	6241
rewrites	6241
sombre	6241
nadeau	6241
succinate	6241
machinations	6241
hearse	6241
parham	6241
fluorescein	6241
rebroadcast	6241
paraphrasing	6241
supersize	6241
bootcut	6241
roamed	6241
caulk	6241
pharmacotherapy	6241
approbation	6241
scratchy	6241
monolayer	6241
wut	6241
calmness	6241
confound	6241
baseband	6241
tilts	6241
separatists	6241
airedale	6241
exempting	6241
bth	6241
finalization	6241
plummeted	6241
lengthwise	6241
fatter	6241
abstained	6241
uninhibited	6241
rejuvenating	6241
emulates	6241
deflate	6240
cannery	6240
mannose	6240
gaucho	6240
decompress	6240
tantrums	6240
ashkenazi	6240
folktales	6240
christen	6240
logotype	6240
crepes	6240
senile	6240
cobwebs	6240
autoclave	6240
millisecond	6240
expediting	6240
underwrite	6240
tusk	6240
eschatology	6240
transcode	6240
electrochemistry	6240
hellish	6240
afferent	6240
conquers	6240
summarization	6240
preceptor	6240
underclassman	6240
humongous	6240
hominid	6240
preempted	6240
claro	6240
ugliest	6240
gastroenteritis	6240
propionate	6240
ungrateful	6240
renounced	6240
trumped	6240
clashing	6240
agglomeration	6240
decomposing	6240
muenster	6240
lightbulb	6240
sikhism	6240
postponing	6240
graver	6240
isoenzymes	6240
horseshoes	6240
keratin	6240
flees	6240
catalase	6240
iim	6240
disassembled	6240
blocs	6240
torrid	6240
goldstone	6240
newsagents	6240
leishmania	6240
friendlier	6240
preconceived	6240
snickers	6240
tilbury	6240
microgram	6240
hutches	6240
inferring	6240
ecologists	6240
evictions	6240
spokespersons	6240
engrave	6240
dishonor	6240
hoarding	6240
bauxite	6240
roadless	6240
commercialize	6240
barrack	6240
underarm	6240
reconditioning	6240
vey	6240
compatriots	6240
stereotyped	6240
coquille	6240
glenna	6240
gouache	6240
antacids	6240
conscription	6240
enlarger	6240
tbt	6240
vcx	6240
strainers	6240
minna	6240
twee	6240
tradesman	6240
lozenges	6240
pluses	6240
myopic	6240
sayer	6240
eeee	6240
contrarian	6240
dizzying	6240
lysates	6240
embodying	6240
unscathed	6240
retrofitting	6240
moslems	6240
courageously	6240
unopposed	6240
snugly	6240
tarry	6239
fevers	6239
ancestries	6239
joule	6239
interrogate	6239
tuber	6239
taillight	6239
muddled	6239
falklands	6239
codons	6239
smearing	6239
subjection	6239
evoking	6239
punctuality	6239
reactivated	6239
acrobatic	6239
hoarse	6239
detections	6239
misfortunes	6239
vexed	6239
detentions	6239
photovoltaics	6239
complexed	6239
curries	6239
lectionary	6239
bureaucracies	6239
slinger	6239
columnar	6239
mili	6239
cliques	6239
terabyte	6239
delving	6239
vanquished	6239
mallets	6239
headlining	6239
barometers	6239
inquisitor	6239
floored	6239
inheriting	6239
haggle	6239
planktonic	6239
plied	6239
midline	6239
beaters	6239
enablers	6239
bemis	6239
twang	6239
raccoons	6239
uncorrelated	6239
implode	6239
ombre	6239
conceiving	6239
indivisible	6239
phonic	6239
poetical	6239
stagger	6239
crusted	6239
gantry	6239
modulates	6239
heraldic	6239
elastomeric	6239
artichokes	6239
galactosidase	6239
belli	6239
maladies	6239
adjudged	6239
ideologically	6239
takeaways	6239
courthouses	6239
princely	6239
turrets	6239
diatribe	6239
centrex	6239
percentiles	6239
businesspeople	6239
hydrodynamics	6239
sleepover	6239
calms	6239
acharya	6239
misgivings	6239
businesswoman	6239
claudette	6239
sufism	6239
slither	6239
presumes	6239
juggler	6239
obeys	6239
floodplains	6239
mockup	6239
worsens	6239
stifled	6239
mastitis	6239
formica	6239
monoamine	6239
referendums	6239
preposition	6239
urinals	6239
wilmslow	6239
vestibule	6239
mournful	6239
samsara	6239
ameliorate	6239
scheming	6239
trashing	6239
disarmed	6239
transects	6238
baseless	6238
loadable	6238
preamplifier	6238
ceil	6238
parliamentarian	6238
voile	6238
picturing	6238
dismemberment	6238
subregion	6238
suspenseful	6238
quartered	6238
teases	6238
lioness	6238
disingenuous	6238
appendages	6238
shoo	6238
cromer	6238
feverish	6238
stairwell	6238
neglects	6238
suckling	6238
scythe	6238
bulldozers	6238
spongiform	6238
heaving	6238
ghazi	6238
homily	6238
pensive	6238
stereoscopic	6238
trawling	6238
immunosorbent	6238
paschal	6238
upshot	6238
showoff	6238
flatmate	6238
cockatoo	6238
radicalism	6238
dib	6238
sifted	6238
chickadee	6238
rufous	6238
boisterous	6238
sate	6238
railroading	6238
alleviated	6238
manicured	6238
outbuildings	6238
pacemakers	6238
biddeford	6238
decanters	6238
elevates	6238
panchayat	6238
airfields	6238
whorl	6238
florissant	6238
carib	6238
switchblade	6238
kyung	6238
cowling	6238
zolpidem	6238
ferment	6238
envisioning	6238
bivariate	6238
busier	6238
reinvention	6238
bounties	6238
incursion	6238
phenom	6238
warmup	6238
bettendorf	6238
longboat	6238
thinned	6238
foodie	6238
flapper	6238
aircrew	6238
seabird	6238
consternation	6238
preludes	6238
hoisted	6238
histopathology	6238
internalized	6238
trivially	6238
weirdest	6238
boilerplate	6238
gouge	6238
auteurs	6238
chirp	6238
wastage	6238
gallstones	6238
headliners	6238
ivar	6238
demagnetization	6238
dimmed	6238
intravenously	6238
mommies	6238
yore	6238
alendronate	6238
modifiable	6238
bulges	6238
stargazing	6238
improvisational	6238
scurry	6238
growths	6238
gyrus	6238
ganja	6238
halve	6237
conversant	6237
ump	6237
torpedoes	6237
iwi	6237
sovereigns	6237
coinciding	6237
nofollow	6237
schoolwork	6237
outbox	6237
acquirer	6237
malformation	6237
webworks	6237
consignments	6237
lifelines	6237
populating	6237
unencumbered	6237
eliciting	6237
tamed	6237
kati	6237
toting	6237
fiends	6237
categorizing	6237
farmyard	6237
directorates	6237
condense	6237
garbled	6237
stroker	6237
tallow	6237
benefitted	6237
laminators	6237
anions	6237
unforgiving	6237
rower	6237
hyaluronic	6237
subregional	6237
rocketry	6237
immobile	6237
interchanges	6237
indisputable	6237
guardrail	6237
sanitized	6237
tickers	6237
introns	6237
salicylate	6237
dimmers	6237
unkind	6237
caravelle	6237
misread	6237
magnetosphere	6237
prismatic	6237
aunty	6237
epitaxial	6237
spoofs	6237
paucity	6237
musicale	6237
gils	6237
snafu	6237
expediency	6237
lieutenants	6237
contactless	6237
cecelia	6237
incubate	6237
philology	6237
prophesied	6237
parm	6237
acrylamide	6237
fabs	6237
compl	6237
triassic	6237
deadbeat	6237
chatters	6237
horsey	6237
benzodiazepine	6237
backwoods	6237
pheasants	6237
thumper	6237
gearboxes	6237
prams	6237
eerily	6237
repossession	6237
untouchables	6237
emittance	6237
slouch	6237
flys	6237
amulets	6237
thermostatic	6237
legos	6237
cargoes	6237
flavonoids	6237
biopic	6237
accentuated	6237
eddies	6237
decaffeinated	6237
monad	6237
joists	6237
disobey	6237
stabilizes	6237
lviv	6237
alumna	6237
bandy	6237
watercourses	6237
deregulated	6237
doctorates	6237
chromed	6237
confections	6237
amicable	6236
slop	6236
enclaves	6236
parakeet	6236
pressman	6236
prospered	6236
climactic	6236
barbecued	6236
aboveground	6236
pandering	6236
radiocarbon	6236
colloquy	6236
irises	6236
refiners	6236
scrolled	6236
retorted	6236
fiftieth	6236
groupies	6236
joyfully	6236
shearwater	6236
cleaved	6236
thermoelectric	6236
skittles	6236
eskimos	6236
kitbag	6236
collegial	6236
aacc	6236
papillary	6236
snide	6236
contraindicated	6236
offensively	6236
chaperones	6236
specifiers	6236
plausibility	6236
blarney	6236
procurements	6236
attitudinal	6236
hatcheries	6236
magnate	6236
pillage	6236
vengeful	6236
lunatics	6236
compensable	6236
teeter	6236
satis	6236
agnosticism	6236
gadfly	6236
retaliatory	6236
kneeboarding	6236
paintballs	6236
rly	6236
impracticable	6236
subsumed	6236
hospices	6236
pelicans	6236
protozoan	6236
misdirected	6236
preflight	6236
surrenders	6236
satisfiability	6236
scruffy	6236
playfully	6236
barony	6236
dusts	6236
vibrato	6236
stockman	6236
bozo	6236
caddie	6236
ejector	6236
gruff	6236
photojournalist	6236
snatches	6236
buxom	6236
deciphering	6236
bankcard	6236
isomer	6236
botanist	6236
votives	6236
tampons	6236
sanitizer	6236
glycolic	6236
timidity	6236
constrains	6236
narcolepsy	6236
musty	6236
silences	6236
curable	6236
guineas	6236
lawnmowers	6236
droids	6236
ministering	6236
transits	6236
lithology	6236
strangle	6236
swerve	6236
proscribed	6236
pandit	6236
lector	6236
anatomically	6236
brisket	6236
sleepiness	6236
chattering	6236
propolis	6236
rescheduling	6236
synchronizer	6236
dominions	6236
capris	6235
plateaus	6235
spaniard	6235
ramping	6235
vegans	6235
orthodontist	6235
plummet	6235
deplete	6235
litton	6235
heirlooms	6235
tyrannosaurus	6235
honeydew	6235
cyclocross	6235
transplanting	6235
casuals	6235
postulates	6235
onlookers	6235
terrapin	6235
easiness	6235
trepidation	6235
squatters	6235
paracetamol	6235
downbeat	6235
plantain	6235
bambino	6235
objectors	6235
couscous	6235
tubules	6235
frailty	6235
neutralized	6235
tangier	6235
reassign	6235
annealed	6235
prewar	6235
meringue	6235
bateau	6235
crushers	6235
infrastructural	6235
nebulizer	6235
overused	6235
ragweed	6235
lighthearted	6235
tweeters	6235
vetiver	6235
mourners	6235
bolingbrook	6235
reopens	6235
minimalism	6235
physiotherapist	6235
boxwood	6235
cassis	6235
lithographic	6235
unsalted	6235
stentor	6235
twos	6235
passageway	6235
seashells	6235
prover	6235
paddlers	6235
nanda	6235
reestablish	6235
ironstone	6235
salwar	6235
longline	6235
rbis	6235
broking	6235
parsonage	6235
berm	6235
scavenging	6235
outputting	6235
sacral	6235
sulphide	6235
outcasts	6235
hake	6235
mortally	6235
oxidants	6235
homestyle	6235
carbonic	6235
sertraline	6235
unassuming	6235
disillusionment	6235
locational	6235
knead	6235
premarital	6235
lamas	6235
twisty	6235
thruster	6235
gaol	6235
phonemic	6235
erudite	6235
wester	6235
appreciably	6235
pentacle	6235
equalize	6235
prepositions	6235
bitchy	6235
petits	6235
tarn	6235
electroplating	6235
manville	6235
multibyte	6235
grossing	6235
granulocyte	6235
attentively	6235
rebut	6235
misinterpretation	6235
ivc	6235
interred	6234
sagar	6234
indiscriminately	6234
greenways	6234
keyboardist	6234
encumbered	6234
sprain	6234
diclofenac	6234
noreen	6234
harshest	6234
homebuilders	6234
quantifier	6234
dishwashing	6234
platen	6234
pigtails	6234
neutrals	6234
conspire	6234
microfibre	6234
commercialized	6234
bodyguards	6234
recompense	6234
technetium	6234
meatball	6234
chisels	6234
aquarian	6234
bacteriological	6234
phoneme	6234
centrifuges	6234
breathability	6234
ellipticals	6234
colonnade	6234
anhydride	6234
shree	6234
overburden	6234
indexation	6234
abides	6234
architecturally	6234
spillway	6234
spoofed	6234
transferrin	6234
yuh	6234
newsstands	6234
strove	6234
talkies	6234
interoperate	6234
dissenters	6234
sustainably	6234
stutter	6234
imparting	6234
reticle	6234
copter	6234
wendi	6234
apologizing	6234
bonkers	6234
coups	6234
neotropical	6234
verdant	6234
mechatronics	6234
commutes	6234
secrete	6234
segue	6234
hoteliers	6234
dotty	6234
twirl	6234
phot	6234
ingot	6234
pedagogic	6234
touristic	6234
mimeo	6234
lounger	6234
bioactive	6234
beadle	6234
denizens	6234
revamping	6234
remarriage	6234
tenancies	6234
microcode	6234
cockney	6234
klux	6234
bilingualism	6234
guppy	6234
penning	6234
gammons	6234
nodule	6234
abetting	6234
paella	6234
esop	6234
coley	6234
modelers	6234
handoff	6234
leeches	6234
infiltrating	6234
confirmatory	6234
saar	6234
convoys	6234
ospreys	6234
cooperates	6234
codebook	6234
amplifying	6234
massillon	6234
alimentation	6234
conjures	6234
shapely	6234
aspartic	6234
rooks	6234
firecracker	6234
bodhisattva	6234
fairground	6233
carrefour	6233
shuddered	6233
drafters	6233
mullah	6233
wheelie	6233
preemie	6233
spayed	6233
overactive	6233
homey	6233
ornamentation	6233
rearrangements	6233
lynching	6233
pornographers	6233
dictatorial	6233
uncomfortably	6233
rabbinic	6233
refiner	6233
amaranth	6233
zidovudine	6233
tourer	6233
defenseless	6233
jokingly	6233
glean	6233
choreographers	6233
edad	6233
woodturning	6233
icicle	6233
hooves	6233
gratified	6233
participle	6233
featherstone	6233
hotdog	6233
watchmen	6233
galleon	6233
winemakers	6233
ketones	6233
priors	6233
chafing	6233
rami	6233
sakhalin	6233
bipartite	6233
phytosanitary	6233
aircrafts	6233
betrays	6233
thot	6233
sunroom	6233
inwards	6233
regroup	6233
libertine	6233
pacifism	6233
performa	6233
immeasurable	6233
wanker	6233
fluoridation	6233
consolidators	6233
scammed	6233
esthetic	6233
soiling	6233
testator	6233
distaste	6233
periscope	6233
offshoot	6233
resolutely	6233
friendliest	6233
uttering	6233
germane	6233
chimps	6233
practicalities	6233
construe	6233
hypertrophic	6233
voxel	6233
awl	6233
kaizen	6233
mourned	6233
culpability	6233
segregate	6233
despotism	6233
flotilla	6233
fragmentary	6233
verticals	6233
luncheons	6233
omniscient	6233
gladness	6233
flowcharts	6233
frisky	6233
woodcut	6233
ballistics	6233
generalities	6233
battlegrounds	6233
workdays	6233
condolence	6233
bogle	6233
mistreated	6233
invertible	6233
brightening	6233
inimitable	6233
ineffectual	6233
impounded	6233
armorial	6233
poppa	6233
thickly	6233
selflessness	6233
blossomed	6233
cistern	6233
quadrants	6233
eponymous	6233
tableaux	6232
fibrin	6232
phaeton	6232
restaurateurs	6232
irfan	6232
fecundity	6232
hijacker	6232
bamako	6232
esselte	6232
relaxant	6232
purists	6232
tare	6232
caliph	6232
surrogates	6232
speedos	6232
dysentery	6232
funnels	6232
pasty	6232
divestment	6232
gaga	6232
debenture	6232
cuffed	6232
tumult	6232
urological	6232
barstool	6232
lysozyme	6232
alphanumerical	6232
antihistamine	6232
curate	6232
phosphodiesterase	6232
donned	6232
unexcused	6232
vixens	6232
tarsus	6232
allegorical	6232
shoji	6232
paver	6232
monotony	6232
watchmaker	6232
pyridine	6232
entrainment	6232
poincare	6232
allogeneic	6232
descrambler	6232
visioning	6232
legalizing	6232
steamroller	6232
wellhead	6232
lucile	6232
spillovers	6232
amazons	6232
unabated	6232
shoulda	6232
canines	6232
strobes	6232
reminisce	6232
backstory	6232
marksman	6232
rebuilds	6232
publicizing	6232
philosophic	6232
fallopian	6232
mulching	6232
arrondissement	6232
downline	6232
hibbing	6232
skyrocket	6232
troubadour	6232
truest	6232
nonrefundable	6232
aldosterone	6232
hypnotized	6232
ghouls	6232
rudeness	6232
rakhi	6232
thermals	6232
snitch	6232
aborting	6232
felled	6232
tinned	6232
concoction	6232
flay	6232
eom	6232
patter	6232
campfires	6232
commie	6232
beanbag	6232
ovals	6232
heavyweights	6232
intercellular	6232
bootie	6232
chronicling	6232
motorcyclists	6232
flashcard	6232
arthritic	6232
streptococcal	6232
snarky	6232
tortoises	6232
bummed	6232
undiagnosed	6232
swappable	6232
crone	6232
sidecar	6232
possessor	6232
cichlids	6232
wintry	6232
dlm	6232
viewings	6232
probiotic	6231
bilayer	6231
marcie	6231
admonished	6231
skeeter	6231
inbreeding	6231
cddb	6231
wintertime	6231
wickedly	6231
pubes	6231
fess	6231
ultrastructural	6231
anemic	6231
matts	6231
maxillary	6231
thunk	6231
texting	6231
arachidonic	6231
laver	6231
shamed	6231
butthead	6231
mannequins	6231
cartels	6231
astrocytes	6231
eluded	6231
beheading	6231
peeks	6231
carbonates	6231
incriminating	6231
smallmouth	6231
hots	6231
timesheets	6231
elongate	6231
landless	6231
squelch	6231
unsealed	6231
misinformed	6231
moonrise	6231
banzai	6231
duodenum	6231
luba	6231
journeyed	6231
creel	6231
percussive	6231
sdks	6231
seascapes	6231
sett	6231
delis	6231
compatibles	6231
magnificently	6231
unpunished	6231
ophthalmologist	6231
stationers	6231
apostasy	6231
bereft	6231
seaway	6231
vitriol	6231
ooff	6231
vicarage	6231
vestry	6231
sensitized	6231
unsubsidized	6231
rumbles	6231
laurentian	6231
compactors	6231
suboptimal	6231
cornmeal	6231
ascites	6231
gleefully	6231
febrile	6231
mercies	6231
paralleled	6231
casuarina	6231
entwined	6231
fosse	6231
striatum	6231
mountaintop	6231
ilex	6231
sintering	6231
manilla	6231
bilinear	6231
tagboard	6231
taille	6231
resplendent	6231
whee	6231
insecurities	6231
rotavirus	6231
thrall	6231
barked	6231
airfoil	6231
katowice	6231
lignite	6231
osteopaths	6231
cathie	6231
unum	6231
relaxants	6231
scorned	6231
psychedelia	6231
relapsed	6231
decongestant	6231
thicken	6231
unleashes	6231
ringside	6231
selene	6231
innovating	6231
artfully	6231
pilgrimages	6231
homemakers	6231
fides	6230
repayable	6230
blazed	6230
edda	6230
cupped	6230
wheelbarrow	6230
maimed	6230
zener	6230
morphed	6230
reorganizing	6230
shtml	6230
silviculture	6230
pater	6230
intergroup	6230
marinara	6230
furnitures	6230
mused	6230
polluters	6230
centipede	6230
petrel	6230
calliope	6230
milepost	6230
boomtown	6230
puffing	6230
systemwide	6230
mutagenic	6230
shays	6230
wielded	6230
formalin	6230
futurity	6230
lavage	6230
castors	6230
lopsided	6230
flippers	6230
nonmembers	6230
quicksand	6230
sheathing	6230
enriches	6230
hymnal	6230
finials	6230
wpm	6230
masturbators	6230
chlorella	6230
trestle	6230
mixmaster	6230
probables	6230
neophyte	6230
millionth	6230
transponders	6230
housemates	6230
skank	6230
rebus	6230
paraprofessional	6230
spiking	6230
axonal	6230
sentinels	6230
blepharoplasty	6230
vinyls	6230
rcpt	6230
eroticas	6230
travertine	6230
pardoned	6230
wormwood	6230
mulling	6230
windowing	6230
sighing	6230
repellant	6230
awed	6230
pergola	6230
shrank	6230
oilseeds	6230
elaborating	6230
cupping	6230
slipcover	6230
conceals	6230
brainstem	6230
satanism	6230
pineal	6230
garbo	6230
awn	6230
glycerine	6230
myrick	6230
receivership	6230
nationalistic	6230
steinway	6230
earache	6230
cimetidine	6230
billfold	6230
abolitionist	6230
foamy	6230
budgie	6230
shagging	6230
upping	6230
unpainted	6230
knolls	6230
ringworm	6230
ionizer	6230
unwell	6230
isothermal	6230
unconscionable	6230
wedged	6230
outgrown	6230
interlingua	6230
evading	6230
commemorated	6230
lurid	6230
annunciation	6230
honorees	6230
ffee	6229
herm	6229
undemocratic	6229
dispensary	6229
boondocks	6229
futurism	6229
omfg	6229
abandonware	6229
confucianism	6229
twit	6229
coalesce	6229
deltas	6229
futsal	6229
brougham	6229
striper	6229
credentialed	6229
shhh	6229
fruiting	6229
redfish	6229
windings	6229
strongholds	6229
cubism	6229
burglars	6229
mulls	6229
inductively	6229
sarcoidosis	6229
pectoris	6229
shrimps	6229
stockbroker	6229
xmm	6229
stirrup	6229
igbo	6229
ttyl	6229
misappropriation	6229
attendances	6229
photogrammetry	6229
wavs	6229
scrubbers	6229
flopped	6229
breastfeed	6229
subtext	6229
solas	6229
looters	6229
elbe	6229
whitewash	6229
squeezes	6229
subservient	6229
narc	6229
audiologists	6229
stuffer	6229
lyrically	6229
stubbornly	6229
buckaroo	6229
adoptees	6229
norseman	6229
hoots	6229
spearfish	6229
benediction	6229
curlew	6229
pequot	6229
disobedient	6229
minnows	6229
seamstress	6229
abce	6229
salsas	6229
relatedness	6229
legionella	6229
immortals	6229
transferability	6229
pinwheel	6229
whiny	6229
uninitiated	6229
ellipses	6229
bluffing	6229
eventing	6229
fye	6229
ruck	6229
briskly	6229
afflictions	6229
humoral	6229
huffy	6229
woodworker	6229
snazzy	6229
weariness	6229
covariant	6229
qubit	6229
subplot	6229
ascendancy	6229
stfu	6229
prekindergarten	6229
ingrown	6229
curtailment	6229
husker	6229
arthroplasty	6229
switchover	6229
bests	6229
affront	6229
memorization	6229
spectrophotometry	6229
baileys	6229
blindside	6229
outturn	6229
spearmint	6229
inari	6229
telephoned	6229
treasuries	6229
energetically	6229
djembe	6229
tinge	6228
itty	6228
vining	6228
ripstop	6228
scuff	6228
airspeed	6228
moguls	6228
defection	6228
murmurs	6228
slog	6228
appeasement	6228
dispersing	6228
quips	6228
tractable	6228
randomizer	6228
gleaner	6228
electrophysiological	6228
lapped	6228
azithromycin	6228
erythropoietin	6228
necessitating	6228
normalcy	6228
infotainment	6228
pecs	6228
bandanas	6228
backwash	6228
gunna	6228
ridings	6228
petitioning	6228
enablement	6228
clawed	6228
gyroscope	6228
chokers	6228
nona	6228
demeaning	6228
nifedipine	6228
portrayals	6228
disorientation	6228
nabbed	6228
tanager	6228
winsome	6228
telecomm	6228
capsid	6228
mortgagor	6228
presuming	6228
pulmonology	6228
ldd	6228
banshees	6228
equaled	6228
airstrike	6228
waveguides	6228
gasses	6228
wormhole	6228
flog	6228
peacemakers	6228
effectuate	6228
emerita	6228
longbow	6228
loran	6228
meatpacking	6228
deferring	6228
quills	6228
topi	6228
sintered	6228
erases	6228
cruse	6228
scalper	6228
subduction	6228
hairline	6228
gatehouse	6228
kya	6228
evens	6228
tartans	6228
unattainable	6228
unremarkable	6228
lengthened	6228
mutha	6228
proletarian	6228
dramatist	6228
grayish	6228
mineralogical	6228
enniskillen	6228
haring	6228
uncharacterized	6228
hallucination	6228
logarithms	6228
workpiece	6228
exhortation	6228
arousing	6228
synthetics	6228
avocados	6228
hypothesize	6228
taxicabs	6228
hippopotamus	6228
mongering	6228
ethane	6228
puffer	6228
wile	6228
homered	6228
forgeries	6228
propagator	6228
punchline	6228
recline	6228
maitre	6228
typefaces	6228
thermistor	6228
honeybee	6228
fluvial	6228
remembrances	6228
upmarket	6227
saddleback	6227
muffs	6227
telos	6227
disturbs	6227
chums	6227
candela	6227
pedicures	6227
determinate	6227
waterline	6227
heeded	6227
liquidations	6227
telephoning	6227
jell	6227
whammy	6227
collard	6227
sachet	6227
humiliate	6227
schoolyard	6227
drakes	6227
whatcha	6227
rouser	6227
vetted	6227
titers	6227
typists	6227
tomes	6227
luminaire	6227
ledgers	6227
chorionic	6227
accompaniments	6227
clairvoyant	6227
calcitonin	6227
footloose	6227
shriek	6227
posits	6227
yakuza	6227
barrette	6227
rehabs	6227
nymphets	6227
oleander	6227
deicide	6227
bungle	6227
mesmerized	6227
glossop	6227
kindergartens	6227
bentonite	6227
crozier	6227
ferocity	6227
soliton	6227
withering	6227
announcers	6227
babb	6227
underpins	6227
procreation	6227
glengarry	6227
cordillera	6227
reelected	6227
pokers	6227
globalized	6227
xxxi	6227
exasperated	6227
cropper	6227
groping	6227
brucellosis	6227
exonerated	6227
multiline	6227
orangemen	6227
pinnacles	6227
hyperglycemia	6227
sherrie	6227
cabanas	6227
miser	6227
rationales	6227
scaffolds	6227
tagger	6227
shoring	6227
reprisals	6227
culpable	6227
entryway	6227
sidebars	6227
wordplay	6227
medians	6227
enslavement	6227
mutate	6227
absolutes	6227
asunder	6227
destabilizing	6227
statist	6227
qualms	6227
universalism	6227
cremated	6227
fullback	6227
simvastatin	6227
spokesmen	6227
counterintelligence	6227
slipcase	6227
nonsmoking	6227
collectives	6227
unharmed	6227
sheaves	6227
kiteboarding	6227
godmother	6227
impresses	6227
polemic	6227
wallabies	6227
celebrant	6227
buttoned	6227
sprouted	6227
perfectionist	6227
percussionist	6226
baffin	6226
sociocultural	6226
lambskin	6226
backtrack	6226
duds	6226
distinctiveness	6226
colchicine	6226
ouse	6226
omelette	6226
disintegrated	6226
forgetfulness	6226
phlox	6226
hubcaps	6226
stilts	6226
haptic	6226
samaritans	6226
knocker	6226
sequencers	6226
straddling	6226
underfoot	6226
roofed	6226
unhinged	6226
jinn	6226
primeval	6226
automator	6226
fuqua	6226
interned	6226
operetta	6226
sakes	6226
horsemanship	6226
pensionable	6226
aviators	6226
transcribers	6226
destinies	6226
hardline	6226
sherbet	6226
safekeeping	6226
cfda	6226
thyroxine	6226
instal	6226
vernier	6226
nutritive	6226
unconsolidated	6226
berserker	6226
polyphony	6226
hurrying	6226
dissociative	6226
hotbed	6226
tepid	6226
inessential	6226
lci	6226
breaded	6226
heya	6226
overestimated	6226
gusher	6226
sledgehammer	6226
opportune	6226
hyperthermia	6226
intuitions	6226
blowouts	6226
dissuade	6226
arbroath	6226
gatherers	6226
slurs	6226
uncomment	6226
conformations	6226
doula	6226
hemmed	6226
revegetation	6226
malate	6226
diskless	6226
pomfret	6226
microelectronic	6226
soundscapes	6226
personified	6226
nibbles	6226
cornice	6226
smock	6226
overpopulation	6226
pliocene	6226
overclockers	6226
musket	6226
sired	6226
xhosa	6226
novation	6226
whisperer	6226
beautify	6226
tannery	6226
sooty	6226
buckled	6226
purveyor	6226
telomere	6226
obfuscation	6226
kindled	6226
needlecraft	6226
demystifying	6226
cubby	6226
provencal	6226
chemotaxis	6226
premised	6226
brachytherapy	6226
pentathlon	6226
thallium	6226
failsafe	6226
stairways	6226
porky	6226
barbiturates	6226
methodists	6226
henchmen	6225
cuddling	6225
worksop	6225
attenuators	6225
spinoff	6225
naloxone	6225
questioner	6225
biofilm	6225
repute	6225
nakedness	6225
scabbard	6225
covet	6225
somatostatin	6225
debe	6225
rippling	6225
dietician	6225
handrail	6225
signposts	6225
rationalism	6225
rimless	6225
wistful	6225
buh	6225
knickerbocker	6225
lifeblood	6225
autonomously	6225
admires	6225
moronic	6225
hissed	6225
macrovision	6225
overpowered	6225
acidification	6225
pervades	6225
multicasting	6225
goji	6225
tirade	6225
regurgitation	6225
alfresco	6225
laureates	6225
sellout	6225
psychoactive	6225
elucidation	6225
inpatients	6225
prongs	6225
fumbled	6225
loungewear	6225
confided	6225
raters	6225
escalators	6225
mumbling	6225
sweatpants	6225
redbirds	6225
abstaining	6225
lancers	6225
infectivity	6225
gyros	6225
upwelling	6225
confederates	6225
paladins	6225
marsala	6225
spillover	6225
continuations	6225
stretchers	6225
contractile	6225
toenails	6225
elasticated	6225
wannabes	6225
terminators	6225
upsurge	6225
peewee	6225
inequitable	6225
multithreading	6225
minty	6225
reptilian	6225
infinitum	6225
misnomer	6225
harpenden	6225
braiding	6225
justo	6225
tooltips	6225
ointments	6225
limericks	6225
organometallic	6225
conger	6225
tugging	6225
odorless	6225
heckler	6225
fissile	6225
opulence	6225
guardsmen	6225
organelles	6225
gastronomic	6225
unease	6225
dictatorships	6225
centigrade	6225
dismissals	6225
woodpeckers	6225
parkers	6225
carphone	6225
coursing	6225
hopkinsville	6225
ornithological	6225
patrician	6225
tourniquet	6225
assistantship	6225
loons	6225
windshields	6225
operandi	6225
dongguan	6225
whippet	6225
melodramatic	6225
microsomes	6224
moonlighting	6224
inexperience	6224
chicane	6224
rime	6224
feedlot	6224
casement	6224
gamelan	6224
foursomes	6224
serially	6224
dispersive	6224
earplugs	6224
apprised	6224
prosecutorial	6224
cored	6224
thoughtless	6224
comparer	6224
goad	6224
rehabilitating	6224
munchies	6224
parle	6224
satori	6224
upturn	6224
misalignment	6224
muddle	6224
levites	6224
racketeering	6224
billericay	6224
generalizing	6224
sheared	6224
blasphemous	6224
sry	6224
statutorily	6224
unaided	6224
candidature	6224
bladed	6224
bailed	6224
curried	6224
gamepads	6224
clapped	6224
progestin	6224
evolutionists	6224
hotkeys	6224
squishy	6224
beavercreek	6224
greenies	6224
maximizer	6224
blockages	6224
boggle	6224
fatherland	6224
parasailing	6224
evergreens	6224
ight	6224
myasthenia	6224
exudes	6224
recede	6224
buzzards	6224
torsional	6224
orpington	6224
dears	6224
shamans	6224
swanky	6224
pantothenic	6224
marxists	6224
sterol	6224
smocked	6224
masterfully	6224
penumbra	6224
backyards	6224
spry	6224
objets	6224
faulted	6224
mastic	6224
spermatozoa	6224
maggots	6224
bongos	6224
hominem	6224
genitourinary	6224
tints	6224
waver	6224
handkerchiefs	6224
caning	6224
pathnames	6224
snagged	6224
punishes	6224
trifecta	6224
incisions	6224
salut	6224
carboxylase	6224
decennial	6224
docent	6224
disciplining	6224
herbalist	6224
subrogation	6224
acquiescence	6224
disaffected	6224
anticoagulants	6224
mitochondrion	6224
forename	6224
conic	6224
charlatans	6224
bexhill	6224
neoliberal	6224
bares	6224
manors	6224
chronicled	6224
lapidary	6224
strum	6224
inundation	6224
resistances	6224
caraway	6223
brb	6223
curatorial	6223
earshot	6223
omens	6223
physiologically	6223
sublicense	6223
sailer	6223
rheum	6223
vanes	6223
purina	6223
batsmen	6223
appaloosa	6223
trackballs	6223
regedit	6223
multiverse	6223
turbos	6223
eights	6223
effervescent	6223
teleconferences	6223
sappy	6223
holyhead	6223
widnes	6223
transfiguration	6223
skimmers	6223
ferritin	6223
bluestone	6223
punctured	6223
coughed	6223
investigatory	6223
reductive	6223
reassembly	6223
leftmost	6223
repaying	6223
filial	6223
pavlov	6223
heliport	6223
carillon	6223
hydrants	6223
streaking	6223
mocks	6223
thiamin	6223
pronouncement	6223
refrained	6223
tugboat	6223
borage	6223
slewing	6223
deanery	6223
kibbutz	6223
equalized	6223
shallower	6223
cortisone	6223
patriarchs	6223
polycyclic	6223
subspaces	6223
grandkids	6223
bedwetting	6223
mattoon	6223
natty	6223
contralateral	6223
respectability	6223
newb	6223
commode	6223
posers	6223
radiometric	6223
sneaks	6223
overeating	6223
overbearing	6223
aspidistra	6223
townspeople	6223
adoring	6223
trodden	6223
atherosclerotic	6223
cowgirls	6223
administrated	6223
huskers	6223
decoupled	6223
referenda	6223
ventilators	6223
stockpiling	6223
soundstage	6223
debited	6223
diktat	6223
reaped	6223
bequeathed	6223
colormap	6223
pinko	6223
grumbling	6223
orin	6223
flatulence	6223
elude	6223
grok	6223
popsicle	6223
decently	6223
airstream	6223
chainsaws	6223
metaphorically	6223
tripe	6223
cicada	6223
saguaro	6223
chlorides	6223
glitters	6223
austerity	6223
shorthair	6223
spondylitis	6223
didgeridoo	6223
workington	6223
enjoin	6223
boyish	6223
coot	6223
haloperidol	6222
egotistical	6222
neared	6222
cobras	6222
reaming	6222
euphemism	6222
saran	6222
synchronizes	6222
diverging	6222
bento	6222
bantu	6222
biphenyls	6222
megaphone	6222
uninvited	6222
cantaloupe	6222
hallandale	6222
neuroendocrine	6222
carburetors	6222
carvers	6222
comatose	6222
liven	6222
trappers	6222
aniline	6222
prednisolone	6222
androgens	6222
inclusiveness	6222
decodes	6222
misprints	6222
spilt	6222
forgetful	6222
conceding	6222
brightened	6222
dunks	6222
inconveniences	6222
tricyclic	6222
grater	6222
hydrogeology	6222
peyote	6222
gyration	6222
caesarean	6222
alderney	6222
furosemide	6222
anorexic	6222
bushfire	6222
pathfinders	6222
reshuffle	6222
trombones	6222
oxalate	6222
evinced	6222
jabs	6222
aristo	6222
photogenic	6222
nonferrous	6222
uneasiness	6222
confusingly	6222
afresh	6222
freesia	6222
dockside	6222
condensers	6222
muskie	6222
manzanita	6222
bunks	6222
ducked	6222
thalamus	6222
situate	6222
steppers	6222
vaccinia	6222
escapade	6222
loomed	6222
spaceships	6222
throttling	6222
madrigal	6222
oink	6222
clamor	6222
devises	6222
biomedicine	6222
speedster	6222
ditched	6222
homicidal	6222
mesenteric	6222
evapotranspiration	6222
signpost	6222
saturate	6222
dyne	6222
trenching	6222
pews	6222
reducers	6222
workhouse	6222
jacuzzis	6222
sensitively	6222
reseda	6222
peeve	6222
deterring	6222
polyhedron	6222
conestoga	6222
discharger	6222
gutsy	6222
glucocorticoids	6222
trillions	6222
unorganized	6222
discriminates	6222
preinstalled	6222
whalers	6222
predeceased	6222
wrester	6222
smuggle	6222
laboring	6222
anadromous	6222
nooks	6222
centralize	6222
accrues	6222
roadmaps	6221
wud	6221
autocratic	6221
cfos	6221
teenaged	6221
hiccup	6221
titania	6221
tabriz	6221
pulsatile	6221
flavin	6221
interfaced	6221
overheat	6221
plasmon	6221
optometric	6221
shyly	6221
simulcast	6221
counterclaim	6221
stewed	6221
hydrates	6221
topoisomerase	6221
fingernail	6221
americano	6221
ultrafast	6221
scone	6221
disguises	6221
angstroms	6221
stowed	6221
unmanageable	6221
eep	6221
pidgin	6221
denunciation	6221
squeal	6221
brae	6221
ducking	6221
throb	6221
scorch	6221
chavs	6221
roadkill	6221
goodbyes	6221
perusing	6221
duels	6221
villainous	6221
reexamination	6221
mesozoic	6221
sanitizing	6221
cellist	6221
pythagorean	6221
elderberry	6221
paramilitaries	6221
anglicans	6221
terrazzo	6221
traineeship	6221
steadfastly	6221
interferences	6221
bookbinding	6221
rusting	6221
slicker	6221
abstention	6221
conservationist	6221
bandwidths	6221
reconvened	6221
radiates	6221
disjunction	6221
subfolders	6221
lifesaver	6221
genealogies	6221
hemmer	6221
ruthlessly	6221
internalization	6221
lovelock	6221
falsify	6221
ratifying	6221
swagger	6221
preservice	6221
flicked	6221
windjammer	6221
voltmeter	6221
emigrate	6221
houseplants	6221
alleluia	6221
homeobox	6221
farmworkers	6221
syntactically	6221
accomplices	6221
marihuana	6221
hadrons	6221
backtrace	6221
hellcat	6221
shims	6221
leisurewear	6221
cheetahs	6221
structs	6221
bata	6221
marketability	6221
deadlocked	6221
nonproprietary	6221
subtopics	6221
monocyte	6221
mandrel	6221
solidification	6221
valine	6221
rednecks	6221
biogeochemical	6221
actinic	6221
recompiled	6221
promethazine	6221
manipulators	6221
toothless	6221
rabbinical	6221
spellcheck	6221
offload	6221
frankincense	6220
creosote	6220
cloakroom	6220
commendations	6220
comprehended	6220
textural	6220
ponchos	6220
detours	6220
nanyang	6220
nannofossils	6220
peps	6220
bravest	6220
mumbo	6220
crevice	6220
waitlist	6220
miler	6220
gunpoint	6220
dimers	6220
biogenic	6220
skeins	6220
grownups	6220
telltale	6220
evict	6220
typewritten	6220
progenitors	6220
crips	6220
hummus	6220
foxtail	6220
forges	6220
jots	6220
beachwear	6220
loosed	6220
madcap	6220
neigh	6220
erstellen	6220
hypoxic	6220
persecute	6220
couturier	6220
impersonator	6220
dedicates	6220
unworkable	6220
crabby	6220
voracious	6220
becton	6220
cliffhanger	6220
burlap	6220
phagocytosis	6220
rescuer	6220
miscarriages	6220
massacred	6220
bookplate	6220
asynchronously	6220
propyl	6220
sequelae	6220
aqualung	6220
skinhead	6220
excrement	6220
amyotrophic	6220
signification	6220
quarrels	6220
remoteness	6220
togetherness	6220
lml	6220
sanctus	6220
dollhouses	6220
bris	6220
hematoma	6220
yamagata	6220
barcoding	6220
luteinizing	6220
dihedral	6220
evidencing	6220
equips	6220
gots	6220
balmy	6220
splinters	6220
podiatrist	6220
gymnasiums	6220
internationalized	6220
resonators	6220
epithet	6220
senescence	6220
builtins	6220
blonds	6220
paraprofessionals	6220
unimpressed	6220
ravenous	6220
contravene	6220
mandolins	6220
subpopulations	6220
overplay	6220
elution	6220
wreckers	6220
mongols	6220
camphor	6220
savagery	6220
navigated	6220
dieppe	6220
mies	6220
protectionist	6220
pretensions	6220
thunders	6220
munger	6220
clindamycin	6220
okayama	6220
councilors	6220
koto	6220
kiri	6220
dozier	6220
comings	6220
prokaryotic	6220
windproof	6219
timekeeper	6219
godspeed	6219
enforcers	6219
crinkle	6219
inversions	6219
farthing	6219
edibles	6219
crevices	6219
wringing	6219
superpowers	6219
cambs	6219
ardennes	6219
naturism	6219
understory	6219
collegian	6219
tearful	6219
evangelization	6219
betwixt	6219
molesting	6219
unmistakably	6219
postsynaptic	6219
subpoenaed	6219
interleaving	6219
actuals	6219
psychotherapists	6219
ruminant	6219
heterologous	6219
massed	6219
toots	6219
dyspnea	6219
salicylic	6219
plucking	6219
gleneagles	6219
cleartext	6219
zesty	6219
rickshaw	6219
formalization	6219
interpolate	6219
shires	6219
mantels	6219
slavonic	6219
stomper	6219
naphthalene	6219
notepads	6219
silencers	6219
reprimanded	6219
rebelled	6219
thunderous	6219
fabulously	6219
overblown	6219
vasopressin	6219
encloses	6219
sorties	6219
claymore	6219
cantatas	6219
hyphenation	6219
revives	6219
toleration	6219
suitors	6219
blacksmithing	6219
forking	6219
wiggly	6219
plop	6219
genocidal	6219
minutiae	6219
dissipative	6219
calcification	6219
caseworker	6219
deviated	6219
intravascular	6219
cybernetic	6219
exerciser	6219
sleight	6219
spectrograph	6219
velveteen	6219
solitons	6219
drogheda	6219
nonpayment	6219
tricot	6219
shutoff	6219
headlined	6219
skirted	6219
coachman	6219
bigots	6219
daybook	6219
snowballs	6219
elucidated	6219
reappeared	6219
comprehending	6219
reckons	6219
inexhaustible	6219
manipulates	6219
puzzler	6219
canny	6219
fainted	6219
segura	6219
pianoforte	6219
faversham	6219
rifts	6219
fleshed	6219
tracksuits	6219
haywards	6219
winking	6219
mastodon	6219
clarinets	6219
telephonic	6219
isight	6219
wallaby	6219
racecourses	6219
exemplars	6219
straights	6219
thimerosal	6218
firmament	6218
vroom	6218
ribonuclease	6218
taiga	6218
cerulean	6218
hovers	6218
bilberry	6218
grossed	6218
interrelationship	6218
cottons	6218
thoroughness	6218
articulates	6218
confessor	6218
gooseberry	6218
aimlessly	6218
ligature	6218
endometrium	6218
sagittal	6218
touchpoint	6218
mld	6218
pronouncing	6218
mulled	6218
dazzled	6218
inborn	6218
rohr	6218
consuls	6218
weeklong	6218
faulting	6218
reblog	6218
thrusters	6218
bellwood	6218
newness	6218
ascetic	6218
bearable	6218
attesting	6218
uninspired	6218
khalifa	6218
russet	6218
rumen	6218
specie	6218
mechs	6218
reminiscing	6218
eligibles	6218
gilder	6218
hiltons	6218
krill	6218
hothouse	6218
milkweed	6218
incas	6218
patella	6218
skein	6218
tans	6218
reflow	6218
morphs	6218
slicers	6218
nonhuman	6218
eyewitnesses	6218
mettle	6218
moldy	6218
bodysuit	6218
quantifiers	6218
relegation	6218
endeavored	6218
enalapril	6218
placket	6218
inflorescence	6218
matin	6218
chipmunks	6218
halogenated	6218
demonstrative	6218
arthropod	6218
levodopa	6218
formate	6218
insets	6218
seis	6218
lysate	6218
bobblehead	6218
bigoted	6218
formers	6218
discordant	6218
lilacs	6218
uprights	6218
levying	6218
forearms	6218
misdiagnosis	6218
proteolysis	6218
copywriters	6218
mortician	6218
quickies	6218
bethnal	6218
oriel	6218
nines	6218
ballparks	6218
nonempty	6218
buoyed	6218
slurping	6218
resorption	6218
malady	6218
inhibitions	6218
orpheum	6218
antimatter	6218
centerstage	6218
autostart	6218
electromagnetism	6218
brahmin	6218
grandsons	6218
taverna	6218
mashup	6218
tempers	6218
quinine	6218
pedophilia	6217
thirtieth	6217
illegality	6217
paraphrased	6217
olefin	6217
ascorbate	6217
parkas	6217
beanstalk	6217
retroviruses	6217
grog	6217
radially	6217
signposted	6217
radioimmunoassay	6217
stigmata	6217
fester	6217
spey	6217
bushland	6217
pathologies	6217
permeated	6217
gtl	6217
cadastral	6217
immunosuppression	6217
retards	6217
convexity	6217
resentful	6217
headlands	6217
mell	6217
complementation	6217
saintly	6217
envisages	6217
auditioning	6217
picnicking	6217
aught	6217
adjuncts	6217
coronavirus	6217
shorebirds	6217
cryptology	6217
scribbles	6217
gangland	6217
roseau	6217
unban	6217
nonfat	6217
helmer	6217
narco	6217
grubby	6217
wooing	6217
backroads	6217
conjunctions	6217
bluebell	6217
diethyl	6217
embellish	6217
hippos	6217
telepathic	6217
disinfect	6217
moonlit	6217
intercepting	6217
melange	6217
denounces	6217
croissant	6217
hoopla	6217
gules	6217
costumed	6217
trilateral	6217
watermarked	6217
vacuolar	6217
quarterfinal	6217
obstetrical	6217
perfecto	6217
operability	6217
prequalify	6217
dedications	6217
metoprolol	6217
recurrences	6217
ulceration	6217
aftertaste	6217
dampened	6217
stalkers	6217
corks	6217
obscuring	6217
methacrylate	6217
demoted	6217
nullify	6217
plows	6217
refines	6217
infarct	6217
tricking	6217
liquidating	6217
compacting	6217
corroborate	6217
acce	6217
shuffles	6217
aborts	6217
waker	6217
folklife	6217
envied	6217
dirtiest	6217
chins	6217
psychosomatic	6217
kidnappings	6217
coring	6217
frictional	6217
runt	6217
rezone	6217
nursed	6217
monolayers	6217
placeholders	6217
squirm	6217
philately	6217
repairable	6217
prefectural	6217
loathsome	6217
disequilibrium	6217
springbok	6217
althea	6216
revolutionizing	6216
trippy	6216
twisters	6216
harmonizing	6216
icebergs	6216
sacking	6216
skinless	6216
sauerkraut	6216
costuming	6216
clapper	6216
settee	6216
driest	6216
inver	6216
substations	6216
beautician	6216
syntheses	6216
underpaid	6216
vaca	6216
stealthy	6216
gentamicin	6216
upswing	6216
flaunt	6216
interrogators	6216
didi	6216
doubleheader	6216
mistaking	6216
hooligan	6216
packagers	6216
teledyne	6216
mdd	6216
dasher	6216
gunnery	6216
dyspepsia	6216
perms	6216
digestible	6216
reaver	6216
akan	6216
augments	6216
tryst	6216
unsweetened	6216
daydreams	6216
cede	6216
fluorite	6216
pyrolysis	6216
convenes	6216
sonography	6216
annihilate	6216
callus	6216
apologist	6216
gynecologist	6216
tartrate	6216
candidly	6216
honorably	6216
shifty	6216
caliban	6216
attentional	6216
orphanages	6216
fossa	6216
olli	6216
deceptions	6216
snorted	6216
upwind	6216
shivered	6216
teem	6216
replenished	6216
overexposure	6216
nymphos	6216
neutropenia	6216
massless	6216
assailants	6216
fitment	6216
degeneracy	6216
neanderthal	6216
lemming	6216
laminin	6216
appends	6216
neurotoxicity	6216
consummated	6216
lipopolysaccharide	6216
cyanobacteria	6216
extranets	6216
morphisms	6216
cotes	6216
geostationary	6216
insurable	6216
obstinate	6216
multiparty	6216
earthwork	6216
artesian	6216
jeopardized	6216
retinoblastoma	6216
pipelined	6216
backdoors	6216
serology	6216
disoriented	6216
alphabetized	6216
buttock	6216
ergodic	6216
superseding	6216
retrace	6216
glasshouse	6216
revolvers	6216
broadcasted	6216
lurch	6216
medallist	6216
gregarious	6216
inductees	6216
torrential	6216
jetway	6216
superset	6216
bonk	6216
electroweak	6215
nightgown	6215
splurge	6215
bombard	6215
magpies	6215
missus	6215
mystified	6215
hashed	6215
drooping	6215
quash	6215
adjudicate	6215
inconsiderate	6215
highchairs	6215
mousetrap	6215
dox	6215
hokey	6215
endocytosis	6215
swirled	6215
ramses	6215
dlopen	6215
darted	6215
warlike	6215
participative	6215
preprinted	6215
colons	6215
duos	6215
wheatgrass	6215
supplication	6215
fretted	6215
begonia	6215
screamer	6215
declarant	6215
practicals	6215
rifampin	6215
gauged	6215
posthumously	6215
dieters	6215
suet	6215
overhanging	6215
impropriety	6215
maligned	6215
repackaged	6215
castries	6215
roaches	6215
nought	6215
barbarous	6215
expressiveness	6215
sinker	6215
unpredictability	6215
dux	6215
eggnog	6215
pulsars	6215
cording	6215
scepter	6215
aphrodisiacs	6215
lxi	6215
writhing	6215
acas	6215
scrapie	6215
malamute	6215
enticed	6215
backhaul	6215
schmuck	6215
mufti	6215
ironclad	6215
gasps	6215
poliovirus	6215
exclaim	6215
rehash	6215
littering	6215
petaling	6215
dccc	6215
enlace	6215
confucian	6215
vestiges	6215
rustling	6215
septa	6215
brainwave	6215
clavier	6215
purist	6215
recaptured	6215
freestone	6215
formulaic	6215
earthworm	6215
phonemes	6215
marauders	6215
nanos	6215
spars	6215
delisting	6215
dished	6215
corned	6215
lifeguards	6215
antiserum	6215
birthweight	6215
howls	6215
seismicity	6215
answerable	6215
inky	6215
triplicate	6215
pectoral	6215
sneer	6215
stickiness	6215
cataclysmic	6215
curia	6215
hustlers	6215
bridlington	6215
allay	6215
derision	6215
esher	6215
unlogged	6215
parachuting	6215
dutifully	6215
installable	6215
resampling	6214
tamils	6214
honoree	6214
octavo	6214
orangutan	6214
jerrold	6214
maddening	6214
nontoxic	6214
falconry	6214
lexicons	6214
backboard	6214
bailout	6214
preconceptions	6214
middlemen	6214
plundered	6214
marchers	6214
reformatting	6214
bicolor	6214
credenza	6214
decry	6214
felixstowe	6214
annulus	6214
newtons	6214
conspirator	6214
luring	6214
promiscuity	6214
transitioned	6214
gallantry	6214
hewn	6214
whisked	6214
outcrops	6214
interlocutory	6214
desertion	6214
reemployment	6214
flirts	6214
alga	6214
acrobatics	6214
witted	6214
katakana	6214
arguable	6214
eclampsia	6214
demotion	6214
yow	6214
wherewith	6214
siliceous	6214
sailfish	6214
circulates	6214
manatees	6214
signore	6214
coldly	6214
unencrypted	6214
fenugreek	6214
envoys	6214
meteorologists	6214
restorer	6214
botulism	6214
pyridoxine	6214
staves	6214
vedanta	6214
coldness	6214
depolarization	6214
spellbinding	6214
grouchy	6214
valances	6214
sizer	6214
mobster	6214
devizes	6214
throwable	6214
croats	6214
avowed	6214
luminaires	6214
gusty	6214
oodles	6214
brazier	6214
castaways	6214
archon	6214
internationalist	6214
godliness	6214
docile	6214
prostatectomy	6214
maliciously	6214
showmanship	6214
vole	6214
clutched	6214
cantons	6214
enveloping	6214
wrights	6214
sunscreens	6214
refi	6214
tangles	6214
sucky	6214
scrivener	6214
parador	6214
meanest	6214
aerobatic	6214
carabiners	6214
refutes	6214
subsequence	6214
sexier	6214
cardioid	6214
hollows	6214
decile	6214
luckiest	6214
reprogramming	6214
slipstream	6214
officiate	6214
mumble	6214
minimax	6214
subspecialty	6214
goosebumps	6214
biannual	6214
congeniality	6214
vasculitis	6214
complicit	6213
substantiation	6213
capitation	6213
songbirds	6213
oppress	6213
ecce	6213
grandfathers	6213
weatherman	6213
usury	6213
coverup	6213
aldehydes	6213
greedily	6213
streptomycin	6213
reevaluate	6213
padlocks	6213
vizier	6213
antebellum	6213
argonaut	6213
nostril	6213
impedes	6213
tombstones	6213
roadie	6213
wavering	6213
dopaminergic	6213
barbarism	6213
staphylococcal	6213
autobiographies	6213
smalls	6213
hairstylists	6213
hooch	6213
razorback	6213
ands	6213
playboys	6213
alway	6213
surmise	6213
clawfoot	6213
blanch	6213
mbar	6213
inscrutable	6213
antialiasing	6213
mugger	6213
syne	6213
xxxii	6213
underbelly	6213
crewed	6213
groomer	6213
saluted	6213
reducible	6213
protectorate	6213
hieroglyphics	6213
evacuations	6213
materialist	6213
landlady	6213
potentiation	6213
vertebra	6213
dartboard	6213
blameless	6213
newsagent	6213
polenta	6213
absurdly	6213
garnished	6213
probative	6213
scallions	6213
whitelist	6213
corporeal	6213
passivity	6213
partiality	6213
circumscribed	6213
sabers	6213
roundabouts	6213
steno	6213
octaves	6213
disposes	6213
emanate	6213
staffroom	6213
volgograd	6213
prefetching	6213
rummage	6213
objectivism	6213
legalities	6213
headstrong	6213
plies	6213
championing	6213
aiea	6213
losartan	6213
politicos	6213
bumbling	6213
pickling	6213
refuting	6213
privatizing	6213
scantily	6213
multiport	6213
makings	6213
befriended	6213
ductal	6213
tendonitis	6213
professing	6213
nestling	6213
immortalized	6213
leper	6213
animus	6213
dimple	6213
starches	6213
handbrake	6213
noblest	6213
urologists	6213
levitation	6213
montelukast	6213
supine	6213
marrero	6213
bloodthirsty	6213
derailleurs	6213
weightings	6213
suey	6212
squint	6212
jackrabbit	6212
mistyped	6212
vitals	6212
glasnost	6212
lysosomal	6212
oldie	6212
lamenting	6212
tater	6212
reaffirming	6212
khakis	6212
methylphenidate	6212
vindictive	6212
bobbins	6212
megabits	6212
splenic	6212
overtook	6212
electrocardiography	6212
pyrimidine	6212
triptych	6212
rifleman	6212
ansonia	6212
triumphed	6212
scanty	6212
difficile	6212
tankini	6212
maxed	6212
overloads	6212
marmite	6212
vagaries	6212
undaunted	6212
hemming	6212
defiled	6212
stillborn	6212
faltering	6212
saracens	6212
dede	6212
overrule	6212
humanists	6212
discounters	6212
eke	6212
constructivism	6212
triceps	6212
obstetrician	6212
conceited	6212
gabapentin	6212
neonate	6212
rainmaker	6212
laymen	6212
shopkeepers	6212
mortification	6212
monogamy	6212
roofers	6212
treehugger	6212
deadman	6212
combats	6212
indulgences	6212
aquaria	6212
fattening	6212
drench	6212
stupidest	6212
metafile	6212
revisits	6212
legibly	6212
sase	6212
digesting	6212
autoupdate	6212
undelivered	6212
cupola	6212
uncontrollably	6212
impermissible	6212
crocheting	6212
canst	6212
flan	6212
idleness	6212
arbitrate	6212
muons	6212
cvi	6212
redheaded	6212
peritonitis	6212
lunge	6212
closers	6212
minuet	6212
entombed	6212
undergrads	6212
diverged	6212
spouts	6212
pontifical	6212
nicene	6212
glided	6212
tetrachloride	6212
shuffleboard	6212
craziest	6212
sleeplessness	6212
swale	6212
axed	6212
overdone	6212
socratic	6212
ripoff	6212
reevaluation	6212
revulsion	6212
rosamond	6212
asslicking	6212
jags	6212
largos	6212
overheated	6212
demobilization	6212
goldenseal	6212
deflectors	6212
fishhooks	6212
cleanses	6212
secondment	6212
porpoise	6212
backless	6211
oligarchy	6211
inguinal	6211
herbivores	6211
unregister	6211
clothings	6211
rollup	6211
spammed	6211
hosed	6211
elitists	6211
psychical	6211
doormat	6211
rives	6211
mycology	6211
ryegrass	6211
heartedly	6211
dribbling	6211
celadon	6211
bleh	6211
mouthwash	6211
liquefaction	6211
troglodytes	6211
timpani	6211
fanned	6211
wagging	6211
bookmarklets	6211
germinate	6211
fastback	6211
chrysanthemums	6211
wrens	6211
volcanism	6211
ruminants	6211
misdeeds	6211
farrier	6211
earnestness	6211
wetted	6211
tenon	6211
shockers	6211
uighur	6211
monolingual	6211
undercurrent	6211
allocable	6211
wuxi	6211
steerage	6211
quip	6211
pacesetter	6211
taxonomies	6211
novae	6211
ballers	6211
denatured	6211
subjectively	6211
disrepair	6211
filamentous	6211
timecode	6211
polyp	6211
incompressible	6211
granary	6211
ecliptic	6211
befitting	6211
bolsheviks	6211
podcasters	6211
microsomal	6211
statuses	6211
expandability	6211
whitish	6211
melanin	6211
irreconcilable	6211
authentically	6211
giveth	6211
divorcing	6211
concocted	6211
schnapps	6211
gargantuan	6211
essayist	6211
chdir	6211
wallop	6211
carports	6211
supranational	6211
epicurean	6211
leaver	6211
marginalization	6211
misrepresenting	6211
mujahideen	6211
blacked	6211
pollster	6211
colloids	6211
minesweeper	6211
subprogram	6211
dowsing	6211
refit	6211
dosed	6211
headpiece	6211
bookies	6211
terrains	6211
unwashed	6211
detaining	6211
oaf	6211
virtuosity	6211
interscholastic	6211
exmoor	6211
ldi	6211
shod	6211
magnolias	6211
precompiled	6211
oratorio	6211
befall	6211
appurtenances	6211
figment	6211
anodes	6211
wearily	6211
northernmost	6211
enchanter	6211
foyle	6211
glazier	6211
theistic	6210
unscientific	6210
withstood	6210
permeation	6210
playpen	6210
anchovy	6210
heaviness	6210
pucks	6210
statehouse	6210
knapsack	6210
mallee	6210
brachial	6210
eroticism	6210
sammie	6210
consciences	6210
tourneys	6210
hotshot	6210
extinctions	6210
rolland	6210
tenderers	6210
remodels	6210
prototypical	6210
inflected	6210
kerns	6210
linseed	6210
inlining	6210
jeopardizing	6210
staccato	6210
isoniazid	6210
polyhedral	6210
hostnames	6210
downsides	6210
dels	6210
waistline	6210
trogon	6210
dodged	6210
nonimmigrant	6210
refusals	6210
supercars	6210
politicized	6210
mutational	6210
impermeable	6210
cacophony	6210
outrages	6210
vvv	6210
cuneiform	6210
footstool	6210
mitzvahs	6210
lectern	6210
romancing	6210
backscatter	6210
uncircumcised	6210
anticoagulation	6210
emblazoned	6210
duplicative	6210
gravitate	6210
wrangling	6210
finned	6210
dorcas	6210
looses	6210
confiscate	6210
catfight	6210
tablelands	6210
bloods	6210
cyberstore	6210
restorers	6210
storyboards	6210
mongrel	6210
vaccinate	6210
forewarned	6210
degenerated	6210
eventide	6210
hashish	6210
lymphoblastic	6210
glomerulonephritis	6210
iffy	6210
inhalers	6210
impairing	6210
dispossessed	6210
uncommitted	6210
meagre	6210
locomotor	6210
almanack	6210
mopping	6210
fantastical	6210
reconnecting	6210
chintz	6210
nebulous	6210
ouija	6210
slink	6210
kiva	6210
lineal	6210
chepstow	6210
misspelling	6210
gainful	6210
webcore	6210
aldrin	6210
orthodontists	6210
droll	6210
nondiscriminatory	6210
lessees	6210
benzoate	6210
lambswool	6210
citalopram	6210
grenadier	6210
anachronism	6210
methodically	6210
fluctuates	6210
stiffened	6210
athenians	6210
duplications	6210
sustainment	6210
protools	6210
whimper	6210
whomsoever	6210
viciously	6209
spinel	6209
snowboarder	6209
fiddlers	6209
callout	6209
endow	6209
monogamous	6209
patentable	6209
incised	6209
mohicans	6209
hypersonic	6209
indistinct	6209
counterbalance	6209
razed	6209
elicits	6209
dii	6209
redemptions	6209
nevirapine	6209
chlorination	6209
invents	6209
loungers	6209
flicking	6209
presynaptic	6209
spectrophotometer	6209
deductibility	6209
spaniels	6209
squeegee	6209
shatters	6209
panjabi	6209
manus	6209
tenfold	6209
bluefin	6209
neurosurgical	6209
jammers	6209
arcturus	6209
concertina	6209
scoured	6209
pretax	6209
desiccant	6209
bushido	6209
layaway	6209
pilsner	6209
knotty	6209
salmonids	6209
stewardess	6209
daydreaming	6209
cajuns	6209
furthered	6209
limnology	6209
intercoms	6209
chancel	6209
advantaged	6209
pontefract	6209
klutz	6209
bloodbath	6209
lamprey	6209
eliminations	6209
inexorably	6209
diverter	6209
merchandisers	6209
worships	6209
washout	6209
ironed	6209
bluesy	6209
biosensors	6209
sheetfed	6209
inhabits	6209
pigskin	6209
domestication	6209
amazonian	6209
textfield	6209
counterculture	6209
retold	6209
photog	6209
embeds	6209
oppositional	6209
appendage	6209
crustacean	6209
monotonicity	6209
geographer	6209
volant	6209
divestitures	6209
airwave	6209
recycles	6209
fusions	6209
joist	6209
tapper	6209
naphtha	6209
clairvoyance	6209
treetops	6209
debunked	6209
ductwork	6209
orthographic	6209
saki	6209
activations	6209
oversea	6209
mosquitos	6209
jeannine	6209
knick	6209
narrates	6209
girdles	6209
fizzy	6209
heartbroken	6209
trimethoprim	6209
mongo	6209
lameness	6209
digitizers	6209
offal	6209
smithy	6209
nastiest	6209
cementitious	6209
dawns	6209
mungo	6209
bannock	6209
couverture	6208
staid	6208
encircling	6208
crating	6208
ferrule	6208
tightrope	6208
ignites	6208
wove	6208
repainted	6208
pithy	6208
caressed	6208
infinitive	6208
natriuretic	6208
hysterically	6208
windsurf	6208
enrolls	6208
shortbread	6208
incantation	6208
whistleblowers	6208
blissfully	6208
shirk	6208
gratin	6208
opcodes	6208
kairos	6208
pangs	6208
monsignor	6208
caffeinated	6208
fulness	6208
croutons	6208
subproject	6208
domestics	6208
unpretentious	6208
poachers	6208
sounders	6208
galvanic	6208
datasources	6208
oof	6208
cornflower	6208
spanglish	6208
parlance	6208
lethargic	6208
drunkard	6208
monopole	6208
ribosomes	6208
conveyances	6208
anticompetitive	6208
majored	6208
catalyze	6208
nosocomial	6208
bronzes	6208
knell	6208
profited	6208
enchiladas	6208
amplifies	6208
startle	6208
heartbreakers	6208
snowbirds	6208
micrometers	6208
smashes	6208
exterminate	6208
erector	6208
buckshot	6208
electrodynamics	6208
drumsticks	6208
exalt	6208
gobi	6208
interludes	6208
paratrooper	6208
chalcedony	6208
caucasians	6208
erasable	6208
propellerhead	6208
bide	6208
suitor	6208
traditionalist	6208
intermissions	6208
cichlid	6208
juxtaposed	6208
awardee	6208
cruciate	6208
cmmi	6208
abad	6208
buckhorn	6208
rooming	6208
smallholder	6208
spiller	6208
bevy	6208
lithosphere	6208
reti	6208
gravelly	6208
forgings	6208
flowmeter	6208
bearcat	6208
inconspicuous	6208
creche	6208
excimer	6208
reconvene	6208
nori	6208
dismissive	6208
juste	6208
cashews	6208
toxoplasmosis	6208
soapstone	6208
psychopath	6208
liana	6208
wisps	6208
sandblasting	6208
opossum	6208
greenstone	6208
stockbrokers	6208
autoroute	6208
tickles	6208
outdraw	6208
interregional	6208
urbane	6208
powerboats	6207
kickbacks	6207
lurkers	6207
pipelining	6207
crampons	6207
sardine	6207
meshing	6207
meniscus	6207
diffusing	6207
resubmitted	6207
interstates	6207
stupor	6207
sexing	6207
menomonee	6207
gratuitously	6207
sagamore	6207
aimless	6207
renegotiation	6207
parfait	6207
theorizing	6207
scavengers	6207
flit	6207
quietness	6207
oaten	6207
pleats	6207
accede	6207
cosponsor	6207
celecoxib	6207
massaged	6207
measly	6207
folkways	6207
subdivide	6207
catharsis	6207
overshadow	6207
xli	6207
outplacement	6207
assignor	6207
cuddles	6207
dili	6207
sorters	6207
amortizing	6207
sangria	6207
antilock	6207
turnips	6207
raceways	6207
statuette	6207
burbs	6207
waterbed	6207
theobald	6207
zingy	6207
disburse	6207
scaleable	6207
laker	6207
dwindled	6207
elaborates	6207
dispenses	6207
fertilizing	6207
narcissist	6207
blackbody	6207
sextant	6207
stomped	6207
pontypridd	6207
falsehoods	6207
swampy	6207
orienting	6207
wast	6207
headstones	6207
donning	6207
catecholamines	6207
durum	6207
planers	6207
estancia	6207
viburnum	6207
mealtime	6207
biblically	6207
lustful	6207
irrelevance	6207
guano	6207
presbyterians	6207
doms	6207
mollusks	6207
worshiped	6207
duque	6207
grandad	6207
rebuked	6207
nonmember	6207
necrotic	6207
optronics	6207
buyouts	6207
cloisters	6207
everyplace	6207
luella	6207
presumptuous	6207
toothache	6207
misstatement	6207
papilloma	6207
phenols	6207
presage	6207
anasazi	6207
boars	6207
afore	6207
dour	6207
moistened	6207
kegs	6207
unadulterated	6207
fairytales	6207
reciprocate	6207
hegemonic	6207
exploitative	6207
ruislip	6207
urticaria	6207
neonatology	6207
nanoparticle	6207
nosy	6207
unacceptably	6207
holography	6207
psychomotor	6206
reinvest	6206
salmonid	6206
soli	6206
afforestation	6206
disincentive	6206
serenata	6206
turbocharger	6206
tidying	6206
smokies	6206
maypole	6206
begat	6206
liftoff	6206
roadworks	6206
sorbitol	6206
datura	6206
janna	6206
salamanders	6206
maneuverability	6206
stably	6206
propelling	6206
ripen	6206
lensing	6206
rekindle	6206
piglets	6206
suffocating	6206
litigated	6206
cinq	6206
xxxiii	6206
sweatshops	6206
lifers	6206
mongers	6206
igniting	6206
brawn	6206
frowning	6206
snacking	6206
cafeterias	6206
whiskies	6206
praetorian	6206
wyn	6206
annuitant	6206
periodontics	6206
breastfed	6206
ouster	6206
greases	6206
matchless	6206
refinish	6206
aether	6206
prohibitively	6206
broilers	6206
pacts	6206
cholinesterase	6206
deformable	6206
fortier	6206
dawgs	6206
boatman	6206
eigenvector	6206
sardar	6206
unconcerned	6206
newlywed	6206
heritability	6206
woulda	6206
overclocked	6206
dood	6206
negates	6206
metastable	6206
orthography	6206
putts	6206
semiotic	6206
shriners	6206
exterminator	6206
backbones	6206
misbehavior	6206
conjured	6206
assyrians	6206
acrylate	6206
alls	6206
holotype	6206
vaulting	6206
garnering	6206
bowtie	6206
syncope	6206
nuisances	6206
gossiping	6206
freshen	6206
tugged	6206
retrievals	6206
outdone	6206
instrumentalist	6206
sternum	6206
phosphorylase	6206
vibraphone	6206
iguanas	6206
detest	6206
hamming	6206
chainrings	6206
overwrites	6206
viscoelastic	6206
recirculating	6206
paraded	6206
desensitization	6206
trifling	6206
undergrowth	6206
enamored	6206
iteratively	6206
cuatro	6206
hardcovers	6206
stipe	6206
vigilantes	6206
toothpicks	6206
ulterior	6206
hardtail	6206
multimeters	6206
cryptologic	6206
downplay	6206
scapes	6205
asbestosis	6205
inbuilt	6205
recharger	6205
nipper	6205
whirled	6205
inventoried	6205
enthused	6205
dabs	6205
lenticular	6205
passim	6205
symbology	6205
sheetmetal	6205
enlists	6205
cavitation	6205
posy	6205
artisanal	6205
scintilla	6205
teardown	6205
lld	6205
jovial	6205
scoundrel	6205
pleurisy	6205
romany	6205
bagger	6205
motos	6205
xxxviii	6205
nailers	6205
graveside	6205
doody	6205
majolica	6205
cumulatively	6205
accursed	6205
detrital	6205
blaring	6205
engined	6205
duplicity	6205
rejuvenated	6205
meddle	6205
irrefutable	6205
tomboy	6205
exaltation	6205
retardants	6205
handiwork	6205
metabolized	6205
reappointed	6205
joyously	6205
spooler	6205
heaping	6205
dendrites	6205
chainmail	6205
strident	6205
googles	6205
oration	6205
grunted	6205
riche	6205
destabilize	6205
internationalism	6205
smokehouse	6205
benzoyl	6205
batts	6205
wampum	6205
hairpieces	6205
dreading	6205
sutras	6205
redemptive	6205
longitudinally	6205
endangers	6205
humorist	6205
grandfathered	6205
canard	6205
nourishes	6205
batched	6205
stylishly	6205
parallelization	6205
intelligentsia	6205
combative	6205
sunna	6205
autocomplete	6205
matura	6205
posited	6205
mandamus	6205
winked	6205
ditching	6205
briarwood	6205
otherworld	6205
unhappily	6205
rube	6205
chronometer	6205
flyby	6205
detonate	6205
squaring	6205
pennine	6205
leishmaniasis	6205
wring	6205
apparitions	6205
fiestas	6205
shrieking	6205
unwinding	6205
erst	6205
scurvy	6205
plumeria	6205
antisemitism	6205
peacocks	6205
wouldst	6205
stilt	6205
lenten	6205
snowboarders	6205
pocketed	6205
enormity	6205
potentiometers	6205
coarser	6205
synchrony	6205
molester	6205
pavan	6205
overfishing	6205
markups	6204
ghee	6204
hypnotism	6204
cytosine	6204
dissociated	6204
exclaims	6204
gramps	6204
shimmy	6204
ceaseless	6204
reconnected	6204
emblematic	6204
microspheres	6204
fertilize	6204
challis	6204
raws	6204
disengage	6204
passcode	6204
transposon	6204
seeps	6204
aliquot	6204
guzzlers	6204
digitalis	6204
commonest	6204
outsell	6204
regains	6204
unreserved	6204
monotonically	6204
counterattack	6204
electrocardiogram	6204
azimuthal	6204
slims	6204
lessens	6204
judicially	6204
vend	6204
cobblers	6204
warners	6204
smattering	6204
cloudiness	6204
taunts	6204
backache	6204
stealthily	6204
lunchroom	6204
ripened	6204
cleverness	6204
roped	6204
sorcerers	6204
bani	6204
clang	6204
lela	6204
adaption	6204
nephritis	6204
pivots	6204
bandsaw	6204
toenail	6204
subtopic	6204
domiciliary	6204
selectman	6204
glowed	6204
waltzes	6204
undirected	6204
staton	6204
sunlit	6204
rediscovery	6204
attests	6204
parched	6204
peaceable	6204
refacing	6204
overdrafts	6204
hedgehogs	6204
stanzas	6204
rigger	6204
quebecois	6204
anopheles	6204
tonsils	6204
infuriated	6204
djinn	6204
asexual	6204
gaggle	6204
dismounted	6204
anesthesiologist	6204
saris	6204
fluctuated	6204
dormancy	6204
exacerbation	6204
griffins	6204
incongruous	6204
caseloads	6204
kindest	6204
cosponsored	6204
intervenes	6204
yuletide	6204
pipework	6204
terrorized	6204
thermocouples	6204
termcap	6204
rephrase	6204
monoculars	6204
bonnets	6204
paneled	6204
jungian	6204
soundscape	6204
bared	6204
rabe	6204
sciatic	6204
frenchmen	6204
multiphase	6204
silkworm	6204
flavorings	6204
militancy	6204
cathodic	6204
comorbidity	6204
sheaths	6204
palmistry	6204
callow	6204
chloroquine	6204
underfloor	6204
edicts	6204
demolitions	6203
jugular	6203
pimple	6203
picketing	6203
humus	6203
inattentive	6203
precession	6203
transmutation	6203
prosciutto	6203
evaporates	6203
sectioning	6203
bemused	6203
uninfected	6203
allograft	6203
hacksaw	6203
interexchange	6203
coonhound	6203
unexpended	6203
bashed	6203
sweeten	6203
confide	6203
voiceless	6203
uncluttered	6203
sombrero	6203
interrogator	6203
roadshows	6203
macaque	6203
headdress	6203
abut	6203
tannin	6203
motorcyclist	6203
lauds	6203
tornados	6203
palmers	6203
outcall	6203
footboard	6203
bideford	6203
chilies	6203
boughs	6203
spender	6203
educations	6203
anastomosis	6203
dermis	6203
overseers	6203
insureds	6203
presentment	6203
hierarchically	6203
sprigs	6203
eons	6203
suzette	6203
imposter	6203
authoritarianism	6203
summoner	6203
coverall	6203
contravenes	6203
nookie	6203
dimensioning	6203
perfumery	6203
farmlands	6203
habanero	6203
prudently	6203
foresees	6203
paratroopers	6203
luff	6203
stymie	6203
hilariously	6203
virago	6203
chicory	6203
antietam	6203
subsoil	6203
automorphism	6203
thresh	6203
patronizing	6203
presentable	6203
aberdare	6203
chablis	6203
unifies	6203
pales	6203
shortens	6203
teat	6203
dais	6203
fruitcake	6203
snooty	6203
elitism	6203
sultanate	6203
helicon	6203
adornment	6203
prematurity	6203
precipitating	6203
hepatocyte	6203
entomologist	6203
carwash	6203
hearken	6203
carpathian	6203
blain	6203
collegium	6203
tachyon	6203
insolence	6203
felts	6203
blockhead	6203
braless	6203
patting	6203
irritants	6203
tykes	6203
anemometer	6203
congas	6203
theosophical	6203
transversal	6203
elaborately	6203
trackside	6203
gaslight	6203
niobium	6203
presides	6203
divested	6203
pthreads	6203
handicappers	6203
pith	6202
transvaal	6202
gaff	6202
disintegrating	6202
traumas	6202
frock	6202
retrovirus	6202
kaboom	6202
disseminates	6202
watermelons	6202
flambeau	6202
biro	6202
doilies	6202
dusters	6202
railbirds	6202
silicones	6202
psyched	6202
flatmates	6202
starstruck	6202
fuming	6202
tangents	6202
chattel	6202
channelled	6202
wrest	6202
forgives	6202
waterless	6202
hypnotherapist	6202
gnosis	6202
powwow	6202
runic	6202
skewness	6202
functionals	6202
authenticates	6202
butlers	6202
transmissible	6202
schoolteacher	6202
perforations	6202
framer	6202
effectual	6202
polishers	6202
diluting	6202
unimproved	6202
arteriovenous	6202
afterburner	6202
deaminase	6202
paddled	6202
trisomy	6202
inkling	6202
floaters	6202
vigils	6202
dented	6202
footbridge	6202
gauntlets	6202
patria	6202
blacksmiths	6202
venlafaxine	6202
hardcoded	6202
grandaddy	6202
kush	6202
ploughing	6202
strummer	6202
parsimony	6202
typified	6202
clothesline	6202
arbutus	6202
polyhedra	6202
darting	6202
raunch	6202
copes	6202
tripper	6202
recto	6202
ashen	6202
pseudonyms	6202
chug	6202
peterhead	6202
overshoot	6202
ankylosing	6202
blunted	6202
pushers	6202
thiol	6202
snarl	6202
unlinked	6202
conjoint	6202
esthetics	6202
skewer	6202
pained	6202
liaising	6202
ramjet	6202
looker	6202
inexcusable	6202
laud	6202
buts	6202
mutterings	6202
provable	6202
heterocyclic	6202
precipice	6202
rollerblade	6202
recalcitrant	6202
nub	6202
thoughtfulness	6202
outmoded	6202
downgrading	6202
harshness	6202
peddle	6202
yellowfin	6202
ixi	6202
goer	6202
markdown	6202
enthralling	6202
limping	6202
refereeing	6202
spyglass	6202
empathize	6202
utters	6202
panned	6202
processions	6202
foodstuff	6202
gluttony	6201
eurozone	6201
kneading	6201
tiramisu	6201
prostatitis	6201
hahahahaha	6201
windowed	6201
commercialism	6201
womenswear	6201
crumbles	6201
unpatriotic	6201
templars	6201
wranglers	6201
peed	6201
bandstand	6201
frameless	6201
anionic	6201
faders	6201
digestibility	6201
archaea	6201
enquired	6201
cascaded	6201
aphorisms	6201
forages	6201
riffle	6201
syllabics	6201
chambered	6201
consumptive	6201
melancholic	6201
psh	6201
cathartic	6201
noisily	6201
corticotropin	6201
habilitation	6201
readjustment	6201
denaturation	6201
unaccountable	6201
trickling	6201
keratinocytes	6201
commoner	6201
reminiscence	6201
nuclease	6201
woodblock	6201
photodiode	6201
aflatoxin	6201
descendent	6201
invalidation	6201
recreates	6201
fetishism	6201
waned	6201
assented	6201
punky	6201
hybridized	6201
overcharged	6201
flagstone	6201
sulu	6201
genealogist	6201
pucker	6201
inferential	6201
otoh	6201
sanctify	6201
prerecorded	6201
maisonette	6201
misbehaving	6201
wearers	6201
kemps	6201
insolent	6201
supremacist	6201
plexiglass	6201
dystonia	6201
dispositive	6201
maryanne	6201
datalink	6201
orthonormal	6201
neuropathic	6201
homemaking	6201
finis	6201
brewpubs	6201
globetrotter	6201
comprehensiveness	6201
reclusive	6201
beastly	6201
psst	6201
fortresses	6201
substantively	6201
letdown	6201
matrons	6201
symbolizing	6201
nonesuch	6201
loraine	6201
boycotting	6201
brotha	6201
ghazal	6201
corridas	6201
solenoids	6201
legibility	6201
cyclopedia	6201
heresies	6201
arcanum	6201
annihilated	6201
schooler	6201
bods	6201
tardiness	6201
benchmarked	6201
birdsong	6201
compatibilities	6201
specks	6201
leggy	6201
yardbirds	6201
linearization	6201
solanum	6201
adventists	6201
businessperson	6201
incredulous	6201
suntan	6201
calvinist	6201
kaolin	6201
halon	6201
buckler	6200
flopping	6200
nathanael	6200
peal	6200
trawlers	6200
fincas	6200
availabilities	6200
newsmaker	6200
uncooperative	6200
fishnets	6200
adroit	6200
dereferencing	6200
dilettante	6200
perfused	6200
stickman	6200
belies	6200
flyover	6200
astrodome	6200
underfunded	6200
highchair	6200
crustacea	6200
peasantry	6200
reactant	6200
letterpress	6200
nulls	6200
oppressors	6200
baas	6200
washcloth	6200
caved	6200
corns	6200
faring	6200
proteomic	6200
racehorse	6200
melding	6200
lubricate	6200
poopy	6200
pinkish	6200
blurted	6200
tutelage	6200
balaclava	6200
merited	6200
stitcher	6200
spirituals	6200
oolong	6200
beatnik	6200
repack	6200
udon	6200
concretely	6200
playhouses	6200
allopurinol	6200
bursitis	6200
operatively	6200
prefectures	6200
shellac	6200
furthers	6200
wushu	6200
superfine	6200
datums	6200
